=== foundation ===
PYTHONPATH=/mnt/data/sip-authoritative-work/src:/mnt/data/sip-authoritative-work python tools/run_demo.py foundation
{
  "artifacts": [
    {
      "bytes": 25390,
      "path": "input/synthetic-room.sipcapture",
      "sha256": "c3d1de37f619040c9ebf0d7246145f97f46cc4be4fabdd01df8678e9de4180a9"
    },
    {
      "bytes": 31685,
      "path": "preservation.sip-preservation.zip",
      "sha256": "c47a5b67aa8ea341399bd44bf94af3eed56f1052fbb891f4b3fb20f1b577591d"
    },
    {
      "bytes": 292,
      "path": "restore-runtime/objects/58/1a/581afe4b7f9331eb597617068bd4e9cf4150421159e56a1ada07e803718d98f9.enc",
      "sha256": "5aa91626bf6c13f910df33a24ae88a229f38658406c179bec924b759d6854314"
    },
    {
      "bytes": 319,
      "path": "restore-runtime/objects/58/1a/581afe4b7f9331eb597617068bd4e9cf4150421159e56a1ada07e803718d98f9.meta.json",
      "sha256": "caf486d11904dc83ab9488a19d8a4d83fa4bdadd921b5b237687e32d9bd7f6f9"
    },
    {
      "bytes": 25406,
      "path": "restore-runtime/objects/c3/d1/c3d1de37f619040c9ebf0d7246145f97f46cc4be4fabdd01df8678e9de4180a9.enc",
      "sha256": "24f1e9eabc6f7f258ec837b3c0f4d6d356c23328fa96630f3da6187966b663bf"
    },
    {
      "bytes": 319,
      "path": "restore-runtime/objects/c3/d1/c3d1de37f619040c9ebf0d7246145f97f46cc4be4fabdd01df8678e9de4180a9.meta.json",
      "sha256": "06f7d352ac968a47516155d0f2ff5df3b3cd6ee6f2b09c60899b9f2205296e38"
    },
    {
      "bytes": 31701,
      "path": "restore-runtime/objects/c4/7a/c47a5b67aa8ea341399bd44bf94af3eed56f1052fbb891f4b3fb20f1b577591d.enc",
      "sha256": "53925a8e4cce3bddd18f700c5f9fcb88d1991d6e8aec4edcf8af01d6e529b506"
    },
    {
      "bytes": 319,
      "path": "restore-runtime/objects/c4/7a/c47a5b67aa8ea341399bd44bf94af3eed56f1052fbb891f4b3fb20f1b577591d.meta.json",
      "sha256": "948706ae3e243e0f49e8bda8f266da4af63d6af9c5699499b283d39db11e604c"
    },
    {
      "bytes": 1609728,
      "path": "restore-runtime/sip.sqlite3",
      "sha256": "2e84276dcbbdb5461692c6273b8d133c80b4f5239017e98bbc691a1a19694637"
    },
    {
      "bytes": 292,
      "path": "runtime/objects/58/1a/581afe4b7f9331eb597617068bd4e9cf4150421159e56a1ada07e803718d98f9.enc",
      "sha256": "53bac68b2ad0a0023f63bd7fc8abba75dd2bbce868b90fa79679b444cda97acd"
    },
    {
      "bytes": 319,
      "path": "runtime/objects/58/1a/581afe4b7f9331eb597617068bd4e9cf4150421159e56a1ada07e803718d98f9.meta.json",
      "sha256": "b44db8797d69099ca317758eeccad57cc6358c7f82a4cfd081aae3a16ef976b2"
    },
    {
      "bytes": 25406,
      "path": "runtime/objects/c3/d1/c3d1de37f619040c9ebf0d7246145f97f46cc4be4fabdd01df8678e9de4180a9.enc",
      "sha256": "fc7384aff81f90cea0d7e23c838aadca92488c01267d8f2042b1ece2531e88fa"
    },
    {
      "bytes": 319,
      "path": "runtime/objects/c3/d1/c3d1de37f619040c9ebf0d7246145f97f46cc4be4fabdd01df8678e9de4180a9.meta.json",
      "sha256": "814359355de45a7f21e2d4af13594cdfcbfae3f1ce786d55545a055113676972"
    },
    {
      "bytes": 1630208,
      "path": "runtime/sip.sqlite3",
      "sha256": "a83db43559dbf347fc1971784b0e6a0064c57202a3226fe5976f06ab7cc5071f"
    },
    {
      "bytes": 647,
      "path": "viewer-session.json",
      "sha256": "fdce1c3266a04f06e03f22626694bdf537d4d3134e473a0110786bfe2bf985c6"
    },
    {
      "bytes": 3041,
      "path": "viewer.html",
      "sha256": "d7eac68d60da9ede611fb823c1e07fc35ec723d7986845a4a4544a608a8bbd39"
    }
  ],
  "canonical_scenario": "foundation",
  "claims": "Synthetic acceptance evidence only; this is not a customer pilot, physical-device validation, survey, legal approval, or production-load result.",
  "demonstration": "foundation",
  "environment": {
    "git": {
      "commit": "8af0aafa0425b3f190b14fa63701990f0bd6d343",
      "dirty_paths": 348,
      "working_tree_clean": false
    },
    "platform": "Linux-6.12.13-x86_64-with-glibc2.41",
    "python": "3.13.5"
  },
  "error": null,
  "evidence_hash": "b597a1288fcb96a03b26bfa913521790cb72ca92a334ea299514b015305074a2",
  "finished_at": "2026-07-28T00:40:27.867983+00:00",
  "result": {
    "acceptance": {
      "cancel_proved": true,
      "matching_capture_hash": true,
      "matching_restore_root": true,
      "retry_resume_proved": true
    },
    "cancellation": {
      "operation_id": "d13895c8-6f9a-4684-be9c-9b2d48a6249a",
      "state": "cancelled"
    },
    "capture": {
      "archive_sha256": "c3d1de37f619040c9ebf0d7246145f97f46cc4be4fabdd01df8678e9de4180a9",
      "asset_count": 48,
      "capture_id": "synthetic-room-42-16",
      "checks": [
        {
          "byte_count": 192,
          "path": "frames/000000/confidence.u8",
          "sha256": "90b88ae002ea844ed07d6f59bb868b0b9eb89a32dd2d6eea551437ccaa2fc141",
          "valid": true
        },
        {
          "byte_count": 768,
          "path": "frames/000000/depth.f32",
          "sha256": "d8bded6f21ef777865b3d948f0eaad9dd1635d1764ec018fe68299e22af5a783",
          "valid": true
        },
        {
          "byte_count": 576,
          "path": "frames/000000/rgb.bin",
          "sha256": "9c1d2a9d201c927c8fe10d88accce0bf772cf476b8e329bf28af1256ff5835a8",
          "valid": true
        },
        {
          "byte_count": 192,
          "path": "frames/000001/confidence.u8",
          "sha256": "90b88ae002ea844ed07d6f59bb868b0b9eb89a32dd2d6eea551437ccaa2fc141",
          "valid": true
        },
        {
          "byte_count": 768,
          "path": "frames/000001/depth.f32",
          "sha256": "d39b03409e3a105065cb85149965b80e0fbc3a7c9bd8ed07e2b3eb60de29bafd",
          "valid": true
        },
        {
          "byte_count": 576,
          "path": "frames/000001/rgb.bin",
          "sha256": "6ca3ba9dc7d473985667004c632ae79458dcd791c7413758e5b5a49a157659aa",
          "valid": true
        },
        {
          "byte_count": 192,
          "path": "frames/000002/confidence.u8",
          "sha256": "90b88ae002ea844ed07d6f59bb868b0b9eb89a32dd2d6eea551437ccaa2fc141",
          "valid": true
        },
        {
          "byte_count": 768,
          "path": "frames/000002/depth.f32",
          "sha256": "154f78cf2f70a72cbb800ba82e8c6f2a2dcd93ac0c4443997895a58113a628db",
          "valid": true
        },
        {
          "byte_count": 576,
          "path": "frames/000002/rgb.bin",
          "sha256": "2a7def0d95a8038e4e1c6ed4cbc495d24bcc450241811f3170226bacbe4ef218",
          "valid": true
        },
        {
          "byte_count": 192,
          "path": "frames/000003/confidence.u8",
          "sha256": "90b88ae002ea844ed07d6f59bb868b0b9eb89a32dd2d6eea551437ccaa2fc141",
          "valid": true
        },
        {
          "byte_count": 768,
          "path": "frames/000003/depth.f32",
          "sha256": "5726338787fffd2d4c3597702c9aabda680f882d0b102e53b07633bf4833f0e8",
          "valid": true
        },
        {
          "byte_count": 576,
          "path": "frames/000003/rgb.bin",
          "sha256": "6f3980e5fc9853ca5b808eee7daa0a686366196a2fc486ccfb8ec167b9322ffa",
          "valid": true
        },
        {
          "byte_count": 192,
          "path": "frames/000004/confidence.u8",
          "sha256": "90b88ae002ea844ed07d6f59bb868b0b9eb89a32dd2d6eea551437ccaa2fc141",
          "valid": true
        },
        {
          "byte_count": 768,
          "path": "frames/000004/depth.f32",
          "sha256": "55c6ef6b449fade8f72a941003c128ae9f33816907ecefea83b8e3b96af31bc5",
          "valid": true
        },
        {
          "byte_count": 576,
          "path": "frames/000004/rgb.bin",
          "sha256": "3d3787525168b1d378eef538a271b45279e396c710801321af60d861124b9f86",
          "valid": true
        },
        {
          "byte_count": 192,
          "path": "frames/000005/confidence.u8",
          "sha256": "90b88ae002ea844ed07d6f59bb868b0b9eb89a32dd2d6eea551437ccaa2fc141",
          "valid": true
        },
        {
          "byte_count": 768,
          "path": "frames/000005/depth.f32",
          "sha256": "cbdfb902dfc6e2c76eb19bcccf6458c769849095454adb40a84ce559873cefe3",
          "valid": true
        },
        {
          "byte_count": 576,
          "path": "frames/000005/rgb.bin",
          "sha256": "4ff04a01c9b3dbcb6ae7b86f560c32a29fa20833c713df2ef3efd6db9adfde2e",
          "valid": true
        },
        {
          "byte_count": 192,
          "path": "frames/000006/confidence.u8",
          "sha256": "90b88ae002ea844ed07d6f59bb868b0b9eb89a32dd2d6eea551437ccaa2fc141",
          "valid": true
        },
        {
          "byte_count": 768,
          "path": "frames/000006/depth.f32",
          "sha256": "9892f4ca936db6763ec567b988f9b7616a89f994c43ff36f1d2f536ab86f05ac",
          "valid": true
        },
        {
          "byte_count": 576,
          "path": "frames/000006/rgb.bin",
          "sha256": "58697836b3d2fdacb752f71da97cceda512c5b9bf13ab5ae566991c276fd676f",
          "valid": true
        },
        {
          "byte_count": 192,
          "path": "frames/000007/confidence.u8",
          "sha256": "90b88ae002ea844ed07d6f59bb868b0b9eb89a32dd2d6eea551437ccaa2fc141",
          "valid": true
        },
        {
          "byte_count": 768,
          "path": "frames/000007/depth.f32",
          "sha256": "08178aabd942e6672873783027fa55589e25a5cb7db5bfbc175f9f8f49184897",
          "valid": true
        },
        {
          "byte_count": 576,
          "path": "frames/000007/rgb.bin",
          "sha256": "e96bd6f83e16c798395d3d49d4bc31b0e9cd274d51630cea7e533de85c170aad",
          "valid": true
        },
        {
          "byte_count": 192,
          "path": "frames/000008/confidence.u8",
          "sha256": "90b88ae002ea844ed07d6f59bb868b0b9eb89a32dd2d6eea551437ccaa2fc141",
          "valid": true
        },
        {
          "byte_count": 768,
          "path": "frames/000008/depth.f32",
          "sha256": "45445746aafbda7be3cd0bb6dbfa9783e4a229e36cf581f95a7c4a106702e64f",
          "valid": true
        },
        {
          "byte_count": 576,
          "path": "frames/000008/rgb.bin",
          "sha256": "320cac0a91e71109d769e2a640e073816cb32dcdef359a377347ebad7a1b8492",
          "valid": true
        },
        {
          "byte_count": 192,
          "path": "frames/000009/confidence.u8",
          "sha256": "90b88ae002ea844ed07d6f59bb868b0b9eb89a32dd2d6eea551437ccaa2fc141",
          "valid": true
        },
        {
          "byte_count": 768,
          "path": "frames/000009/depth.f32",
          "sha256": "00d708c43f29a1e787aeb64ea3c25bbdbb41debe93c09d58867148d254e2d33d",
          "valid": true
        },
        {
          "byte_count": 576,
          "path": "frames/000009/rgb.bin",
          "sha256": "61e64cec2a475f6379e95b2d4fef906f48f0c5ab9c0c5331cefeb8c817a7b74d",
          "valid": true
        },
        {
          "byte_count": 192,
          "path": "frames/000010/confidence.u8",
          "sha256": "90b88ae002ea844ed07d6f59bb868b0b9eb89a32dd2d6eea551437ccaa2fc141",
          "valid": true
        },
        {
          "byte_count": 768,
          "path": "frames/000010/depth.f32",
          "sha256": "daeeba8de88a70a7d516e1ee92ed607cd60755b9ca87ee7d8e7c05c7a5622a81",
          "valid": true
        },
        {
          "byte_count": 576,
          "path": "frames/000010/rgb.bin",
          "sha256": "c8cefa05e3be06878ffb9f466bf0e605fde6f1544fd6a5e89d89c9564abd2b58",
          "valid": true
        },
        {
          "byte_count": 192,
          "path": "frames/000011/confidence.u8",
          "sha256": "90b88ae002ea844ed07d6f59bb868b0b9eb89a32dd2d6eea551437ccaa2fc141",
          "valid": true
        },
        {
          "byte_count": 768,
          "path": "frames/000011/depth.f32",
          "sha256": "51527f8aaf11c2e86369654149abec087dceb9d477863899a008bab7d9f5a145",
          "valid": true
        },
        {
          "byte_count": 576,
          "path": "frames/000011/rgb.bin",
          "sha256": "6c0ba0b222bdeda124e4c5397882b04924d0046cec733bb3e5e92633704baa51",
          "valid": true
        },
        {
          "byte_count": 192,
          "path": "frames/000012/confidence.u8",
          "sha256": "90b88ae002ea844ed07d6f59bb868b0b9eb89a32dd2d6eea551437ccaa2fc141",
          "valid": true
        },
        {
          "byte_count": 768,
          "path": "frames/000012/depth.f32",
          "sha256": "b00279f286238da8846ba26b9d35614c43e67b64af9a8312d96481afdb675c04",
          "valid": true
        },
        {
          "byte_count": 576,
          "path": "frames/000012/rgb.bin",
          "sha256": "4810c6b18eac9252303ec0e837cf9413273a627eeb70cee5d00ecf64df2445c8",
          "valid": true
        },
        {
          "byte_count": 192,
          "path": "frames/000013/confidence.u8",
          "sha256": "90b88ae002ea844ed07d6f59bb868b0b9eb89a32dd2d6eea551437ccaa2fc141",
          "valid": true
        },
        {
          "byte_count": 768,
          "path": "frames/000013/depth.f32",
          "sha256": "854f3dd706be34881e0ba44ca4ce6c33423959f2cc0359c1770eb4b77a81c3a3",
          "valid": true
        },
        {
          "byte_count": 576,
          "path": "frames/000013/rgb.bin",
          "sha256": "492ca4ffac1f422d66e154622f0da2dac3d37d5ab9e6ca006c7924c8868b475f",
          "valid": true
        },
        {
          "byte_count": 192,
          "path": "frames/000014/confidence.u8",
          "sha256": "90b88ae002ea844ed07d6f59bb868b0b9eb89a32dd2d6eea551437ccaa2fc141",
          "valid": true
        },
        {
          "byte_count": 768,
          "path": "frames/000014/depth.f32",
          "sha256": "bb3544097785b5a0da2330b675fe15d53b512c2692f1d2bed7a10547847e33cb",
          "valid": true
        },
        {
          "byte_count": 576,
          "path": "frames/000014/rgb.bin",
          "sha256": "046e7016bd5e1de3ed6241d4fa56b3b1f320a4d2e32b033b00020319013eefe6",
          "valid": true
        },
        {
          "byte_count": 192,
          "path": "frames/000015/confidence.u8",
          "sha256": "90b88ae002ea844ed07d6f59bb868b0b9eb89a32dd2d6eea551437ccaa2fc141",
          "valid": true
        },
        {
          "byte_count": 768,
          "path": "frames/000015/depth.f32",
          "sha256": "3706a7cb786abd0d081ad19d84d586a24631402f796c504637fea28fc1e8c9fd",
          "valid": true
        },
        {
          "byte_count": 576,
          "path": "frames/000015/rgb.bin",
          "sha256": "f1fa1d9635928a59d19171fdc2fd995a36374cc6aa25d5db565df7c167aabe26",
          "valid": true
        }
      ],
      "frame_count": 16,
      "manifest": {
        "asset_merkle_root": "f4ccae0e7e4f4c6c01058bac9c436e4976113aeba6cc63eb7b88018e83730c50",
        "assets": [
          {
            "byte_count": 192,
            "media_type": "application/vnd.sip.confidence-u8",
            "path": "frames/000000/confidence.u8",
            "sha256": "90b88ae002ea844ed07d6f59bb868b0b9eb89a32dd2d6eea551437ccaa2fc141"
          },
          {
            "byte_count": 768,
            "media_type": "application/vnd.sip.depth-f32",
            "path": "frames/000000/depth.f32",
            "sha256": "d8bded6f21ef777865b3d948f0eaad9dd1635d1764ec018fe68299e22af5a783"
          },
          {
            "byte_count": 576,
            "media_type": "application/octet-stream",
            "path": "frames/000000/rgb.bin",
            "sha256": "9c1d2a9d201c927c8fe10d88accce0bf772cf476b8e329bf28af1256ff5835a8"
          },
          {
            "byte_count": 192,
            "media_type": "application/vnd.sip.confidence-u8",
            "path": "frames/000001/confidence.u8",
            "sha256": "90b88ae002ea844ed07d6f59bb868b0b9eb89a32dd2d6eea551437ccaa2fc141"
          },
          {
            "byte_count": 768,
            "media_type": "application/vnd.sip.depth-f32",
            "path": "frames/000001/depth.f32",
            "sha256": "d39b03409e3a105065cb85149965b80e0fbc3a7c9bd8ed07e2b3eb60de29bafd"
          },
          {
            "byte_count": 576,
            "media_type": "application/octet-stream",
            "path": "frames/000001/rgb.bin",
            "sha256": "6ca3ba9dc7d473985667004c632ae79458dcd791c7413758e5b5a49a157659aa"
          },
          {
            "byte_count": 192,
            "media_type": "application/vnd.sip.confidence-u8",
            "path": "frames/000002/confidence.u8",
            "sha256": "90b88ae002ea844ed07d6f59bb868b0b9eb89a32dd2d6eea551437ccaa2fc141"
          },
          {
            "byte_count": 768,
            "media_type": "application/vnd.sip.depth-f32",
            "path": "frames/000002/depth.f32",
            "sha256": "154f78cf2f70a72cbb800ba82e8c6f2a2dcd93ac0c4443997895a58113a628db"
          },
          {
            "byte_count": 576,
            "media_type": "application/octet-stream",
            "path": "frames/000002/rgb.bin",
            "sha256": "2a7def0d95a8038e4e1c6ed4cbc495d24bcc450241811f3170226bacbe4ef218"
          },
          {
            "byte_count": 192,
            "media_type": "application/vnd.sip.confidence-u8",
            "path": "frames/000003/confidence.u8",
            "sha256": "90b88ae002ea844ed07d6f59bb868b0b9eb89a32dd2d6eea551437ccaa2fc141"
          },
          {
            "byte_count": 768,
            "media_type": "application/vnd.sip.depth-f32",
            "path": "frames/000003/depth.f32",
            "sha256": "5726338787fffd2d4c3597702c9aabda680f882d0b102e53b07633bf4833f0e8"
          },
          {
            "byte_count": 576,
            "media_type": "application/octet-stream",
            "path": "frames/000003/rgb.bin",
            "sha256": "6f3980e5fc9853ca5b808eee7daa0a686366196a2fc486ccfb8ec167b9322ffa"
          },
          {
            "byte_count": 192,
            "media_type": "application/vnd.sip.confidence-u8",
            "path": "frames/000004/confidence.u8",
            "sha256": "90b88ae002ea844ed07d6f59bb868b0b9eb89a32dd2d6eea551437ccaa2fc141"
          },
          {
            "byte_count": 768,
            "media_type": "application/vnd.sip.depth-f32",
            "path": "frames/000004/depth.f32",
            "sha256": "55c6ef6b449fade8f72a941003c128ae9f33816907ecefea83b8e3b96af31bc5"
          },
          {
            "byte_count": 576,
            "media_type": "application/octet-stream",
            "path": "frames/000004/rgb.bin",
            "sha256": "3d3787525168b1d378eef538a271b45279e396c710801321af60d861124b9f86"
          },
          {
            "byte_count": 192,
            "media_type": "application/vnd.sip.confidence-u8",
            "path": "frames/000005/confidence.u8",
            "sha256": "90b88ae002ea844ed07d6f59bb868b0b9eb89a32dd2d6eea551437ccaa2fc141"
          },
          {
            "byte_count": 768,
            "media_type": "application/vnd.sip.depth-f32",
            "path": "frames/000005/depth.f32",
            "sha256": "cbdfb902dfc6e2c76eb19bcccf6458c769849095454adb40a84ce559873cefe3"
          },
          {
            "byte_count": 576,
            "media_type": "application/octet-stream",
            "path": "frames/000005/rgb.bin",
            "sha256": "4ff04a01c9b3dbcb6ae7b86f560c32a29fa20833c713df2ef3efd6db9adfde2e"
          },
          {
            "byte_count": 192,
            "media_type": "application/vnd.sip.confidence-u8",
            "path": "frames/000006/confidence.u8",
            "sha256": "90b88ae002ea844ed07d6f59bb868b0b9eb89a32dd2d6eea551437ccaa2fc141"
          },
          {
            "byte_count": 768,
            "media_type": "application/vnd.sip.depth-f32",
            "path": "frames/000006/depth.f32",
            "sha256": "9892f4ca936db6763ec567b988f9b7616a89f994c43ff36f1d2f536ab86f05ac"
          },
          {
            "byte_count": 576,
            "media_type": "application/octet-stream",
            "path": "frames/000006/rgb.bin",
            "sha256": "58697836b3d2fdacb752f71da97cceda512c5b9bf13ab5ae566991c276fd676f"
          },
          {
            "byte_count": 192,
            "media_type": "application/vnd.sip.confidence-u8",
            "path": "frames/000007/confidence.u8",
            "sha256": "90b88ae002ea844ed07d6f59bb868b0b9eb89a32dd2d6eea551437ccaa2fc141"
          },
          {
            "byte_count": 768,
            "media_type": "application/vnd.sip.depth-f32",
            "path": "frames/000007/depth.f32",
            "sha256": "08178aabd942e6672873783027fa55589e25a5cb7db5bfbc175f9f8f49184897"
          },
          {
            "byte_count": 576,
            "media_type": "application/octet-stream",
            "path": "frames/000007/rgb.bin",
            "sha256": "e96bd6f83e16c798395d3d49d4bc31b0e9cd274d51630cea7e533de85c170aad"
          },
          {
            "byte_count": 192,
            "media_type": "application/vnd.sip.confidence-u8",
            "path": "frames/000008/confidence.u8",
            "sha256": "90b88ae002ea844ed07d6f59bb868b0b9eb89a32dd2d6eea551437ccaa2fc141"
          },
          {
            "byte_count": 768,
            "media_type": "application/vnd.sip.depth-f32",
            "path": "frames/000008/depth.f32",
            "sha256": "45445746aafbda7be3cd0bb6dbfa9783e4a229e36cf581f95a7c4a106702e64f"
          },
          {
            "byte_count": 576,
            "media_type": "application/octet-stream",
            "path": "frames/000008/rgb.bin",
            "sha256": "320cac0a91e71109d769e2a640e073816cb32dcdef359a377347ebad7a1b8492"
          },
          {
            "byte_count": 192,
            "media_type": "application/vnd.sip.confidence-u8",
            "path": "frames/000009/confidence.u8",
            "sha256": "90b88ae002ea844ed07d6f59bb868b0b9eb89a32dd2d6eea551437ccaa2fc141"
          },
          {
            "byte_count": 768,
            "media_type": "application/vnd.sip.depth-f32",
            "path": "frames/000009/depth.f32",
            "sha256": "00d708c43f29a1e787aeb64ea3c25bbdbb41debe93c09d58867148d254e2d33d"
          },
          {
            "byte_count": 576,
            "media_type": "application/octet-stream",
            "path": "frames/000009/rgb.bin",
            "sha256": "61e64cec2a475f6379e95b2d4fef906f48f0c5ab9c0c5331cefeb8c817a7b74d"
          },
          {
            "byte_count": 192,
            "media_type": "application/vnd.sip.confidence-u8",
            "path": "frames/000010/confidence.u8",
            "sha256": "90b88ae002ea844ed07d6f59bb868b0b9eb89a32dd2d6eea551437ccaa2fc141"
          },
          {
            "byte_count": 768,
            "media_type": "application/vnd.sip.depth-f32",
            "path": "frames/000010/depth.f32",
            "sha256": "daeeba8de88a70a7d516e1ee92ed607cd60755b9ca87ee7d8e7c05c7a5622a81"
          },
          {
            "byte_count": 576,
            "media_type": "application/octet-stream",
            "path": "frames/000010/rgb.bin",
            "sha256": "c8cefa05e3be06878ffb9f466bf0e605fde6f1544fd6a5e89d89c9564abd2b58"
          },
          {
            "byte_count": 192,
            "media_type": "application/vnd.sip.confidence-u8",
            "path": "frames/000011/confidence.u8",
            "sha256": "90b88ae002ea844ed07d6f59bb868b0b9eb89a32dd2d6eea551437ccaa2fc141"
          },
          {
            "byte_count": 768,
            "media_type": "application/vnd.sip.depth-f32",
            "path": "frames/000011/depth.f32",
            "sha256": "51527f8aaf11c2e86369654149abec087dceb9d477863899a008bab7d9f5a145"
          },
          {
            "byte_count": 576,
            "media_type": "application/octet-stream",
            "path": "frames/000011/rgb.bin",
            "sha256": "6c0ba0b222bdeda124e4c5397882b04924d0046cec733bb3e5e92633704baa51"
          },
          {
            "byte_count": 192,
            "media_type": "application/vnd.sip.confidence-u8",
            "path": "frames/000012/confidence.u8",
            "sha256": "90b88ae002ea844ed07d6f59bb868b0b9eb89a32dd2d6eea551437ccaa2fc141"
          },
          {
            "byte_count": 768,
            "media_type": "application/vnd.sip.depth-f32",
            "path": "frames/000012/depth.f32",
            "sha256": "b00279f286238da8846ba26b9d35614c43e67b64af9a8312d96481afdb675c04"
          },
          {
            "byte_count": 576,
            "media_type": "application/octet-stream",
            "path": "frames/000012/rgb.bin",
            "sha256": "4810c6b18eac9252303ec0e837cf9413273a627eeb70cee5d00ecf64df2445c8"
          },
          {
            "byte_count": 192,
            "media_type": "application/vnd.sip.confidence-u8",
            "path": "frames/000013/confidence.u8",
            "sha256": "90b88ae002ea844ed07d6f59bb868b0b9eb89a32dd2d6eea551437ccaa2fc141"
          },
          {
            "byte_count": 768,
            "media_type": "application/vnd.sip.depth-f32",
            "path": "frames/000013/depth.f32",
            "sha256": "854f3dd706be34881e0ba44ca4ce6c33423959f2cc0359c1770eb4b77a81c3a3"
          },
          {
            "byte_count": 576,
            "media_type": "application/octet-stream",
            "path": "frames/000013/rgb.bin",
            "sha256": "492ca4ffac1f422d66e154622f0da2dac3d37d5ab9e6ca006c7924c8868b475f"
          },
          {
            "byte_count": 192,
            "media_type": "application/vnd.sip.confidence-u8",
            "path": "frames/000014/confidence.u8",
            "sha256": "90b88ae002ea844ed07d6f59bb868b0b9eb89a32dd2d6eea551437ccaa2fc141"
          },
          {
            "byte_count": 768,
            "media_type": "application/vnd.sip.depth-f32",
            "path": "frames/000014/depth.f32",
            "sha256": "bb3544097785b5a0da2330b675fe15d53b512c2692f1d2bed7a10547847e33cb"
          },
          {
            "byte_count": 576,
            "media_type": "application/octet-stream",
            "path": "frames/000014/rgb.bin",
            "sha256": "046e7016bd5e1de3ed6241d4fa56b3b1f320a4d2e32b033b00020319013eefe6"
          },
          {
            "byte_count": 192,
            "media_type": "application/vnd.sip.confidence-u8",
            "path": "frames/000015/confidence.u8",
            "sha256": "90b88ae002ea844ed07d6f59bb868b0b9eb89a32dd2d6eea551437ccaa2fc141"
          },
          {
            "byte_count": 768,
            "media_type": "application/vnd.sip.depth-f32",
            "path": "frames/000015/depth.f32",
            "sha256": "3706a7cb786abd0d081ad19d84d586a24631402f796c504637fea28fc1e8c9fd"
          },
          {
            "byte_count": 576,
            "media_type": "application/octet-stream",
            "path": "frames/000015/rgb.bin",
            "sha256": "f1fa1d9635928a59d19171fdc2fd995a36374cc6aa25d5db565df7c167aabe26"
          }
        ],
        "calibration": {
          "known_scale": true,
          "scale_source": "fixture_definition",
          "uncertainty_m": 0.001
        },
        "capture_id": "synthetic-room-42-16",
        "capture_source": "deterministic_synthetic_fixture",
        "coordinate_frames": [
          {
            "convention": "right_handed_y_up_meters",
            "frame_id": "world",
            "name": "fixture world",
            "units": "meter"
          }
        ],
        "created_at": "2026-01-01T00:00:00+00:00",
        "frames": [
          {
            "camera_to_world": [
              [
                1.0,
                0.0,
                0.0,
                0.0
              ],
              [
                0.0,
                1.0,
                0.0,
                1.5
              ],
              [
                -0.0,
                0.0,
                1.0,
                1.2
              ],
              [
                0.0,
                0.0,
                0.0,
                1.0
              ]
            ],
            "confidence_asset": "frames/000000/confidence.u8",
            "confidence_encoding": "arkit_0_low_1_medium_2_high",
            "depth_asset": "frames/000000/depth.f32",
            "depth_encoding": "float32_little_endian_meters",
            "depth_size": [
              16,
              12
            ],
            "exposure": {
              "duration_s": 0.008333333333333333,
              "iso": 100
            },
            "frame_id": "frame-000000",
            "image_size": [
              16,
              12
            ],
            "intrinsics": [
              [
                14.0,
                0.0,
                8.0
              ],
              [
                0.0,
                14.0,
                6.0
              ],
              [
                0.0,
                0.0,
                1.0
              ]
            ],
            "motion": {
              "acceleration_m_s2": [
                0.0,
                9.80665,
                0.0
              ],
              "angular_velocity_rad_s": [
                0.0,
                0.1,
                0.0
              ]
            },
            "pose_stream": "synthetic_metric",
            "quality": {
              "blur_score": 0.02,
              "coverage_hint": 0.0
            },
            "rgb_asset": "frames/000000/rgb.bin",
            "timestamp_ns": 1000000000,
            "tracking_state": "normal"
          },
          {
            "camera_to_world": [
              [
                0.9238795325112867,
                0.0,
                0.3826834323650898,
                0.4592201188381077
              ],
              [
                0.0,
                1.0,
                0.0,
                1.5
              ],
              [
                -0.3826834323650898,
                0.0,
                0.9238795325112867,
                1.1086554390135441
              ],
              [
                0.0,
                0.0,
                0.0,
                1.0
              ]
            ],
            "confidence_asset": "frames/000001/confidence.u8",
            "confidence_encoding": "arkit_0_low_1_medium_2_high",
            "depth_asset": "frames/000001/depth.f32",
            "depth_encoding": "float32_little_endian_meters",
            "depth_size": [
              16,
              12
            ],
            "exposure": {
              "duration_s": 0.008333333333333333,
              "iso": 100
            },
            "frame_id": "frame-000001",
            "image_size": [
              16,
              12
            ],
            "intrinsics": [
              [
                14.0,
                0.0,
                8.0
              ],
              [
                0.0,
                14.0,
                6.0
              ],
              [
                0.0,
                0.0,
                1.0
              ]
            ],
            "motion": {
              "acceleration_m_s2": [
                0.0,
                9.80665,
                0.0
              ],
              "angular_velocity_rad_s": [
                0.0,
                0.1,
                0.0
              ]
            },
            "pose_stream": "synthetic_metric",
            "quality": {
              "blur_score": 0.02,
              "coverage_hint": 0.0625
            },
            "rgb_asset": "frames/000001/rgb.bin",
            "timestamp_ns": 1100000000,
            "tracking_state": "normal"
          },
          {
            "camera_to_world": [
              [
                0.7071067811865476,
                0.0,
                0.7071067811865475,
                0.8485281374238569
              ],
              [
                0.0,
                1.0,
                0.0,
                1.5
              ],
              [
                -0.7071067811865475,
                0.0,
                0.7071067811865476,
                0.848528137423857
              ],
              [
                0.0,
                0.0,
                0.0,
                1.0
              ]
            ],
            "confidence_asset": "frames/000002/confidence.u8",
            "confidence_encoding": "arkit_0_low_1_medium_2_high",
            "depth_asset": "frames/000002/depth.f32",
            "depth_encoding": "float32_little_endian_meters",
            "depth_size": [
              16,
              12
            ],
            "exposure": {
              "duration_s": 0.008333333333333333,
              "iso": 100
            },
            "frame_id": "frame-000002",
            "image_size": [
              16,
              12
            ],
            "intrinsics": [
              [
                14.0,
                0.0,
                8.0
              ],
              [
                0.0,
                14.0,
                6.0
              ],
              [
                0.0,
                0.0,
                1.0
              ]
            ],
            "motion": {
              "acceleration_m_s2": [
                0.0,
                9.80665,
                0.0
              ],
              "angular_velocity_rad_s": [
                0.0,
                0.1,
                0.0
              ]
            },
            "pose_stream": "synthetic_metric",
            "quality": {
              "blur_score": 0.02,
              "coverage_hint": 0.125
            },
            "rgb_asset": "frames/000002/rgb.bin",
            "timestamp_ns": 1200000000,
            "tracking_state": "normal"
          },
          {
            "camera_to_world": [
              [
                0.38268343236508984,
                0.0,
                0.9238795325112867,
                1.1086554390135441
              ],
              [
                0.0,
                1.0,
                0.0,
                1.5
              ],
              [
                -0.9238795325112867,
                0.0,
                0.38268343236508984,
                0.45922011883810776
              ],
              [
                0.0,
                0.0,
                0.0,
                1.0
              ]
            ],
            "confidence_asset": "frames/000003/confidence.u8",
            "confidence_encoding": "arkit_0_low_1_medium_2_high",
            "depth_asset": "frames/000003/depth.f32",
            "depth_encoding": "float32_little_endian_meters",
            "depth_size": [
              16,
              12
            ],
            "exposure": {
              "duration_s": 0.008333333333333333,
              "iso": 100
            },
            "frame_id": "frame-000003",
            "image_size": [
              16,
              12
            ],
            "intrinsics": [
              [
                14.0,
                0.0,
                8.0
              ],
              [
                0.0,
                14.0,
                6.0
              ],
              [
                0.0,
                0.0,
                1.0
              ]
            ],
            "motion": {
              "acceleration_m_s2": [
                0.0,
                9.80665,
                0.0
              ],
              "angular_velocity_rad_s": [
                0.0,
                0.1,
                0.0
              ]
            },
            "pose_stream": "synthetic_metric",
            "quality": {
              "blur_score": 0.02,
              "coverage_hint": 0.1875
            },
            "rgb_asset": "frames/000003/rgb.bin",
            "timestamp_ns": 1300000000,
            "tracking_state": "normal"
          },
          {
            "camera_to_world": [
              [
                6.123233995736766e-17,
                0.0,
                1.0,
                1.2
              ],
              [
                0.0,
                1.0,
                0.0,
                1.5
              ],
              [
                -1.0,
                0.0,
                6.123233995736766e-17,
                7.347880794884119e-17
              ],
              [
                0.0,
                0.0,
                0.0,
                1.0
              ]
            ],
            "confidence_asset": "frames/000004/confidence.u8",
            "confidence_encoding": "arkit_0_low_1_medium_2_high",
            "depth_asset": "frames/000004/depth.f32",
            "depth_encoding": "float32_little_endian_meters",
            "depth_size": [
              16,
              12
            ],
            "exposure": {
              "duration_s": 0.008333333333333333,
              "iso": 100
            },
            "frame_id": "frame-000004",
            "image_size": [
              16,
              12
            ],
            "intrinsics": [
              [
                14.0,
                0.0,
                8.0
              ],
              [
                0.0,
                14.0,
                6.0
              ],
              [
                0.0,
                0.0,
                1.0
              ]
            ],
            "motion": {
              "acceleration_m_s2": [
                0.0,
                9.80665,
                0.0
              ],
              "angular_velocity_rad_s": [
                0.0,
                0.1,
                0.0
              ]
            },
            "pose_stream": "synthetic_metric",
            "quality": {
              "blur_score": 0.02,
              "coverage_hint": 0.25
            },
            "rgb_asset": "frames/000004/rgb.bin",
            "timestamp_ns": 1400000000,
            "tracking_state": "normal"
          },
          {
            "camera_to_world": [
              [
                -0.3826834323650897,
                0.0,
                0.9238795325112867,
                1.1086554390135441
              ],
              [
                0.0,
                1.0,
                0.0,
                1.5
              ],
              [
                -0.9238795325112867,
                0.0,
                -0.3826834323650897,
                -0.45922011883810765
              ],
              [
                0.0,
                0.0,
                0.0,
                1.0
              ]
            ],
            "confidence_asset": "frames/000005/confidence.u8",
            "confidence_encoding": "arkit_0_low_1_medium_2_high",
            "depth_asset": "frames/000005/depth.f32",
            "depth_encoding": "float32_little_endian_meters",
            "depth_size": [
              16,
              12
            ],
            "exposure": {
              "duration_s": 0.008333333333333333,
              "iso": 100
            },
            "frame_id": "frame-000005",
            "image_size": [
              16,
              12
            ],
            "intrinsics": [
              [
                14.0,
                0.0,
                8.0
              ],
              [
                0.0,
                14.0,
                6.0
              ],
              [
                0.0,
                0.0,
                1.0
              ]
            ],
            "motion": {
              "acceleration_m_s2": [
                0.0,
                9.80665,
                0.0
              ],
              "angular_velocity_rad_s": [
                0.0,
                0.1,
                0.0
              ]
            },
            "pose_stream": "synthetic_metric",
            "quality": {
              "blur_score": 0.02,
              "coverage_hint": 0.3125
            },
            "rgb_asset": "frames/000005/rgb.bin",
            "timestamp_ns": 1500000000,
            "tracking_state": "normal"
          },
          {
            "camera_to_world": [
              [
                -0.7071067811865475,
                0.0,
                0.7071067811865476,
                0.848528137423857
              ],
              [
                0.0,
                1.0,
                0.0,
                1.5
              ],
              [
                -0.7071067811865476,
                0.0,
                -0.7071067811865475,
                -0.8485281374238569
              ],
              [
                0.0,
                0.0,
                0.0,
                1.0
              ]
            ],
            "confidence_asset": "frames/000006/confidence.u8",
            "confidence_encoding": "arkit_0_low_1_medium_2_high",
            "depth_asset": "frames/000006/depth.f32",
            "depth_encoding": "float32_little_endian_meters",
            "depth_size": [
              16,
              12
            ],
            "exposure": {
              "duration_s": 0.008333333333333333,
              "iso": 100
            },
            "frame_id": "frame-000006",
            "image_size": [
              16,
              12
            ],
            "intrinsics": [
              [
                14.0,
                0.0,
                8.0
              ],
              [
                0.0,
                14.0,
                6.0
              ],
              [
                0.0,
                0.0,
                1.0
              ]
            ],
            "motion": {
              "acceleration_m_s2": [
                0.0,
                9.80665,
                0.0
              ],
              "angular_velocity_rad_s": [
                0.0,
                0.1,
                0.0
              ]
            },
            "pose_stream": "synthetic_metric",
            "quality": {
              "blur_score": 0.02,
              "coverage_hint": 0.375
            },
            "rgb_asset": "frames/000006/rgb.bin",
            "timestamp_ns": 1600000000,
            "tracking_state": "normal"
          },
          {
            "camera_to_world": [
              [
                -0.9238795325112867,
                0.0,
                0.3826834323650899,
                0.45922011883810787
              ],
              [
                0.0,
                1.0,
                0.0,
                1.5
              ],
              [
                -0.3826834323650899,
                0.0,
                -0.9238795325112867,
                -1.1086554390135441
              ],
              [
                0.0,
                0.0,
                0.0,
                1.0
              ]
            ],
            "confidence_asset": "frames/000007/confidence.u8",
            "confidence_encoding": "arkit_0_low_1_medium_2_high",
            "depth_asset": "frames/000007/depth.f32",
            "depth_encoding": "float32_little_endian_meters",
            "depth_size": [
              16,
              12
            ],
            "exposure": {
              "duration_s": 0.008333333333333333,
              "iso": 100
            },
            "frame_id": "frame-000007",
            "image_size": [
              16,
              12
            ],
            "intrinsics": [
              [
                14.0,
                0.0,
                8.0
              ],
              [
                0.0,
                14.0,
                6.0
              ],
              [
                0.0,
                0.0,
                1.0
              ]
            ],
            "motion": {
              "acceleration_m_s2": [
                0.0,
                9.80665,
                0.0
              ],
              "angular_velocity_rad_s": [
                0.0,
                0.1,
                0.0
              ]
            },
            "pose_stream": "synthetic_metric",
            "quality": {
              "blur_score": 0.02,
              "coverage_hint": 0.4375
            },
            "rgb_asset": "frames/000007/rgb.bin",
            "timestamp_ns": 1700000000,
            "tracking_state": "normal"
          },
          {
            "camera_to_world": [
              [
                -1.0,
                0.0,
                1.2246467991473532e-16,
                1.4695761589768238e-16
              ],
              [
                0.0,
                1.0,
                0.0,
                1.5
              ],
              [
                -1.2246467991473532e-16,
                0.0,
                -1.0,
                -1.2
              ],
              [
                0.0,
                0.0,
                0.0,
                1.0
              ]
            ],
            "confidence_asset": "frames/000008/confidence.u8",
            "confidence_encoding": "arkit_0_low_1_medium_2_high",
            "depth_asset": "frames/000008/depth.f32",
            "depth_encoding": "float32_little_endian_meters",
            "depth_size": [
              16,
              12
            ],
            "exposure": {
              "duration_s": 0.008333333333333333,
              "iso": 100
            },
            "frame_id": "frame-000008",
            "image_size": [
              16,
              12
            ],
            "intrinsics": [
              [
                14.0,
                0.0,
                8.0
              ],
              [
                0.0,
                14.0,
                6.0
              ],
              [
                0.0,
                0.0,
                1.0
              ]
            ],
            "motion": {
              "acceleration_m_s2": [
                0.0,
                9.80665,
                0.0
              ],
              "angular_velocity_rad_s": [
                0.0,
                0.1,
                0.0
              ]
            },
            "pose_stream": "synthetic_metric",
            "quality": {
              "blur_score": 0.02,
              "coverage_hint": 0.5
            },
            "rgb_asset": "frames/000008/rgb.bin",
            "timestamp_ns": 1800000000,
            "tracking_state": "normal"
          },
          {
            "camera_to_world": [
              [
                -0.9238795325112868,
                0.0,
                -0.38268343236508967,
                -0.4592201188381076
              ],
              [
                0.0,
                1.0,
                0.0,
                1.5
              ],
              [
                0.38268343236508967,
                0.0,
                -0.9238795325112868,
                -1.1086554390135441
              ],
              [
                0.0,
                0.0,
                0.0,
                1.0
              ]
            ],
            "confidence_asset": "frames/000009/confidence.u8",
            "confidence_encoding": "arkit_0_low_1_medium_2_high",
            "depth_asset": "frames/000009/depth.f32",
            "depth_encoding": "float32_little_endian_meters",
            "depth_size": [
              16,
              12
            ],
            "exposure": {
              "duration_s": 0.008333333333333333,
              "iso": 100
            },
            "frame_id": "frame-000009",
            "image_size": [
              16,
              12
            ],
            "intrinsics": [
              [
                14.0,
                0.0,
                8.0
              ],
              [
                0.0,
                14.0,
                6.0
              ],
              [
                0.0,
                0.0,
                1.0
              ]
            ],
            "motion": {
              "acceleration_m_s2": [
                0.0,
                9.80665,
                0.0
              ],
              "angular_velocity_rad_s": [
                0.0,
                0.1,
                0.0
              ]
            },
            "pose_stream": "synthetic_metric",
            "quality": {
              "blur_score": 0.02,
              "coverage_hint": 0.5625
            },
            "rgb_asset": "frames/000009/rgb.bin",
            "timestamp_ns": 1900000000,
            "tracking_state": "normal"
          },
          {
            "camera_to_world": [
              [
                -0.7071067811865477,
                0.0,
                -0.7071067811865475,
                -0.8485281374238569
              ],
              [
                0.0,
                1.0,
                0.0,
                1.5
              ],
              [
                0.7071067811865475,
                0.0,
                -0.7071067811865477,
                -0.8485281374238572
              ],
              [
                0.0,
                0.0,
                0.0,
                1.0
              ]
            ],
            "confidence_asset": "frames/000010/confidence.u8",
            "confidence_encoding": "arkit_0_low_1_medium_2_high",
            "depth_asset": "frames/000010/depth.f32",
            "depth_encoding": "float32_little_endian_meters",
            "depth_size": [
              16,
              12
            ],
            "exposure": {
              "duration_s": 0.008333333333333333,
              "iso": 100
            },
            "frame_id": "frame-000010",
            "image_size": [
              16,
              12
            ],
            "intrinsics": [
              [
                14.0,
                0.0,
                8.0
              ],
              [
                0.0,
                14.0,
                6.0
              ],
              [
                0.0,
                0.0,
                1.0
              ]
            ],
            "motion": {
              "acceleration_m_s2": [
                0.0,
                9.80665,
                0.0
              ],
              "angular_velocity_rad_s": [
                0.0,
                0.1,
                0.0
              ]
            },
            "pose_stream": "synthetic_metric",
            "quality": {
              "blur_score": 0.02,
              "coverage_hint": 0.625
            },
            "rgb_asset": "frames/000010/rgb.bin",
            "timestamp_ns": 2000000000,
            "tracking_state": "normal"
          },
          {
            "camera_to_world": [
              [
                -0.38268343236509034,
                0.0,
                -0.9238795325112865,
                -1.1086554390135437
              ],
              [
                0.0,
                1.0,
                0.0,
                1.5
              ],
              [
                0.9238795325112865,
                0.0,
                -0.38268343236509034,
                -0.45922011883810837
              ],
              [
                0.0,
                0.0,
                0.0,
                1.0
              ]
            ],
            "confidence_asset": "frames/000011/confidence.u8",
            "confidence_encoding": "arkit_0_low_1_medium_2_high",
            "depth_asset": "frames/000011/depth.f32",
            "depth_encoding": "float32_little_endian_meters",
            "depth_size": [
              16,
              12
            ],
            "exposure": {
              "duration_s": 0.008333333333333333,
              "iso": 100
            },
            "frame_id": "frame-000011",
            "image_size": [
              16,
              12
            ],
            "intrinsics": [
              [
                14.0,
                0.0,
                8.0
              ],
              [
                0.0,
                14.0,
                6.0
              ],
              [
                0.0,
                0.0,
                1.0
              ]
            ],
            "motion": {
              "acceleration_m_s2": [
                0.0,
                9.80665,
                0.0
              ],
              "angular_velocity_rad_s": [
                0.0,
                0.1,
                0.0
              ]
            },
            "pose_stream": "synthetic_metric",
            "quality": {
              "blur_score": 0.02,
              "coverage_hint": 0.6875
            },
            "rgb_asset": "frames/000011/rgb.bin",
            "timestamp_ns": 2100000000,
            "tracking_state": "normal"
          },
          {
            "camera_to_world": [
              [
                -1.8369701987210297e-16,
                0.0,
                -1.0,
                -1.2
              ],
              [
                0.0,
                1.0,
                0.0,
                1.5
              ],
              [
                1.0,
                0.0,
                -1.8369701987210297e-16,
                -2.2043642384652356e-16
              ],
              [
                0.0,
                0.0,
                0.0,
                1.0
              ]
            ],
            "confidence_asset": "frames/000012/confidence.u8",
            "confidence_encoding": "arkit_0_low_1_medium_2_high",
            "depth_asset": "frames/000012/depth.f32",
            "depth_encoding": "float32_little_endian_meters",
            "depth_size": [
              16,
              12
            ],
            "exposure": {
              "duration_s": 0.008333333333333333,
              "iso": 100
            },
            "frame_id": "frame-000012",
            "image_size": [
              16,
              12
            ],
            "intrinsics": [
              [
                14.0,
                0.0,
                8.0
              ],
              [
                0.0,
                14.0,
                6.0
              ],
              [
                0.0,
                0.0,
                1.0
              ]
            ],
            "motion": {
              "acceleration_m_s2": [
                0.0,
                9.80665,
                0.0
              ],
              "angular_velocity_rad_s": [
                0.0,
                0.1,
                0.0
              ]
            },
            "pose_stream": "synthetic_metric",
            "quality": {
              "blur_score": 0.02,
              "coverage_hint": 0.75
            },
            "rgb_asset": "frames/000012/rgb.bin",
            "timestamp_ns": 2200000000,
            "tracking_state": "normal"
          },
          {
            "camera_to_world": [
              [
                0.38268343236509,
                0.0,
                -0.9238795325112866,
                -1.108655439013544
              ],
              [
                0.0,
                1.0,
                0.0,
                1.5
              ],
              [
                0.9238795325112866,
                0.0,
                0.38268343236509,
                0.459220118838108
              ],
              [
                0.0,
                0.0,
                0.0,
                1.0
              ]
            ],
            "confidence_asset": "frames/000013/confidence.u8",
            "confidence_encoding": "arkit_0_low_1_medium_2_high",
            "depth_asset": "frames/000013/depth.f32",
            "depth_encoding": "float32_little_endian_meters",
            "depth_size": [
              16,
              12
            ],
            "exposure": {
              "duration_s": 0.008333333333333333,
              "iso": 100
            },
            "frame_id": "frame-000013",
            "image_size": [
              16,
              12
            ],
            "intrinsics": [
              [
                14.0,
                0.0,
                8.0
              ],
              [
                0.0,
                14.0,
                6.0
              ],
              [
                0.0,
                0.0,
                1.0
              ]
            ],
            "motion": {
              "acceleration_m_s2": [
                0.0,
                9.80665,
                0.0
              ],
              "angular_velocity_rad_s": [
                0.0,
                0.1,
                0.0
              ]
            },
            "pose_stream": "synthetic_metric",
            "quality": {
              "blur_score": 0.02,
              "coverage_hint": 0.8125
            },
            "rgb_asset": "frames/000013/rgb.bin",
            "timestamp_ns": 2300000000,
            "tracking_state": "normal"
          },
          {
            "camera_to_world": [
              [
                0.7071067811865474,
                0.0,
                -0.7071067811865477,
                -0.8485281374238572
              ],
              [
                0.0,
                1.0,
                0.0,
                1.5
              ],
              [
                0.7071067811865477,
                0.0,
                0.7071067811865474,
                0.8485281374238568
              ],
              [
                0.0,
                0.0,
                0.0,
                1.0
              ]
            ],
            "confidence_asset": "frames/000014/confidence.u8",
            "confidence_encoding": "arkit_0_low_1_medium_2_high",
            "depth_asset": "frames/000014/depth.f32",
            "depth_encoding": "float32_little_endian_meters",
            "depth_size": [
              16,
              12
            ],
            "exposure": {
              "duration_s": 0.008333333333333333,
              "iso": 100
            },
            "frame_id": "frame-000014",
            "image_size": [
              16,
              12
            ],
            "intrinsics": [
              [
                14.0,
                0.0,
                8.0
              ],
              [
                0.0,
                14.0,
                6.0
              ],
              [
                0.0,
                0.0,
                1.0
              ]
            ],
            "motion": {
              "acceleration_m_s2": [
                0.0,
                9.80665,
                0.0
              ],
              "angular_velocity_rad_s": [
                0.0,
                0.1,
                0.0
              ]
            },
            "pose_stream": "synthetic_metric",
            "quality": {
              "blur_score": 0.02,
              "coverage_hint": 0.875
            },
            "rgb_asset": "frames/000014/rgb.bin",
            "timestamp_ns": 2400000000,
            "tracking_state": "normal"
          },
          {
            "camera_to_world": [
              [
                0.9238795325112865,
                0.0,
                -0.3826834323650904,
                -0.4592201188381084
              ],
              [
                0.0,
                1.0,
                0.0,
                1.5
              ],
              [
                0.3826834323650904,
                0.0,
                0.9238795325112865,
                1.1086554390135437
              ],
              [
                0.0,
                0.0,
                0.0,
                1.0
              ]
            ],
            "confidence_asset": "frames/000015/confidence.u8",
            "confidence_encoding": "arkit_0_low_1_medium_2_high",
            "depth_asset": "frames/000015/depth.f32",
            "depth_encoding": "float32_little_endian_meters",
            "depth_size": [
              16,
              12
            ],
            "exposure": {
              "duration_s": 0.008333333333333333,
              "iso": 100
            },
            "frame_id": "frame-000015",
            "image_size": [
              16,
              12
            ],
            "intrinsics": [
              [
                14.0,
                0.0,
                8.0
              ],
              [
                0.0,
                14.0,
                6.0
              ],
              [
                0.0,
                0.0,
                1.0
              ]
            ],
            "motion": {
              "acceleration_m_s2": [
                0.0,
                9.80665,
                0.0
              ],
              "angular_velocity_rad_s": [
                0.0,
                0.1,
                0.0
              ]
            },
            "pose_stream": "synthetic_metric",
            "quality": {
              "blur_score": 0.02,
              "coverage_hint": 0.9375
            },
            "rgb_asset": "frames/000015/rgb.bin",
            "timestamp_ns": 2500000000,
            "tracking_state": "normal"
          }
        ],
        "mesh_anchors": [],
        "motion_samples": [],
        "privacy": {
          "contains_people": false,
          "redactions": []
        },
        "provenance": {
          "generator": "sip.capture.create_synthetic_room_capture",
          "seed": 42
        },
        "restricted_regions": [],
        "root_hash": "3801ced4a8aa3708e16807a72334543849a9c73a9ebd3d4977ec35d306ed8119",
        "schema_version": "1.0.0",
        "semantic_hash": "91fd532f43b9df0258f877311fcc96c5c4ee5f9490aa67ec2b461aae855c46f4"
      },
      "path": "/mnt/data/sip-authoritative-work/runtime/demo/foundation/input/synthetic-room.sipcapture",
      "root_hash": "3801ced4a8aa3708e16807a72334543849a9c73a9ebd3d4977ec35d306ed8119",
      "schema_version": "1.0.0",
      "valid": true,
      "validation": {
        "archive_sha256": "c3d1de37f619040c9ebf0d7246145f97f46cc4be4fabdd01df8678e9de4180a9",
        "asset_count": 48,
        "capture_id": "synthetic-room-42-16",
        "checks": [
          {
            "byte_count": 192,
            "path": "frames/000000/confidence.u8",
            "sha256": "90b88ae002ea844ed07d6f59bb868b0b9eb89a32dd2d6eea551437ccaa2fc141",
            "valid": true
          },
          {
            "byte_count": 768,
            "path": "frames/000000/depth.f32",
            "sha256": "d8bded6f21ef777865b3d948f0eaad9dd1635d1764ec018fe68299e22af5a783",
            "valid": true
          },
          {
            "byte_count": 576,
            "path": "frames/000000/rgb.bin",
            "sha256": "9c1d2a9d201c927c8fe10d88accce0bf772cf476b8e329bf28af1256ff5835a8",
            "valid": true
          },
          {
            "byte_count": 192,
            "path": "frames/000001/confidence.u8",
            "sha256": "90b88ae002ea844ed07d6f59bb868b0b9eb89a32dd2d6eea551437ccaa2fc141",
            "valid": true
          },
          {
            "byte_count": 768,
            "path": "frames/000001/depth.f32",
            "sha256": "d39b03409e3a105065cb85149965b80e0fbc3a7c9bd8ed07e2b3eb60de29bafd",
            "valid": true
          },
          {
            "byte_count": 576,
            "path": "frames/000001/rgb.bin",
            "sha256": "6ca3ba9dc7d473985667004c632ae79458dcd791c7413758e5b5a49a157659aa",
            "valid": true
          },
          {
            "byte_count": 192,
            "path": "frames/000002/confidence.u8",
            "sha256": "90b88ae002ea844ed07d6f59bb868b0b9eb89a32dd2d6eea551437ccaa2fc141",
            "valid": true
          },
          {
            "byte_count": 768,
            "path": "frames/000002/depth.f32",
            "sha256": "154f78cf2f70a72cbb800ba82e8c6f2a2dcd93ac0c4443997895a58113a628db",
            "valid": true
          },
          {
            "byte_count": 576,
            "path": "frames/000002/rgb.bin",
            "sha256": "2a7def0d95a8038e4e1c6ed4cbc495d24bcc450241811f3170226bacbe4ef218",
            "valid": true
          },
          {
            "byte_count": 192,
            "path": "frames/000003/confidence.u8",
            "sha256": "90b88ae002ea844ed07d6f59bb868b0b9eb89a32dd2d6eea551437ccaa2fc141",
            "valid": true
          },
          {
            "byte_count": 768,
            "path": "frames/000003/depth.f32",
            "sha256": "5726338787fffd2d4c3597702c9aabda680f882d0b102e53b07633bf4833f0e8",
            "valid": true
          },
          {
            "byte_count": 576,
            "path": "frames/000003/rgb.bin",
            "sha256": "6f3980e5fc9853ca5b808eee7daa0a686366196a2fc486ccfb8ec167b9322ffa",
            "valid": true
          },
          {
            "byte_count": 192,
            "path": "frames/000004/confidence.u8",
            "sha256": "90b88ae002ea844ed07d6f59bb868b0b9eb89a32dd2d6eea551437ccaa2fc141",
            "valid": true
          },
          {
            "byte_count": 768,
            "path": "frames/000004/depth.f32",
            "sha256": "55c6ef6b449fade8f72a941003c128ae9f33816907ecefea83b8e3b96af31bc5",
            "valid": true
          },
          {
            "byte_count": 576,
            "path": "frames/000004/rgb.bin",
            "sha256": "3d3787525168b1d378eef538a271b45279e396c710801321af60d861124b9f86",
            "valid": true
          },
          {
            "byte_count": 192,
            "path": "frames/000005/confidence.u8",
            "sha256": "90b88ae002ea844ed07d6f59bb868b0b9eb89a32dd2d6eea551437ccaa2fc141",
            "valid": true
          },
          {
            "byte_count": 768,
            "path": "frames/000005/depth.f32",
            "sha256": "cbdfb902dfc6e2c76eb19bcccf6458c769849095454adb40a84ce559873cefe3",
            "valid": true
          },
          {
            "byte_count": 576,
            "path": "frames/000005/rgb.bin",
            "sha256": "4ff04a01c9b3dbcb6ae7b86f560c32a29fa20833c713df2ef3efd6db9adfde2e",
            "valid": true
          },
          {
            "byte_count": 192,
            "path": "frames/000006/confidence.u8",
            "sha256": "90b88ae002ea844ed07d6f59bb868b0b9eb89a32dd2d6eea551437ccaa2fc141",
            "valid": true
          },
          {
            "byte_count": 768,
            "path": "frames/000006/depth.f32",
            "sha256": "9892f4ca936db6763ec567b988f9b7616a89f994c43ff36f1d2f536ab86f05ac",
            "valid": true
          },
          {
            "byte_count": 576,
            "path": "frames/000006/rgb.bin",
            "sha256": "58697836b3d2fdacb752f71da97cceda512c5b9bf13ab5ae566991c276fd676f",
            "valid": true
          },
          {
            "byte_count": 192,
            "path": "frames/000007/confidence.u8",
            "sha256": "90b88ae002ea844ed07d6f59bb868b0b9eb89a32dd2d6eea551437ccaa2fc141",
            "valid": true
          },
          {
            "byte_count": 768,
            "path": "frames/000007/depth.f32",
            "sha256": "08178aabd942e6672873783027fa55589e25a5cb7db5bfbc175f9f8f49184897",
            "valid": true
          },
          {
            "byte_count": 576,
            "path": "frames/000007/rgb.bin",
            "sha256": "e96bd6f83e16c798395d3d49d4bc31b0e9cd274d51630cea7e533de85c170aad",
            "valid": true
          },
          {
            "byte_count": 192,
            "path": "frames/000008/confidence.u8",
            "sha256": "90b88ae002ea844ed07d6f59bb868b0b9eb89a32dd2d6eea551437ccaa2fc141",
            "valid": true
          },
          {
            "byte_count": 768,
            "path": "frames/000008/depth.f32",
            "sha256": "45445746aafbda7be3cd0bb6dbfa9783e4a229e36cf581f95a7c4a106702e64f",
            "valid": true
          },
          {
            "byte_count": 576,
            "path": "frames/000008/rgb.bin",
            "sha256": "320cac0a91e71109d769e2a640e073816cb32dcdef359a377347ebad7a1b8492",
            "valid": true
          },
          {
            "byte_count": 192,
            "path": "frames/000009/confidence.u8",
            "sha256": "90b88ae002ea844ed07d6f59bb868b0b9eb89a32dd2d6eea551437ccaa2fc141",
            "valid": true
          },
          {
            "byte_count": 768,
            "path": "frames/000009/depth.f32",
            "sha256": "00d708c43f29a1e787aeb64ea3c25bbdbb41debe93c09d58867148d254e2d33d",
            "valid": true
          },
          {
            "byte_count": 576,
            "path": "frames/000009/rgb.bin",
            "sha256": "61e64cec2a475f6379e95b2d4fef906f48f0c5ab9c0c5331cefeb8c817a7b74d",
            "valid": true
          },
          {
            "byte_count": 192,
            "path": "frames/000010/confidence.u8",
            "sha256": "90b88ae002ea844ed07d6f59bb868b0b9eb89a32dd2d6eea551437ccaa2fc141",
            "valid": true
          },
          {
            "byte_count": 768,
            "path": "frames/000010/depth.f32",
            "sha256": "daeeba8de88a70a7d516e1ee92ed607cd60755b9ca87ee7d8e7c05c7a5622a81",
            "valid": true
          },
          {
            "byte_count": 576,
            "path": "frames/000010/rgb.bin",
            "sha256": "c8cefa05e3be06878ffb9f466bf0e605fde6f1544fd6a5e89d89c9564abd2b58",
            "valid": true
          },
          {
            "byte_count": 192,
            "path": "frames/000011/confidence.u8",
            "sha256": "90b88ae002ea844ed07d6f59bb868b0b9eb89a32dd2d6eea551437ccaa2fc141",
            "valid": true
          },
          {
            "byte_count": 768,
            "path": "frames/000011/depth.f32",
            "sha256": "51527f8aaf11c2e86369654149abec087dceb9d477863899a008bab7d9f5a145",
            "valid": true
          },
          {
            "byte_count": 576,
            "path": "frames/000011/rgb.bin",
            "sha256": "6c0ba0b222bdeda124e4c5397882b04924d0046cec733bb3e5e92633704baa51",
            "valid": true
          },
          {
            "byte_count": 192,
            "path": "frames/000012/confidence.u8",
            "sha256": "90b88ae002ea844ed07d6f59bb868b0b9eb89a32dd2d6eea551437ccaa2fc141",
            "valid": true
          },
          {
            "byte_count": 768,
            "path": "frames/000012/depth.f32",
            "sha256": "b00279f286238da8846ba26b9d35614c43e67b64af9a8312d96481afdb675c04",
            "valid": true
          },
          {
            "byte_count": 576,
            "path": "frames/000012/rgb.bin",
            "sha256": "4810c6b18eac9252303ec0e837cf9413273a627eeb70cee5d00ecf64df2445c8",
            "valid": true
          },
          {
            "byte_count": 192,
            "path": "frames/000013/confidence.u8",
            "sha256": "90b88ae002ea844ed07d6f59bb868b0b9eb89a32dd2d6eea551437ccaa2fc141",
            "valid": true
          },
          {
            "byte_count": 768,
            "path": "frames/000013/depth.f32",
            "sha256": "854f3dd706be34881e0ba44ca4ce6c33423959f2cc0359c1770eb4b77a81c3a3",
            "valid": true
          },
          {
            "byte_count": 576,
            "path": "frames/000013/rgb.bin",
            "sha256": "492ca4ffac1f422d66e154622f0da2dac3d37d5ab9e6ca006c7924c8868b475f",
            "valid": true
          },
          {
            "byte_count": 192,
            "path": "frames/000014/confidence.u8",
            "sha256": "90b88ae002ea844ed07d6f59bb868b0b9eb89a32dd2d6eea551437ccaa2fc141",
            "valid": true
          },
          {
            "byte_count": 768,
            "path": "frames/000014/depth.f32",
            "sha256": "bb3544097785b5a0da2330b675fe15d53b512c2692f1d2bed7a10547847e33cb",
            "valid": true
          },
          {
            "byte_count": 576,
            "path": "frames/000014/rgb.bin",
            "sha256": "046e7016bd5e1de3ed6241d4fa56b3b1f320a4d2e32b033b00020319013eefe6",
            "valid": true
          },
          {
            "byte_count": 192,
            "path": "frames/000015/confidence.u8",
            "sha256": "90b88ae002ea844ed07d6f59bb868b0b9eb89a32dd2d6eea551437ccaa2fc141",
            "valid": true
          },
          {
            "byte_count": 768,
            "path": "frames/000015/depth.f32",
            "sha256": "3706a7cb786abd0d081ad19d84d586a24631402f796c504637fea28fc1e8c9fd",
            "valid": true
          },
          {
            "byte_count": 576,
            "path": "frames/000015/rgb.bin",
            "sha256": "f1fa1d9635928a59d19171fdc2fd995a36374cc6aa25d5db565df7c167aabe26",
            "valid": true
          }
        ],
        "frame_count": 16,
        "root_hash": "3801ced4a8aa3708e16807a72334543849a9c73a9ebd3d4977ec35d306ed8119",
        "schema_version": "1.0.0",
        "valid": true
      }
    },
    "durable_operation": {
      "attempts": 2,
      "checkpoints": [
        {
          "root_hash": "3801ced4a8aa3708e16807a72334543849a9c73a9ebd3d4977ec35d306ed8119",
          "safe_to_resume": true,
          "sequence": 1,
          "stage": "validated-input"
        },
        {
          "safe_to_resume": true,
          "sequence": 2,
          "source_checkpoint": {
            "root_hash": "3801ced4a8aa3708e16807a72334543849a9c73a9ebd3d4977ec35d306ed8119",
            "safe_to_resume": true,
            "sequence": 1,
            "stage": "validated-input"
          },
          "stage": "normalized"
        }
      ],
      "final_state": "succeeded",
      "operation_id": "8e9ebcde-90b6-4895-afd2-dfe0f5673c14",
      "output_hash": "b3928554a051f0f781f005c047347ab4f6d9f445990a6a1f7fd5625d3d7d51c9"
    },
    "ingest": {
      "capture_asset_id": "09920d8f-2564-465e-bb95-95a4c445f124"
    },
    "preservation": {
      "independent_runtime": "/mnt/data/sip-authoritative-work/runtime/demo/foundation/restore-runtime",
      "matching_root_hash": true,
      "operational_replay": {
        "counts": {
          "anchor_remaps": 0,
          "assertions": 0,
          "collaboration_comments": 0,
          "collaboration_tasks": 0,
          "consent_grants": 0,
          "construction_records": 0,
          "coordinate_frames": 1,
          "derivation_events": 0,
          "evidence_records": 0,
          "geometry_asset_manifests": 0,
          "legal_holds": 0,
          "measurements": 0,
          "memory_records": 0,
          "representation_bindings": 1,
          "representations": 1,
          "retention_rules": 0,
          "scene_branches": 1,
          "scene_commits": 2,
          "scene_entities": 1,
          "scene_tags": 0,
          "spatial_annotations": 0,
          "spatial_transforms": 0
        },
        "matches_package": true,
        "vertical_validation": {}
      },
      "package_path": "/mnt/data/sip-authoritative-work/runtime/demo/foundation/preservation.sip-preservation.zip",
      "package_sha256": "c47a5b67aa8ea341399bd44bf94af3eed56f1052fbb891f4b3fb20f1b577591d",
      "restored": {
        "commit_id": "568744a8-9941-4ad9-aaa0-1695e4d9d5ce",
        "domain_schema_version": "1.1.0",
        "id_maps": {
          "anchor_remap": {},
          "annotation": {},
          "assertion": {},
          "asset": {
            "09920d8f-2564-465e-bb95-95a4c445f124": "09920d8f-2564-465e-bb95-95a4c445f124",
            "467dae9f-952c-4be9-801f-509183ec9a6c": "467dae9f-952c-4be9-801f-509183ec9a6c"
          },
          "branch": {
            "987a8ee1-4514-4140-88a8-c7b7157c8fd5": "987a8ee1-4514-4140-88a8-c7b7157c8fd5"
          },
          "comment": {},
          "commit": {
            "568744a8-9941-4ad9-aaa0-1695e4d9d5ce": "568744a8-9941-4ad9-aaa0-1695e4d9d5ce",
            "e68a09fa-a041-40f4-a1ac-b89218084350": "e68a09fa-a041-40f4-a1ac-b89218084350"
          },
          "consent": {},
          "construction": {},
          "derivation": {},
          "entity": {
            "a0f2d2a6-7503-4f13-8e6e-907fd984c450": "a0f2d2a6-7503-4f13-8e6e-907fd984c450"
          },
          "evidence": {},
          "frame": {
            "world": "world"
          },
          "geometry_manifest": {},
          "legal_hold": {},
          "measurement": {},
          "memory": {},
          "representation": {
            "a62eed3f-f3b8-4a4f-9946-016776940a84": "a62eed3f-f3b8-4a4f-9946-016776940a84"
          },
          "representation_binding": {
            "05167c00-d75d-4c4f-9844-ab2ff8f65acd": "05167c00-d75d-4c4f-9844-ab2ff8f65acd"
          },
          "retention_rule": {},
          "scene": {
            "6399dfa5-0903-45c9-b2e8-464bd98a5256": "6399dfa5-0903-45c9-b2e8-464bd98a5256"
          },
          "scene_tag": {},
          "spatial_transform": {},
          "task": {}
        },
        "native_replay": true,
        "non_activated_evidence": {
          "archived_tables": [
            "agent_proposals",
            "audit_events",
            "deletion_evidence",
            "deletion_requests",
            "exports",
            "notifications",
            "operations",
            "outbox_events",
            "quota_policies",
            "role_bindings",
            "saved_queries",
            "search_documents",
            "usage_ledger"
          ],
          "governance_tables": [
            "model_manifests",
            "provider_manifests"
          ],
          "provider_model_reapproval_required": true,
          "search_reindex_required": true,
          "security_bindings_replayed": false
        },
        "preservation_package_asset_id": "95a0d263-1348-4720-beb3-16b8431a1220",
        "preservation_package_sha256": "c47a5b67aa8ea341399bd44bf94af3eed56f1052fbb891f4b3fb20f1b577591d",
        "project_id": "project-restored-foundation",
        "replayed_counts": {
          "anchor_remaps": 0,
          "assertions": 0,
          "collaboration_comments": 0,
          "collaboration_tasks": 0,
          "consent_grants": 0,
          "construction_records": 0,
          "coordinate_frames": 1,
          "derivation_events": 0,
          "evidence_records": 0,
          "geometry_asset_manifests": 0,
          "legal_holds": 0,
          "measurements": 0,
          "memory_records": 0,
          "representation_bindings": 1,
          "representations": 1,
          "retention_rules": 0,
          "scene_branches": 1,
          "scene_commits": 2,
          "scene_entities": 1,
          "scene_tags": 0,
          "spatial_annotations": 0,
          "spatial_transforms": 0
        },
        "restored_assets": {
          "count": 2,
          "remapped_ids": 0,
          "unique_objects": 2
        },
        "scene_id": "6399dfa5-0903-45c9-b2e8-464bd98a5256",
        "semantic_snapshot_hash": "1b67ee93e34dced96b0ba673e2e533ebc60568d66f1236a97e3c5465f2a6deda",
        "source_root_hash": "fe56561a9fb27b4fe3c69dd469c9d9c6901d281d53ea4481878f7b91be55a1f6",
        "tenant_id": "tenant-restored-foundation",
        "unresolved_references": []
      },
      "restored_assets": 3,
      "root_hash": "fe56561a9fb27b4fe3c69dd469c9d9c6901d281d53ea4481878f7b91be55a1f6",
      "verified_files": 5
    },
    "scene": {
      "entity_id": "a0f2d2a6-7503-4f13-8e6e-907fd984c450",
      "initial_commit": "e68a09fa-a041-40f4-a1ac-b89218084350",
      "metric_commit": {
        "branch": "main",
        "change_evidence_ids": [],
        "commit_id": "568744a8-9941-4ad9-aaa0-1695e4d9d5ce",
        "field_visit_id": null,
        "parent_ids": [
          "e68a09fa-a041-40f4-a1ac-b89218084350"
        ],
        "recorded_at": "2026-07-28T00:40:27.131410+00:00",
        "review_state": "unreviewed",
        "root_manifest_hash": "1b67ee93e34dced96b0ba673e2e533ebc60568d66f1236a97e3c5465f2a6deda",
        "snapshot_hash": "1b67ee93e34dced96b0ba673e2e533ebc60568d66f1236a97e3c5465f2a6deda",
        "valid_from": null,
        "valid_to": null,
        "workflow_event_id": null
      },
      "metric_representation_id": "a62eed3f-f3b8-4a4f-9946-016776940a84",
      "scene_id": "6399dfa5-0903-45c9-b2e8-464bd98a5256"
    },
    "viewer": {
      "external_dependencies": [],
      "portable": true,
      "session": "/mnt/data/sip-authoritative-work/runtime/demo/foundation/viewer-session.json",
      "session_sha256": "fdce1c3266a04f06e03f22626694bdf537d4d3134e473a0110786bfe2bf985c6",
      "viewer": "/mnt/data/sip-authoritative-work/runtime/demo/foundation/viewer.html",
      "viewer_sha256": "d7eac68d60da9ede611fb823c1e07fc35ec723d7986845a4a4544a608a8bbd39"
    }
  },
  "schema": "sip.demo-evidence/v1",
  "started_at": "2026-07-28T00:40:26.146027+00:00",
  "status": "passed"
}
=== hybrid ===
PYTHONPATH=/mnt/data/sip-authoritative-work/src:/mnt/data/sip-authoritative-work python tools/run_demo.py hybrid
{
  "artifacts": [
    {
      "bytes": 269,
      "path": "runtime/objects/06/83/068331e400cb15f3b2965603ede79b8d9b6e619c2c0d586a4bd600bc7b362eed.enc",
      "sha256": "64d6614b656f803286af083f663f878023f5fb82f7be99759db337673ea2b4a8"
    },
    {
      "bytes": 319,
      "path": "runtime/objects/06/83/068331e400cb15f3b2965603ede79b8d9b6e619c2c0d586a4bd600bc7b362eed.meta.json",
      "sha256": "bfa0bb4284ccf4c812ca6e268ee0790a812c0987617314a8fe3f4fb765cb7d20"
    },
    {
      "bytes": 222,
      "path": "runtime/objects/1b/90/1b909691605f5fb736c8b1e53aa4fd6eccdb12cce0973bbaf7d8a07f56ce1af5.enc",
      "sha256": "789750bd5ec4e65c5184e6546d8682a80303e71df3d67e96d23bb9b7eef28368"
    },
    {
      "bytes": 319,
      "path": "runtime/objects/1b/90/1b909691605f5fb736c8b1e53aa4fd6eccdb12cce0973bbaf7d8a07f56ce1af5.meta.json",
      "sha256": "62b09fa4da06e42641efc4452fa21bcb5a9f0347e8d061a1628a984fa52d42bb"
    },
    {
      "bytes": 264,
      "path": "runtime/objects/cf/71/cf71e692c5b0a39a3a279567d51e67fd72d9be8a4ffca7f3fd517b29717ca2d9.enc",
      "sha256": "8bef2b9bff3ca87ec037205e88b4106104ebec437a1908a5d1c02294fef09865"
    },
    {
      "bytes": 319,
      "path": "runtime/objects/cf/71/cf71e692c5b0a39a3a279567d51e67fd72d9be8a4ffca7f3fd517b29717ca2d9.meta.json",
      "sha256": "064b07ed1e99d1aa5ad21ccd62ccf5d84b52895e89088312dfc75e332ab66fd4"
    },
    {
      "bytes": 2713,
      "path": "runtime/objects/f2/3a/f23a9779d190357c2414af0a406987a0d37066ea8eaa25d52a8a981b6a7915ba.enc",
      "sha256": "35f35d358eb00861c0e4e66551c8a14b236b3c58c1834616000434a0c3a33667"
    },
    {
      "bytes": 319,
      "path": "runtime/objects/f2/3a/f23a9779d190357c2414af0a406987a0d37066ea8eaa25d52a8a981b6a7915ba.meta.json",
      "sha256": "b6e6c135305a51458e3a2ca5f63b5c7a984afbac43958ac32c8e29ef9679b77b"
    },
    {
      "bytes": 238,
      "path": "runtime/objects/f3/2e/f32e78b6b6b5507fc7873d5e41ab12f7ca5f5d481cc55b038e53e6a8b9e07dcc.enc",
      "sha256": "e616ab99c7d995527799184a53fa49ee301c61563835513bbe7f16a7ae6e17bb"
    },
    {
      "bytes": 319,
      "path": "runtime/objects/f3/2e/f32e78b6b6b5507fc7873d5e41ab12f7ca5f5d481cc55b038e53e6a8b9e07dcc.meta.json",
      "sha256": "76eaf596df35e3e9c7a97488a0f6a5c4fe1137713363ef1f75685ab192fb56aa"
    },
    {
      "bytes": 1671168,
      "path": "runtime/sip.sqlite3",
      "sha256": "ea953a67f07bf6f0dbeaa96b8bc701db57eaaf8608c420fd124adbce250d7a5b"
    },
    {
      "bytes": 2936,
      "path": "viewer-session.json",
      "sha256": "748e73ba46059613c80385ccfec22bfb292ae6697e5dac7f1241b2f03a1b4353"
    },
    {
      "bytes": 5426,
      "path": "viewer.html",
      "sha256": "81424feb3126ca496fcff33a872d9f0d1865c7ab926d08e234c7470f62bfbc43"
    }
  ],
  "canonical_scenario": "hybrid",
  "claims": "Synthetic acceptance evidence only; this is not a customer pilot, physical-device validation, survey, legal approval, or production-load result.",
  "demonstration": "hybrid",
  "environment": {
    "git": {
      "commit": "8af0aafa0425b3f190b14fa63701990f0bd6d343",
      "dirty_paths": 348,
      "working_tree_clean": false
    },
    "platform": "Linux-6.12.13-x86_64-with-glibc2.41",
    "python": "3.13.5"
  },
  "error": null,
  "evidence_hash": "49f648500c8d9af4fb597648fac4f1842e61c5a1bba5577a17e01c86ce15da7e",
  "finished_at": "2026-07-28T00:40:30.356479+00:00",
  "result": {
    "acceptance": {
      "all_layers_same_frame": true,
      "direct_proxy_measurement_blocked": true,
      "prior_commit_preserved": true,
      "proxy_hit_re_resolved": true,
      "unresolved_anchor_reported": true
    },
    "direct_proxy_measurement_blocked": true,
    "proxy_pick": {
      "acceptance_threshold_m": 0.03,
      "authoritative_measurement_allowed": true,
      "estimated_residual_m": 0.01,
      "interaction_hit": {
        "normal": [
          0.0,
          1.0,
          0.0
        ],
        "representation_id": "10f7fb60-2e11-42e7-8777-de7cf95c4b3e",
        "representation_kind": "interaction",
        "support_hint": {},
        "world_point": [
          1.0,
          1.0,
          0.0
        ]
      },
      "metric_representation_id": "3c24f2fd-95f4-4791-8b89-e27432166fae",
      "metric_source_asset_ids": [
        "45edaa4f-ce6b-457a-b0ed-f7c680da2ebe"
      ],
      "proxy_representation_id": "10f7fb60-2e11-42e7-8777-de7cf95c4b3e",
      "reason": null,
      "resolved": true,
      "resolved_metric_evidence": {
        "acceptance_threshold_m": 0.03,
        "coordinate_frame_id": "world",
        "estimated_residual_m": 0.01,
        "metric_representation_id": "3c24f2fd-95f4-4791-8b89-e27432166fae",
        "metric_source_asset_ids": [
          "45edaa4f-ce6b-457a-b0ed-f7c680da2ebe"
        ],
        "resolution_method": "support_map_metric_reprojection"
      },
      "world_point": [
        1.0,
        1.0,
        0.0
      ]
    },
    "replacement": {
      "new_representation_id": "249c45cd-01f2-419b-91f5-c3e206865ac8",
      "old_representation_id": "10f7fb60-2e11-42e7-8777-de7cf95c4b3e",
      "reprojected": 1,
      "reprojected_anchor_ids": [
        "anchor-panel"
      ],
      "unresolved": 1,
      "unresolved_anchors": [
        {
          "anchor_id": "anchor-removed",
          "point": [
            3.5,
            1.0,
            0.0
          ],
          "semantic_support_id": "entity-removed"
        }
      ]
    },
    "representations": {
      "design": "53ce58a9-e0b4-498d-b85a-b0d03e324a2f",
      "metric": "3c24f2fd-95f4-4791-8b89-e27432166fae",
      "proxy_v1": "10f7fb60-2e11-42e7-8777-de7cf95c4b3e",
      "proxy_v2": "249c45cd-01f2-419b-91f5-c3e206865ac8",
      "visual": "6e48ae83-8452-43cd-902b-c530487119ac"
    },
    "scene": {
      "after_replacement_commit": {
        "branch": "main",
        "change_evidence_ids": [],
        "commit_id": "75c063ef-60d0-4b25-8b66-8e7e005f69b6",
        "field_visit_id": null,
        "parent_ids": [
          "d98861cf-c0a4-4e9b-ac06-66153a44ed20"
        ],
        "recorded_at": "2026-07-28T00:40:30.347703+00:00",
        "review_state": "unreviewed",
        "root_manifest_hash": "10b447cd60eec106cc77e0d79b9adbc04d078df270a28a5c7b66e2b3e404ceff",
        "snapshot_hash": "10b447cd60eec106cc77e0d79b9adbc04d078df270a28a5c7b66e2b3e404ceff",
        "valid_from": null,
        "valid_to": null,
        "workflow_event_id": null
      },
      "before_replacement_commit": {
        "branch": "main",
        "change_evidence_ids": [],
        "commit_id": "d98861cf-c0a4-4e9b-ac06-66153a44ed20",
        "field_visit_id": null,
        "parent_ids": [
          "d3b9b806-d040-41de-9404-80b79006d773"
        ],
        "recorded_at": "2026-07-28T00:40:30.311209+00:00",
        "review_state": "unreviewed",
        "root_manifest_hash": "65f74770f3a14d0245ae0747b6883514656f5ff70f11d99f72db80bf9d231a20",
        "snapshot_hash": "65f74770f3a14d0245ae0747b6883514656f5ff70f11d99f72db80bf9d231a20",
        "valid_from": null,
        "valid_to": null,
        "workflow_event_id": null
      },
      "diff": {
        "entities": {
          "added": [],
          "modified": [],
          "removed": []
        },
        "left": "d98861cf-c0a4-4e9b-ac06-66153a44ed20",
        "representation_changed": true,
        "right": "75c063ef-60d0-4b25-8b66-8e7e005f69b6"
      },
      "initial_commit": "d3b9b806-d040-41de-9404-80b79006d773",
      "scene_id": "fbea714e-7992-4e27-b439-cf562c81eecd"
    },
    "viewer": {
      "external_dependencies": [],
      "portable": true,
      "session": "/mnt/data/sip-authoritative-work/runtime/demo/hybrid/viewer-session.json",
      "session_sha256": "748e73ba46059613c80385ccfec22bfb292ae6697e5dac7f1241b2f03a1b4353",
      "viewer": "/mnt/data/sip-authoritative-work/runtime/demo/hybrid/viewer.html",
      "viewer_sha256": "81424feb3126ca496fcff33a872d9f0d1865c7ab926d08e234c7470f62bfbc43"
    }
  },
  "schema": "sip.demo-evidence/v1",
  "started_at": "2026-07-28T00:40:29.278334+00:00",
  "status": "passed"
}
=== construction ===
PYTHONPATH=/mnt/data/sip-authoritative-work/src:/mnt/data/sip-authoritative-work python tools/run_demo.py construction
{
  "artifacts": [
    {
      "bytes": 825,
      "path": "handoff/ifc-handoff.json",
      "sha256": "a8a0f63bd853a767731920eae7de61d3c377c4d8fb3977df219ee4dbc9f8507e"
    },
    {
      "bytes": 473,
      "path": "handoff/project.bcf.json",
      "sha256": "417bdc279d06e80bc9f10178a41f9202d408d400ad49301dabb54d65cd1d1b52"
    },
    {
      "bytes": 19408,
      "path": "input/construction-area.sipcapture",
      "sha256": "1ae29409ec673cd5e0b20b6eb9406533a4fda8ed7ebcb1c09ed5371aa7f6c096"
    },
    {
      "bytes": 31136,
      "path": "preservation.sip-preservation.zip",
      "sha256": "f7874992bbd055f420d494ba77958aecd4a80f84b7eec38fe54864007b939a6c"
    },
    {
      "bytes": 700,
      "path": "reports/owner-report.json",
      "sha256": "9f205f270fdf3633cacf97f4782ad7d5c8d759d64b4a00cd8229533ea080e991"
    },
    {
      "bytes": 1511,
      "path": "reports/technical-report.json",
      "sha256": "dade90bb5714ba778e26adc5a680c757373b3d26b0688a1fdf0d04f7b9d78652"
    },
    {
      "bytes": 19424,
      "path": "restore-runtime/objects/1a/e2/1ae29409ec673cd5e0b20b6eb9406533a4fda8ed7ebcb1c09ed5371aa7f6c096.enc",
      "sha256": "6445fb010569bd926c95b8abb7c96c1f272f725aaf50ca350b2a2e96b9db2929"
    },
    {
      "bytes": 319,
      "path": "restore-runtime/objects/1a/e2/1ae29409ec673cd5e0b20b6eb9406533a4fda8ed7ebcb1c09ed5371aa7f6c096.meta.json",
      "sha256": "f6e5f2a473fffabe25f1ffb267c4e816be9b0e1cce208ef7d3fb493890a701f2"
    },
    {
      "bytes": 57,
      "path": "restore-runtime/objects/30/bc/30bc98915432b4a56c6714d57dbb2fb2aec09bf42b1d21553d4b7fcbfb19e0fa.enc",
      "sha256": "3b87a50c77c34deb7cdc36e6cfa410c31a14e8e16742e637d29684904ab6be75"
    },
    {
      "bytes": 319,
      "path": "restore-runtime/objects/30/bc/30bc98915432b4a56c6714d57dbb2fb2aec09bf42b1d21553d4b7fcbfb19e0fa.meta.json",
      "sha256": "7aa3fb80dc98fb166d03a271b8508f929df6c7ac39d8ed95bc20b5d847a1cc93"
    },
    {
      "bytes": 50,
      "path": "restore-runtime/objects/4d/ab/4daba01ad9fdbd076c80faa5026e0572cbe8a42e9e866c5cf9019287719dc779.enc",
      "sha256": "dcbe7a51aabe98aa16d0e1482245fa8c2e420a7b0fc98a9caabf255950450d47"
    },
    {
      "bytes": 319,
      "path": "restore-runtime/objects/4d/ab/4daba01ad9fdbd076c80faa5026e0572cbe8a42e9e866c5cf9019287719dc779.meta.json",
      "sha256": "ef379a2b74e27e84528d9f380868515c0fbb99422ebacc7827182b233accfc37"
    },
    {
      "bytes": 42,
      "path": "restore-runtime/objects/88/34/88347fe5104406cd5c490deb31bff20b09c6016595a88ebbe85b6ac4a850baf8.enc",
      "sha256": "2c3402ed0b119e54a26e741c311b3232bc5736237061574e2bcfc5faf22dd74c"
    },
    {
      "bytes": 319,
      "path": "restore-runtime/objects/88/34/88347fe5104406cd5c490deb31bff20b09c6016595a88ebbe85b6ac4a850baf8.meta.json",
      "sha256": "a9a378320eff1f425c390928f2a4e73f0a2f70575d952fec7327ea4dd0b4d0c0"
    },
    {
      "bytes": 76,
      "path": "restore-runtime/objects/cc/eb/cceb61914f938908557da8f2f3bc332a83c855f3055dbea312798b132cc8b1eb.enc",
      "sha256": "d3ecddc1697ae23b74576b54dcf1f61b9f926608773c872f2402b238631d4a14"
    },
    {
      "bytes": 319,
      "path": "restore-runtime/objects/cc/eb/cceb61914f938908557da8f2f3bc332a83c855f3055dbea312798b132cc8b1eb.meta.json",
      "sha256": "2de6ab10eaf2cb6ab44e38c555305a6b040a587c15fa48d99b2ed258c9220b80"
    },
    {
      "bytes": 65,
      "path": "restore-runtime/objects/e5/c0/e5c0318ea1eda7b26c91702c7266adbe0552092b10e8da071ef754919adca3bc.enc",
      "sha256": "7e7d5ffcbc6ad487c43b27dc578f7f9b7e44b5c317d308c97d6ac3d05d8a9613"
    },
    {
      "bytes": 319,
      "path": "restore-runtime/objects/e5/c0/e5c0318ea1eda7b26c91702c7266adbe0552092b10e8da071ef754919adca3bc.meta.json",
      "sha256": "67925072ab0082e7760f52773b4bdf0bd5fb2018d88077387ffd1412f6e09430"
    },
    {
      "bytes": 51,
      "path": "restore-runtime/objects/ed/d6/edd6b3d0e4a41a069ea47e7eb390b4c9dd7c49943929fc13e7686bb51a7579c2.enc",
      "sha256": "61931e19a1b575caa11d69f6488670d46fa8870e80f8bd40541b7b0fc805ea8f"
    },
    {
      "bytes": 319,
      "path": "restore-runtime/objects/ed/d6/edd6b3d0e4a41a069ea47e7eb390b4c9dd7c49943929fc13e7686bb51a7579c2.meta.json",
      "sha256": "1b7275379b1532658a41dc151bca6eb7aae41570fe5e2be104f16f80822f7016"
    },
    {
      "bytes": 31152,
      "path": "restore-runtime/objects/f7/87/f7874992bbd055f420d494ba77958aecd4a80f84b7eec38fe54864007b939a6c.enc",
      "sha256": "4a6cb588cdc972d9126c0ac95b00c3e887ef5f49388a725b2e2e9503e7a7e88a"
    },
    {
      "bytes": 319,
      "path": "restore-runtime/objects/f7/87/f7874992bbd055f420d494ba77958aecd4a80f84b7eec38fe54864007b939a6c.meta.json",
      "sha256": "fd0edb3b4b33001a5ec1b8e4cc93b377291b6e03cf2cf6e396e80c3343e99004"
    },
    {
      "bytes": 45,
      "path": "restore-runtime/objects/f9/b4/f9b46f3583cdda6dea33402feb9611e80c0548fcbe1eacf894956d511f8892d1.enc",
      "sha256": "a2859f3f914aebb63322a9aac688071ce5db96bc38b87871cbe062b9e7b4e750"
    },
    {
      "bytes": 319,
      "path": "restore-runtime/objects/f9/b4/f9b46f3583cdda6dea33402feb9611e80c0548fcbe1eacf894956d511f8892d1.meta.json",
      "sha256": "7b09dd104edd4d5e8a1cabfb23e6d3ff948ddce78676d86b100aee3876f0e6c0"
    },
    {
      "bytes": 1642496,
      "path": "restore-runtime/sip.sqlite3",
      "sha256": "8fcefac428d691e8dd941c8b706e04c45f43bf46c0d216561851e81b22215445"
    },
    {
      "bytes": 19424,
      "path": "runtime/objects/1a/e2/1ae29409ec673cd5e0b20b6eb9406533a4fda8ed7ebcb1c09ed5371aa7f6c096.enc",
      "sha256": "4593fbc352e8329590468c0371429e6eb46e536e7f9eff2260ba7ff3f2f1cc59"
    },
    {
      "bytes": 319,
      "path": "runtime/objects/1a/e2/1ae29409ec673cd5e0b20b6eb9406533a4fda8ed7ebcb1c09ed5371aa7f6c096.meta.json",
      "sha256": "e1df051a109e18c99dcc091867e94083b3263e1959779cf3a053cd873b42f1e1"
    },
    {
      "bytes": 57,
      "path": "runtime/objects/30/bc/30bc98915432b4a56c6714d57dbb2fb2aec09bf42b1d21553d4b7fcbfb19e0fa.enc",
      "sha256": "ca5b2e47cd97078114b7f676fc23fe910da8d5081ffb8d3f5aa7914335230553"
    },
    {
      "bytes": 319,
      "path": "runtime/objects/30/bc/30bc98915432b4a56c6714d57dbb2fb2aec09bf42b1d21553d4b7fcbfb19e0fa.meta.json",
      "sha256": "40751a2cd01c449d8bf329dd3aeb7ec1e6f2073703e4e5ea4594d525beeb3b32"
    },
    {
      "bytes": 50,
      "path": "runtime/objects/4d/ab/4daba01ad9fdbd076c80faa5026e0572cbe8a42e9e866c5cf9019287719dc779.enc",
      "sha256": "df226b571e6c545bc3fc030c7720c3478628aa8fabeaf1768e0ff62d50f8bbab"
    },
    {
      "bytes": 319,
      "path": "runtime/objects/4d/ab/4daba01ad9fdbd076c80faa5026e0572cbe8a42e9e866c5cf9019287719dc779.meta.json",
      "sha256": "3671de1e4deeceb9831f0a5a5b9c42ecc439eeb95129da491134b5e6e7f2bf66"
    },
    {
      "bytes": 42,
      "path": "runtime/objects/88/34/88347fe5104406cd5c490deb31bff20b09c6016595a88ebbe85b6ac4a850baf8.enc",
      "sha256": "f8a833bdfd35f2a3086408b5d367a39e4c8a8afa6d122ebd314ecb420a766c11"
    },
    {
      "bytes": 319,
      "path": "runtime/objects/88/34/88347fe5104406cd5c490deb31bff20b09c6016595a88ebbe85b6ac4a850baf8.meta.json",
      "sha256": "f36d9447dc660c0f30f359986170dcbcd08e248a6b44404ee29d0158363768e2"
    },
    {
      "bytes": 76,
      "path": "runtime/objects/cc/eb/cceb61914f938908557da8f2f3bc332a83c855f3055dbea312798b132cc8b1eb.enc",
      "sha256": "683732247eedb27b697be90be67c1da7f3d470213733333fb990a4b65daabff7"
    },
    {
      "bytes": 319,
      "path": "runtime/objects/cc/eb/cceb61914f938908557da8f2f3bc332a83c855f3055dbea312798b132cc8b1eb.meta.json",
      "sha256": "6a9872c7bbe1133625938dcbde40d3d3abdb32474a2bd10796c37773fba7a02d"
    },
    {
      "bytes": 65,
      "path": "runtime/objects/e5/c0/e5c0318ea1eda7b26c91702c7266adbe0552092b10e8da071ef754919adca3bc.enc",
      "sha256": "8e4a19070253565da9499b89f8d7626a34213f66c592e0020a4493d3e256d31a"
    },
    {
      "bytes": 319,
      "path": "runtime/objects/e5/c0/e5c0318ea1eda7b26c91702c7266adbe0552092b10e8da071ef754919adca3bc.meta.json",
      "sha256": "35ca2d566151c7aa67e73b87aa485afdb817bfd206780223c60a69bcd9af01a5"
    },
    {
      "bytes": 51,
      "path": "runtime/objects/ed/d6/edd6b3d0e4a41a069ea47e7eb390b4c9dd7c49943929fc13e7686bb51a7579c2.enc",
      "sha256": "a10d204c97367fefa7f0b218713b99485d40cf10f2565ebcb4764a9cb4ad03c3"
    },
    {
      "bytes": 319,
      "path": "runtime/objects/ed/d6/edd6b3d0e4a41a069ea47e7eb390b4c9dd7c49943929fc13e7686bb51a7579c2.meta.json",
      "sha256": "e62a43179cfc66756cad5e49ca529e1a7c44013c4527e2c09eb85a6dbc4e5754"
    },
    {
      "bytes": 45,
      "path": "runtime/objects/f9/b4/f9b46f3583cdda6dea33402feb9611e80c0548fcbe1eacf894956d511f8892d1.enc",
      "sha256": "71e348e23c01e17e2163dba27b27ec44163a1bd3acacd4e1d1672903c9717b66"
    },
    {
      "bytes": 319,
      "path": "runtime/objects/f9/b4/f9b46f3583cdda6dea33402feb9611e80c0548fcbe1eacf894956d511f8892d1.meta.json",
      "sha256": "5cc32fb81171181247cb94dfbbf822e5171fc8192a6d5736f47b425821093e77"
    },
    {
      "bytes": 1650688,
      "path": "runtime/sip.sqlite3",
      "sha256": "66733b74459b8f3025e4321ef75dabbbbc9784172e1be096f4df7bfd2d2030a8"
    }
  ],
  "canonical_scenario": "construction",
  "claims": "Synthetic acceptance evidence only; this is not a customer pilot, physical-device validation, survey, legal approval, or production-load result.",
  "demonstration": "construction",
  "environment": {
    "git": {
      "commit": "8af0aafa0425b3f190b14fa63701990f0bd6d343",
      "dirty_paths": 348,
      "working_tree_clean": false
    },
    "platform": "Linux-6.12.13-x86_64-with-glibc2.41",
    "python": "3.13.5"
  },
  "error": null,
  "evidence_hash": "e09f25345c861b144b47443a401093b866bcae422856769bf37dc6ff0d83a5dc",
  "finished_at": "2026-07-28T00:40:35.157976+00:00",
  "result": {
    "acceptance": {
      "capture_finalized_locally": true,
      "capture_pause_recovered": true,
      "deficiency_closed_after_retest": true,
      "design_observed_verified_not_collapsed": true,
      "drawing_imported": true,
      "field_measurement_verified": true,
      "restored": true,
      "semantic_diff_reviewable": true,
      "states_distinct": true,
      "warning_present": true
    },
    "capture": {
      "asset_id": "b9ab9a0a-5d0d-4173-aa8f-3b47d9b526d3",
      "path": "/mnt/data/sip-authoritative-work/runtime/demo/construction/input/construction-area.sipcapture",
      "root_hash": "5a4eb38dac181f7965a4b513db50bebe1fd31e4b421f8c22c430dbdf0189d147"
    },
    "capture_recovery": {
      "attempts": 2,
      "final_state": "succeeded",
      "finalized_locally": true,
      "operation_id": "75e1d189-9b1b-4d56-8fdd-a6f8b3b683bb",
      "paused_checkpoint": {
        "root_hash": "5a4eb38dac181f7965a4b513db50bebe1fd31e4b421f8c22c430dbdf0189d147",
        "safe_to_resume": true,
        "sequence": 1,
        "stage": "local-package-validated"
      },
      "resumed_checkpoint": {
        "prior_checkpoint": {
          "root_hash": "5a4eb38dac181f7965a4b513db50bebe1fd31e4b421f8c22c430dbdf0189d147",
          "safe_to_resume": true,
          "sequence": 1,
          "stage": "local-package-validated"
        },
        "safe_to_resume": true,
        "sequence": 2,
        "stage": "resumed-and-finalized"
      }
    },
    "deficiency": {
      "correction": {
        "deficiency_id": "bfa341b8-d071-4916-ab9d-f4b9fba20223",
        "history_count": 3,
        "state": "closed",
        "test_result": "pass"
      },
      "id": "bfa341b8-d071-4916-ab9d-f4b9fba20223"
    },
    "documents": [
      "a0726e24-e0d7-44da-99d9-1b9f20fe3ffd",
      "6f542499-2aba-4388-89fe-6f3457ad28f6",
      "0d88d1ae-c602-4569-9ed1-6a9f9e2ffa7e",
      "5da2016e-357b-485c-bfa9-20abc935f66c"
    ],
    "hierarchy": {
      "building": "fe6be07c-3558-4475-9524-5c6b44871b9c",
      "level": "e73885a5-314f-4c13-b98e-5b6750d9e119",
      "room": "d52e0a90-85cf-402c-b5ad-29bfebb41a85",
      "site": "73ae73ac-c5bc-4397-a6ed-9da1e9a36723"
    },
    "measurement": {
      "id": "719afcb0-f20f-4061-8107-2e777294e564",
      "source": {
        "authority_class": "field_verified",
        "calibration": {
          "asset_id": "fc9a7293-69f5-48dd-b24d-b0e5505648a8",
          "certificate": "SYN-CAL-001",
          "instrument": "traceable laser"
        },
        "measurement_id": "719afcb0-f20f-4061-8107-2e777294e564",
        "source_asset_ids": [
          "11816bd6-cf5d-43af-91ba-4d6a29ee2d4f",
          "fc9a7293-69f5-48dd-b24d-b0e5505648a8"
        ],
        "uncertainty": 0.003,
        "unit": "m",
        "value": 1.52,
        "verified_at": "2026-07-28T00:40:33.610406",
        "verifier_id": "demo-field-verifier"
      }
    },
    "preservation": {
      "independent_runtime": "/mnt/data/sip-authoritative-work/runtime/demo/construction/restore-runtime",
      "matching_root_hash": true,
      "operational_replay": {
        "counts": {
          "anchor_remaps": 0,
          "assertions": 0,
          "collaboration_comments": 0,
          "collaboration_tasks": 0,
          "consent_grants": 0,
          "construction_records": 17,
          "coordinate_frames": 1,
          "derivation_events": 0,
          "evidence_records": 0,
          "geometry_asset_manifests": 0,
          "legal_holds": 0,
          "measurements": 1,
          "memory_records": 0,
          "representation_bindings": 0,
          "representations": 0,
          "retention_rules": 0,
          "scene_branches": 1,
          "scene_commits": 1,
          "scene_entities": 1,
          "scene_tags": 0,
          "spatial_annotations": 0,
          "spatial_transforms": 0
        },
        "matches_package": true,
        "vertical_validation": {
          "domain_service_query_passed": true,
          "measurement_count": 1,
          "technical_record_count": 17
        }
      },
      "package_path": "/mnt/data/sip-authoritative-work/runtime/demo/construction/preservation.sip-preservation.zip",
      "package_sha256": "f7874992bbd055f420d494ba77958aecd4a80f84b7eec38fe54864007b939a6c",
      "restored": {
        "commit_id": "0efd75d9-c6d3-4a57-9365-9ba835ba9e43",
        "domain_schema_version": "1.1.0",
        "id_maps": {
          "anchor_remap": {},
          "annotation": {},
          "assertion": {},
          "asset": {
            "01b7e2de-838a-4275-ae38-48467ff3a8b1": "01b7e2de-838a-4275-ae38-48467ff3a8b1",
            "08fda03c-ec28-4b10-8cd2-b6f16144e309": "08fda03c-ec28-4b10-8cd2-b6f16144e309",
            "11816bd6-cf5d-43af-91ba-4d6a29ee2d4f": "11816bd6-cf5d-43af-91ba-4d6a29ee2d4f",
            "195d28ed-e5e3-47c9-857b-2814880c7a94": "195d28ed-e5e3-47c9-857b-2814880c7a94",
            "2c616f6d-6a67-479e-9627-ccb241d0a80b": "2c616f6d-6a67-479e-9627-ccb241d0a80b",
            "a583d857-ff12-4723-9106-50622ea26eaa": "a583d857-ff12-4723-9106-50622ea26eaa",
            "b9ab9a0a-5d0d-4173-aa8f-3b47d9b526d3": "b9ab9a0a-5d0d-4173-aa8f-3b47d9b526d3",
            "fc9a7293-69f5-48dd-b24d-b0e5505648a8": "fc9a7293-69f5-48dd-b24d-b0e5505648a8"
          },
          "branch": {
            "afbe7d50-f3b0-409c-81e9-b6e8c553500d": "afbe7d50-f3b0-409c-81e9-b6e8c553500d"
          },
          "comment": {},
          "commit": {
            "0efd75d9-c6d3-4a57-9365-9ba835ba9e43": "0efd75d9-c6d3-4a57-9365-9ba835ba9e43"
          },
          "consent": {},
          "construction": {
            "0d88d1ae-c602-4569-9ed1-6a9f9e2ffa7e": "0d88d1ae-c602-4569-9ed1-6a9f9e2ffa7e",
            "10771762-f415-4889-80ce-d2ef9e703109": "10771762-f415-4889-80ce-d2ef9e703109",
            "1220f354-919e-44ec-8e27-c448c4166b17": "1220f354-919e-44ec-8e27-c448c4166b17",
            "3b282220-e97c-4e92-84a7-1c1f9dceb5e3": "3b282220-e97c-4e92-84a7-1c1f9dceb5e3",
            "5da2016e-357b-485c-bfa9-20abc935f66c": "5da2016e-357b-485c-bfa9-20abc935f66c",
            "6f542499-2aba-4388-89fe-6f3457ad28f6": "6f542499-2aba-4388-89fe-6f3457ad28f6",
            "73ae73ac-c5bc-4397-a6ed-9da1e9a36723": "73ae73ac-c5bc-4397-a6ed-9da1e9a36723",
            "84c17f66-123b-442c-a202-b67103568b1b": "84c17f66-123b-442c-a202-b67103568b1b",
            "9f9f08a1-e923-41c7-8b94-951661a1e4ee": "9f9f08a1-e923-41c7-8b94-951661a1e4ee",
            "a0726e24-e0d7-44da-99d9-1b9f20fe3ffd": "a0726e24-e0d7-44da-99d9-1b9f20fe3ffd",
            "bfa341b8-d071-4916-ab9d-f4b9fba20223": "bfa341b8-d071-4916-ab9d-f4b9fba20223",
            "d52e0a90-85cf-402c-b5ad-29bfebb41a85": "d52e0a90-85cf-402c-b5ad-29bfebb41a85",
            "d812fdf4-40eb-4f3d-b28f-38c597943873": "d812fdf4-40eb-4f3d-b28f-38c597943873",
            "e73885a5-314f-4c13-b98e-5b6750d9e119": "e73885a5-314f-4c13-b98e-5b6750d9e119",
            "eb3ae027-7f88-459a-9849-38a77837d51b": "eb3ae027-7f88-459a-9849-38a77837d51b",
            "fdf40736-41a8-4f54-b7b8-1666a05d1490": "fdf40736-41a8-4f54-b7b8-1666a05d1490",
            "fe6be07c-3558-4475-9524-5c6b44871b9c": "fe6be07c-3558-4475-9524-5c6b44871b9c"
          },
          "derivation": {},
          "entity": {
            "entity-facp": "entity-facp"
          },
          "evidence": {},
          "frame": {
            "world": "world"
          },
          "geometry_manifest": {},
          "legal_hold": {},
          "measurement": {
            "719afcb0-f20f-4061-8107-2e777294e564": "719afcb0-f20f-4061-8107-2e777294e564"
          },
          "memory": {},
          "representation": {},
          "representation_binding": {},
          "retention_rule": {},
          "scene": {
            "ed43bfd0-e26a-4ea3-989f-1ae974c17a3c": "ed43bfd0-e26a-4ea3-989f-1ae974c17a3c"
          },
          "scene_tag": {},
          "spatial_transform": {},
          "task": {}
        },
        "native_replay": true,
        "non_activated_evidence": {
          "archived_tables": [
            "agent_proposals",
            "audit_events",
            "deletion_evidence",
            "deletion_requests",
            "exports",
            "notifications",
            "operations",
            "outbox_events",
            "quota_policies",
            "role_bindings",
            "saved_queries",
            "search_documents",
            "usage_ledger"
          ],
          "governance_tables": [
            "model_manifests",
            "provider_manifests"
          ],
          "provider_model_reapproval_required": true,
          "search_reindex_required": true,
          "security_bindings_replayed": false
        },
        "preservation_package_asset_id": "167dee48-989d-423e-924c-436c7f79f3d2",
        "preservation_package_sha256": "f7874992bbd055f420d494ba77958aecd4a80f84b7eec38fe54864007b939a6c",
        "project_id": "project-restored-construction",
        "replayed_counts": {
          "anchor_remaps": 0,
          "assertions": 0,
          "collaboration_comments": 0,
          "collaboration_tasks": 0,
          "consent_grants": 0,
          "construction_records": 17,
          "coordinate_frames": 1,
          "derivation_events": 0,
          "evidence_records": 0,
          "geometry_asset_manifests": 0,
          "legal_holds": 0,
          "measurements": 1,
          "memory_records": 0,
          "representation_bindings": 0,
          "representations": 0,
          "retention_rules": 0,
          "scene_branches": 1,
          "scene_commits": 1,
          "scene_entities": 1,
          "scene_tags": 0,
          "spatial_annotations": 0,
          "spatial_transforms": 0
        },
        "restored_assets": {
          "count": 8,
          "remapped_ids": 0,
          "unique_objects": 8
        },
        "scene_id": "ed43bfd0-e26a-4ea3-989f-1ae974c17a3c",
        "semantic_snapshot_hash": "004e00badaf2b8f56d9053025b888b6f970622e153c5cc838a68f3e55908d997",
        "source_root_hash": "1a2f9c71b756d514131b14b1800f8782c6b18fe37ddbe256d655a426174d600f",
        "tenant_id": "tenant-restored-construction",
        "unresolved_references": []
      },
      "restored_assets": 9,
      "root_hash": "1a2f9c71b756d514131b14b1800f8782c6b18fe37ddbe256d655a426174d600f",
      "verified_files": 11
    },
    "reports": {
      "bcf": {
        "format": "BCF-JSON-reference",
        "path": "/mnt/data/sip-authoritative-work/runtime/demo/construction/handoff/project.bcf.json",
        "sha256": "8d318ee2f45d8bcf35c030f3691cc9611789c3290f52b789709866c2a246293a",
        "topics": 1
      },
      "ifc": {
        "format": "SIP-IFC-HANDOFF-MANIFEST-1.0",
        "path": "/mnt/data/sip-authoritative-work/runtime/demo/construction/handoff/ifc-handoff.json",
        "sha256": "4d32380e27ef8a0dcf3e77987c4745b633e9b664e7a82c76ccb430a8fe366ffb"
      },
      "owner": "/mnt/data/sip-authoritative-work/runtime/demo/construction/reports/owner-report.json",
      "technical": "/mnt/data/sip-authoritative-work/runtime/demo/construction/reports/technical-report.json"
    },
    "systems": [
      "84c17f66-123b-442c-a202-b67103568b1b",
      "9f9f08a1-e923-41c7-8b94-951661a1e4ee",
      "eb3ae027-7f88-459a-9849-38a77837d51b",
      "1220f354-919e-44ec-8e27-c448c4166b17",
      "10771762-f415-4889-80ce-d2ef9e703109",
      "3b282220-e97c-4e92-84a7-1c1f9dceb5e3",
      "fdf40736-41a8-4f54-b7b8-1666a05d1490",
      "d812fdf4-40eb-4f3d-b28f-38c597943873"
    ],
    "temporal": {
      "after": {
        "added": [
          "1220f354-919e-44ec-8e27-c448c4166b17"
        ],
        "modified_or_superseded": [],
        "removed": []
      },
      "baseline": {
        "added": [],
        "modified_or_superseded": [],
        "removed": []
      },
      "point_change": {
        "added_fraction": 0.5,
        "added_indices": [
          2,
          3
        ],
        "removed_fraction": 0.5,
        "removed_indices": [
          2,
          3
        ],
        "threshold_m": 0.2
      }
    }
  },
  "schema": "sip.demo-evidence/v1",
  "started_at": "2026-07-28T00:40:31.916623+00:00",
  "status": "passed"
}
=== liveforever ===
PYTHONPATH=/mnt/data/sip-authoritative-work/src:/mnt/data/sip-authoritative-work python tools/run_demo.py liveforever
{
  "artifacts": [
    {
      "bytes": 672,
      "path": "editions/after-revocation.json",
      "sha256": "9fe116c3a90b2581037d8c492ee6747034dbd21d0e45837586cebdba9e10d610"
    },
    {
      "bytes": 4310,
      "path": "editions/family-before.json",
      "sha256": "154c2b712b52bf5dbb5f10d423d893243be7654012652e7aa21b9c724a3dfa9e"
    },
    {
      "bytes": 4994,
      "path": "editions/private-before.json",
      "sha256": "04a4da77c4cc6779cc16fce4a212469e162a77aa83f721936e3dd503655587f9"
    },
    {
      "bytes": 648,
      "path": "editions/public-before.json",
      "sha256": "9507f6ec3ebe10a6c4cd23941d5c9f78e423feef4d3725dee8174438876fefdb"
    },
    {
      "bytes": 11103,
      "path": "preservation.sip-preservation.zip",
      "sha256": "317fd85b7770bc63d76711e9e242f84ca41c5a954231908b2e0436e1bb60bf63"
    },
    {
      "bytes": 64,
      "path": "restore-runtime/objects/18/44/184478817d8678a59f5515274f5e1eaca3945977ac14817257bf7bd7f89d5268.enc",
      "sha256": "c936036cf2fcc1462836a7bd2e0c9a726e132dc40eae2fc896da14d51523eec8"
    },
    {
      "bytes": 319,
      "path": "restore-runtime/objects/18/44/184478817d8678a59f5515274f5e1eaca3945977ac14817257bf7bd7f89d5268.meta.json",
      "sha256": "258070239758572111835308bb22c2d97103f165d27ec5475dcc2312f10cf8af"
    },
    {
      "bytes": 11119,
      "path": "restore-runtime/objects/31/7f/317fd85b7770bc63d76711e9e242f84ca41c5a954231908b2e0436e1bb60bf63.enc",
      "sha256": "c59b9c71b5c0a27c5d7df2adc3b6be522f5c29c9d8dadd77f1c2018cfd66b575"
    },
    {
      "bytes": 319,
      "path": "restore-runtime/objects/31/7f/317fd85b7770bc63d76711e9e242f84ca41c5a954231908b2e0436e1bb60bf63.meta.json",
      "sha256": "67226cb302f086c177bbdca7643ad8c795fc5deed4509edb7d29aec80a213356"
    },
    {
      "bytes": 61,
      "path": "restore-runtime/objects/3e/56/3e5641fce5a1cc17881cf475d8e4e986b8ee710f34d769cd0b34dfbd82437d9a.enc",
      "sha256": "a35f8e7726bfc527cce502881825b633f922480bd6f1b884f1c7addaa2ae89bc"
    },
    {
      "bytes": 319,
      "path": "restore-runtime/objects/3e/56/3e5641fce5a1cc17881cf475d8e4e986b8ee710f34d769cd0b34dfbd82437d9a.meta.json",
      "sha256": "9b9bd4436a2f822adad4ee8ffd2c9b26726ed3ed54a972693507df32fa09bbda"
    },
    {
      "bytes": 76,
      "path": "restore-runtime/objects/45/46/45469fd4298ade4cb2d66f0b86dfd2210181d4183c391ec1bf3dfcb97c2fed3a.enc",
      "sha256": "6bafa4a2a154eb9b6f26a81e91bba0960fe7332142d33d0c281b43a33951aacd"
    },
    {
      "bytes": 319,
      "path": "restore-runtime/objects/45/46/45469fd4298ade4cb2d66f0b86dfd2210181d4183c391ec1bf3dfcb97c2fed3a.meta.json",
      "sha256": "dfd763ac6908dc7e964494da9f804dda42e3f92b3c1449c18aaabc892bbebdaa"
    },
    {
      "bytes": 43,
      "path": "restore-runtime/objects/6b/8e/6b8e627cde0c97654f5bf1342285f1329b05d15f7b7956a602504bbe03e7fe1e.enc",
      "sha256": "ddff77deab1b346cf9731ad4faacaffcdc0cccc9023aafdc77ecf43544681389"
    },
    {
      "bytes": 319,
      "path": "restore-runtime/objects/6b/8e/6b8e627cde0c97654f5bf1342285f1329b05d15f7b7956a602504bbe03e7fe1e.meta.json",
      "sha256": "458b6e60d9547c3b5b92d3ef25ea2d0bf84e46a1ad6df7ec92bed9239e850de6"
    },
    {
      "bytes": 63,
      "path": "restore-runtime/objects/7d/81/7d8163d7c1e1662dfb22eb81c414d45fe257accb5cbd099192f18fb4db6a8d75.enc",
      "sha256": "2ca6f1063dd274d77a5864cc6ee987b0d5ef5d1681e798f3af1089e488d6a553"
    },
    {
      "bytes": 319,
      "path": "restore-runtime/objects/7d/81/7d8163d7c1e1662dfb22eb81c414d45fe257accb5cbd099192f18fb4db6a8d75.meta.json",
      "sha256": "b472f1a238981a9beac74ccefce063f5bf395e55af10fdb6504f213f85168a63"
    },
    {
      "bytes": 57,
      "path": "restore-runtime/objects/85/5f/855ffd6b8e99dcd58d5e4f9a885d7a1a77545479cb2b46bb719cfcf57b9ea776.enc",
      "sha256": "80554b07e7a0cc6c2972e0dcfe4ed74fb121c27cb4861f8836dfa1ecbe3ac09a"
    },
    {
      "bytes": 319,
      "path": "restore-runtime/objects/85/5f/855ffd6b8e99dcd58d5e4f9a885d7a1a77545479cb2b46bb719cfcf57b9ea776.meta.json",
      "sha256": "18e3552ddcbf257124046bb711008a62746666f429de3d6d8b94eb36aad49067"
    },
    {
      "bytes": 51,
      "path": "restore-runtime/objects/d3/a4/d3a47ad7d5e9aa1c346114a79947f99dc21ddd3a82939811d78870c3ebe5ef52.enc",
      "sha256": "a695e1036a1c8c4e1e1a1c34d8ea54a470a628ae7c26f5ebbbe21150c24c7423"
    },
    {
      "bytes": 319,
      "path": "restore-runtime/objects/d3/a4/d3a47ad7d5e9aa1c346114a79947f99dc21ddd3a82939811d78870c3ebe5ef52.meta.json",
      "sha256": "15a59921cc77f21eff0cd111f287f573d6ce437d1b226548158c841c5a171158"
    },
    {
      "bytes": 1634304,
      "path": "restore-runtime/sip.sqlite3",
      "sha256": "9129a6de7c88e554002b3f87f46a075de330c6278a75ac4bcb84475b1eae9c04"
    },
    {
      "bytes": 64,
      "path": "runtime/objects/18/44/184478817d8678a59f5515274f5e1eaca3945977ac14817257bf7bd7f89d5268.enc",
      "sha256": "ae12f138360e5cdd12245017be148edbe5c698d9ce3fd09a692b5fe5713a0e30"
    },
    {
      "bytes": 319,
      "path": "runtime/objects/18/44/184478817d8678a59f5515274f5e1eaca3945977ac14817257bf7bd7f89d5268.meta.json",
      "sha256": "22d76729f2c3f5bc117b3a9b4ffb84fc3b05e074c04f5dd9e2b239c04a288074"
    },
    {
      "bytes": 61,
      "path": "runtime/objects/3e/56/3e5641fce5a1cc17881cf475d8e4e986b8ee710f34d769cd0b34dfbd82437d9a.enc",
      "sha256": "1859458e5a2ed93814cd700f111df524355c789435ecb9e4dc6939c1ceb090bf"
    },
    {
      "bytes": 319,
      "path": "runtime/objects/3e/56/3e5641fce5a1cc17881cf475d8e4e986b8ee710f34d769cd0b34dfbd82437d9a.meta.json",
      "sha256": "e8b67abc5bd17cb4aa80ebb2d808673000da0908770988e83dae4e6c713ed12e"
    },
    {
      "bytes": 76,
      "path": "runtime/objects/45/46/45469fd4298ade4cb2d66f0b86dfd2210181d4183c391ec1bf3dfcb97c2fed3a.enc",
      "sha256": "ebdf9d13ab1999f12a54a000e2da9c530a207dd7a74cdc3380c533ffa94646ed"
    },
    {
      "bytes": 319,
      "path": "runtime/objects/45/46/45469fd4298ade4cb2d66f0b86dfd2210181d4183c391ec1bf3dfcb97c2fed3a.meta.json",
      "sha256": "79013fb0855d508e3ea863edbdda0e5b209aae194f8dc7cfbb8554073631057e"
    },
    {
      "bytes": 43,
      "path": "runtime/objects/6b/8e/6b8e627cde0c97654f5bf1342285f1329b05d15f7b7956a602504bbe03e7fe1e.enc",
      "sha256": "de39f4543c1421a9bd12b45f35a72351b27fcb467426f97db9848484999d8e43"
    },
    {
      "bytes": 319,
      "path": "runtime/objects/6b/8e/6b8e627cde0c97654f5bf1342285f1329b05d15f7b7956a602504bbe03e7fe1e.meta.json",
      "sha256": "7a8a81ba1641ac2678aeaac60b9c48517ddb374c29563af12eeb2cf63246d9d4"
    },
    {
      "bytes": 63,
      "path": "runtime/objects/7d/81/7d8163d7c1e1662dfb22eb81c414d45fe257accb5cbd099192f18fb4db6a8d75.enc",
      "sha256": "fb63d62bbbe2c50da995593522c85cf5cfc4bde9f4a94f8cc33ae5a0cc57078b"
    },
    {
      "bytes": 319,
      "path": "runtime/objects/7d/81/7d8163d7c1e1662dfb22eb81c414d45fe257accb5cbd099192f18fb4db6a8d75.meta.json",
      "sha256": "98079edbd4d91c74a919cc800e15bd19a74a96e323361873160f47f73bdcd07f"
    },
    {
      "bytes": 57,
      "path": "runtime/objects/85/5f/855ffd6b8e99dcd58d5e4f9a885d7a1a77545479cb2b46bb719cfcf57b9ea776.enc",
      "sha256": "a657b7fddf11cf43d5980049a90e2429c2c737fad68698e852dcf8ea531023d9"
    },
    {
      "bytes": 319,
      "path": "runtime/objects/85/5f/855ffd6b8e99dcd58d5e4f9a885d7a1a77545479cb2b46bb719cfcf57b9ea776.meta.json",
      "sha256": "5199067cf3f9ca80d6335c827e198500259bc8122558560747d4d723510cb61c"
    },
    {
      "bytes": 51,
      "path": "runtime/objects/d3/a4/d3a47ad7d5e9aa1c346114a79947f99dc21ddd3a82939811d78870c3ebe5ef52.enc",
      "sha256": "5268e05ff082bdfe79aecc7e2b45ed623a3ac7e51aabc2a2f16a465ef27a251e"
    },
    {
      "bytes": 319,
      "path": "runtime/objects/d3/a4/d3a47ad7d5e9aa1c346114a79947f99dc21ddd3a82939811d78870c3ebe5ef52.meta.json",
      "sha256": "07698a7c6fecf60469cd999402a0ddf793126bdfd385c190d1805c56f17eab63"
    },
    {
      "bytes": 1638400,
      "path": "runtime/sip.sqlite3",
      "sha256": "e281a9953a9d4af4b62c41f77132b73fb24f0f9f77ad8e3849709b2b902bdade"
    }
  ],
  "canonical_scenario": "liveforever",
  "claims": "Synthetic acceptance evidence only; this is not a customer pilot, physical-device validation, survey, legal approval, or production-load result.",
  "demonstration": "liveforever",
  "environment": {
    "git": {
      "commit": "8af0aafa0425b3f190b14fa63701990f0bd6d343",
      "dirty_paths": 348,
      "working_tree_clean": false
    },
    "platform": "Linux-6.12.13-x86_64-with-glibc2.41",
    "python": "3.13.5"
  },
  "error": null,
  "evidence_hash": "6b7f264f70fffafe65b450cbb27b07037ccae458f5d52f94a7d684c0ca4757dc",
  "finished_at": "2026-07-28T00:40:39.263636+00:00",
  "result": {
    "acceptance": {
      "audiences_separated": true,
      "conflicts_preserved": true,
      "generated_content_labeled": true,
      "open_restore": true,
      "quiet_mode": true,
      "revocation_propagated": true,
      "safe_exit": true
    },
    "audience_counts_before": {
      "family": 6,
      "private": 7,
      "public": 1
    },
    "consent": {
      "derivative_access_after": {
        "family": 0,
        "private": 0,
        "public": 0
      },
      "grant_id": "8b351cb2-0f8e-42e3-8d04-3817afe24742",
      "revocation": {
        "affected_records": 7,
        "grant_id": "8b351cb2-0f8e-42e3-8d04-3817afe24742",
        "state": "revoked"
      }
    },
    "evidence_assets": {
      "family-photo.jpg": "63e10464-e561-4620-a5e4-69a4111a05bd",
      "generated-kitchen.png": "e7cb130b-03f7-4bc3-ad37-16aa0bea6626",
      "interview-a.txt": "2a32d243-6890-46d7-8a6f-60ee217ec0c6",
      "interview-b.txt": "c8d6421d-3110-486f-bcd4-bce32298e514",
      "letter.txt": "eb5bb01e-2e22-4b60-af9f-6ef5c8d8777d",
      "recording.wav": "a46809b5-4774-43de-8160-e325fa27c67c",
      "transcript.vtt": "77f78b97-ca2b-4923-9386-fb76f2f1207c"
    },
    "experience": {
      "captions_required": true,
      "features": {
        "autonomous_persona": false,
        "first_person_dialogue": false,
        "free_locomotion": false,
        "likeness_simulation": false,
        "pause": true,
        "quiet_mode": true,
        "reset": true,
        "safe_exit": true,
        "voice_simulation": false
      },
      "generated_presence_label": null,
      "reduced_motion_supported": true,
      "safe_exit_persistent": true,
      "subject_id": "person-alex-synthetic"
    },
    "generated_label": "AI-GENERATED RECONSTRUCTION \u2014 NOT A HISTORICAL FACT",
    "presence_simulation_blocked": true,
    "preservation": {
      "independent_runtime": "/mnt/data/sip-authoritative-work/runtime/demo/liveforever/restore-runtime",
      "matching_root_hash": true,
      "operational_replay": {
        "counts": {
          "anchor_remaps": 0,
          "assertions": 0,
          "collaboration_comments": 0,
          "collaboration_tasks": 0,
          "consent_grants": 1,
          "construction_records": 0,
          "coordinate_frames": 0,
          "derivation_events": 0,
          "evidence_records": 0,
          "geometry_asset_manifests": 0,
          "legal_holds": 0,
          "measurements": 0,
          "memory_records": 7,
          "representation_bindings": 0,
          "representations": 0,
          "retention_rules": 0,
          "scene_branches": 0,
          "scene_commits": 0,
          "scene_entities": 0,
          "scene_tags": 0,
          "spatial_annotations": 0,
          "spatial_transforms": 0
        },
        "matches_package": true,
        "vertical_validation": {
          "domain_service_query_passed": true,
          "family_edition_records_after_revocation": 0,
          "memory_records_present": 7,
          "revoked_consent_enforced": true
        }
      },
      "package_path": "/mnt/data/sip-authoritative-work/runtime/demo/liveforever/preservation.sip-preservation.zip",
      "package_sha256": "317fd85b7770bc63d76711e9e242f84ca41c5a954231908b2e0436e1bb60bf63",
      "restored": {
        "commit_id": null,
        "domain_schema_version": "1.1.0",
        "id_maps": {
          "anchor_remap": {},
          "annotation": {},
          "assertion": {},
          "asset": {
            "2a32d243-6890-46d7-8a6f-60ee217ec0c6": "2a32d243-6890-46d7-8a6f-60ee217ec0c6",
            "63e10464-e561-4620-a5e4-69a4111a05bd": "63e10464-e561-4620-a5e4-69a4111a05bd",
            "77f78b97-ca2b-4923-9386-fb76f2f1207c": "77f78b97-ca2b-4923-9386-fb76f2f1207c",
            "a46809b5-4774-43de-8160-e325fa27c67c": "a46809b5-4774-43de-8160-e325fa27c67c",
            "c8d6421d-3110-486f-bcd4-bce32298e514": "c8d6421d-3110-486f-bcd4-bce32298e514",
            "e7cb130b-03f7-4bc3-ad37-16aa0bea6626": "e7cb130b-03f7-4bc3-ad37-16aa0bea6626",
            "eb5bb01e-2e22-4b60-af9f-6ef5c8d8777d": "eb5bb01e-2e22-4b60-af9f-6ef5c8d8777d"
          },
          "branch": {},
          "comment": {},
          "commit": {},
          "consent": {
            "8b351cb2-0f8e-42e3-8d04-3817afe24742": "8b351cb2-0f8e-42e3-8d04-3817afe24742"
          },
          "construction": {},
          "derivation": {},
          "entity": {},
          "evidence": {},
          "frame": {},
          "geometry_manifest": {},
          "legal_hold": {},
          "measurement": {},
          "memory": {
            "21d6971c-cb5f-4253-a078-f9838bef6c60": "21d6971c-cb5f-4253-a078-f9838bef6c60",
            "3ea2cb46-c32f-4335-b48c-a5e86f5ebc09": "3ea2cb46-c32f-4335-b48c-a5e86f5ebc09",
            "7424c905-5da8-4626-bcd3-ac2e30a8548d": "7424c905-5da8-4626-bcd3-ac2e30a8548d",
            "bfe877ce-0a41-40bc-b224-cb034399fed7": "bfe877ce-0a41-40bc-b224-cb034399fed7",
            "dcd9dad1-a856-4008-90d2-d6834fb85614": "dcd9dad1-a856-4008-90d2-d6834fb85614",
            "ea6b1007-3dbc-481d-8d4e-4df6db045af4": "ea6b1007-3dbc-481d-8d4e-4df6db045af4",
            "f0e79163-2eaf-4fa7-8295-265705c02e3d": "f0e79163-2eaf-4fa7-8295-265705c02e3d"
          },
          "representation": {},
          "representation_binding": {},
          "retention_rule": {},
          "scene": {},
          "scene_tag": {},
          "spatial_transform": {},
          "task": {}
        },
        "native_replay": true,
        "non_activated_evidence": {
          "archived_tables": [
            "agent_proposals",
            "audit_events",
            "deletion_evidence",
            "deletion_requests",
            "exports",
            "notifications",
            "operations",
            "outbox_events",
            "quota_policies",
            "role_bindings",
            "saved_queries",
            "search_documents",
            "usage_ledger"
          ],
          "governance_tables": [
            "model_manifests",
            "provider_manifests"
          ],
          "provider_model_reapproval_required": true,
          "search_reindex_required": true,
          "security_bindings_replayed": false
        },
        "preservation_package_asset_id": "588d695a-e9be-4fb0-be28-c2e1dc798447",
        "preservation_package_sha256": "317fd85b7770bc63d76711e9e242f84ca41c5a954231908b2e0436e1bb60bf63",
        "project_id": "project-restored-liveforever",
        "replayed_counts": {
          "anchor_remaps": 0,
          "assertions": 0,
          "collaboration_comments": 0,
          "collaboration_tasks": 0,
          "consent_grants": 1,
          "construction_records": 0,
          "coordinate_frames": 0,
          "derivation_events": 0,
          "evidence_records": 0,
          "geometry_asset_manifests": 0,
          "legal_holds": 0,
          "measurements": 0,
          "memory_records": 7,
          "representation_bindings": 0,
          "representations": 0,
          "retention_rules": 0,
          "scene_branches": 0,
          "scene_commits": 0,
          "scene_entities": 0,
          "scene_tags": 0,
          "spatial_annotations": 0,
          "spatial_transforms": 0
        },
        "restored_assets": {
          "count": 7,
          "remapped_ids": 0,
          "unique_objects": 7
        },
        "scene_id": null,
        "semantic_snapshot_hash": null,
        "source_root_hash": "3256245c7f26cc3d518ceab779ee3dff7337859a2bc7a70b4b94e1b405675d9e",
        "tenant_id": "tenant-restored-liveforever",
        "unresolved_references": []
      },
      "restored_assets": 8,
      "root_hash": "3256245c7f26cc3d518ceab779ee3dff7337859a2bc7a70b4b94e1b405675d9e",
      "verified_files": 10
    },
    "records": {
      "conflicting_recollections": [
        "f0e79163-2eaf-4fa7-8295-265705c02e3d",
        "dcd9dad1-a856-4008-90d2-d6834fb85614"
      ],
      "event": "7424c905-5da8-4626-bcd3-ac2e30a8548d",
      "generated_reconstruction": "bfe877ce-0a41-40bc-b224-cb034399fed7",
      "person": "ea6b1007-3dbc-481d-8d4e-4df6db045af4",
      "place": "3ea2cb46-c32f-4335-b48c-a5e86f5ebc09",
      "private_interview": "21d6971c-cb5f-4253-a078-f9838bef6c60"
    }
  },
  "schema": "sip.demo-evidence/v1",
  "started_at": "2026-07-28T00:40:36.783742+00:00",
  "status": "passed"
}
=== export ===
PYTHONPATH=/mnt/data/sip-authoritative-work/src:/mnt/data/sip-authoritative-work python tools/run_demo.py export
{
  "artifacts": [
    {
      "bytes": 25390,
      "path": "input/synthetic-room.sipcapture",
      "sha256": "c9c273b31bc0a8a2737f9a59f33f2fe58faed221981fe5a464b7c4f9613f8dd7"
    },
    {
      "bytes": 31690,
      "path": "preservation.sip-preservation.zip",
      "sha256": "d1b4e113c44168fbeb06e7417cc9ac7d4fff82e30f63a3f2b267769965991e73"
    },
    {
      "bytes": 292,
      "path": "restore-runtime/objects/03/a6/03a638f48c296c993d0e9a6b8bd8766300c74ebadb78552c02189de29b856a16.enc",
      "sha256": "ed79feb63bc2ee644333e7c1879e29394bb75839c81d89947ccf4cc83bfa6d57"
    },
    {
      "bytes": 319,
      "path": "restore-runtime/objects/03/a6/03a638f48c296c993d0e9a6b8bd8766300c74ebadb78552c02189de29b856a16.meta.json",
      "sha256": "e998d0ac73b4c629fdca724e2f507d1e842f89433f75cbbeda8c0df256285c79"
    },
    {
      "bytes": 25406,
      "path": "restore-runtime/objects/c9/c2/c9c273b31bc0a8a2737f9a59f33f2fe58faed221981fe5a464b7c4f9613f8dd7.enc",
      "sha256": "dea8e9c479315df0053985ee28b2fc404c9b7869bb5b3b6e4752a0fa03eb1bb3"
    },
    {
      "bytes": 319,
      "path": "restore-runtime/objects/c9/c2/c9c273b31bc0a8a2737f9a59f33f2fe58faed221981fe5a464b7c4f9613f8dd7.meta.json",
      "sha256": "93e273f838f7343373ee48b013bf99a74a17463d04a2f120894bd5472042915b"
    },
    {
      "bytes": 31706,
      "path": "restore-runtime/objects/d1/b4/d1b4e113c44168fbeb06e7417cc9ac7d4fff82e30f63a3f2b267769965991e73.enc",
      "sha256": "12de6ff60b635ecfe1bdbcfad2e5a13277186791b6d18fd22fae62a61265fcae"
    },
    {
      "bytes": 319,
      "path": "restore-runtime/objects/d1/b4/d1b4e113c44168fbeb06e7417cc9ac7d4fff82e30f63a3f2b267769965991e73.meta.json",
      "sha256": "dc7313dedc85c0a2b511a0acf35baef5e759afd75eda6d8db9e21d15a1b9bcc2"
    },
    {
      "bytes": 1609728,
      "path": "restore-runtime/sip.sqlite3",
      "sha256": "80fb4edda4ffe5d414a49ab09c1bc2c79ff0c5d71049c0b7d19e448f95089000"
    },
    {
      "bytes": 292,
      "path": "runtime/objects/03/a6/03a638f48c296c993d0e9a6b8bd8766300c74ebadb78552c02189de29b856a16.enc",
      "sha256": "ab1bede573633a1f50e4c2886e5a4e94b87f0d80b44a6a7e6b4828e1f6c9dd94"
    },
    {
      "bytes": 319,
      "path": "runtime/objects/03/a6/03a638f48c296c993d0e9a6b8bd8766300c74ebadb78552c02189de29b856a16.meta.json",
      "sha256": "b0c056d2cfc09198e9b6e085b927218c83edfeabbfedfde12c7307bb473e50c8"
    },
    {
      "bytes": 25406,
      "path": "runtime/objects/c9/c2/c9c273b31bc0a8a2737f9a59f33f2fe58faed221981fe5a464b7c4f9613f8dd7.enc",
      "sha256": "ea701cfe9acbd2e0c268617263f505bcba052b25f5b1ca2706c90eb155234447"
    },
    {
      "bytes": 319,
      "path": "runtime/objects/c9/c2/c9c273b31bc0a8a2737f9a59f33f2fe58faed221981fe5a464b7c4f9613f8dd7.meta.json",
      "sha256": "af304e0004a48f507477303078864f0273d5575fa0d18d83cc6eb080b14f139e"
    },
    {
      "bytes": 1630208,
      "path": "runtime/sip.sqlite3",
      "sha256": "17476a1b356183ea47e090e114b80ba85c5fa4382f142c75a52526da1cf7216d"
    },
    {
      "bytes": 647,
      "path": "viewer-session.json",
      "sha256": "11c6e69919d5a68b12eb36c083a7fbcef59ba3db367facd4fbd7150da904a1cd"
    },
    {
      "bytes": 3041,
      "path": "viewer.html",
      "sha256": "99da99a544a82f49edce688237569be588f1500fc776b046f02a3d077c600bf4"
    }
  ],
  "canonical_scenario": "foundation",
  "claims": "Synthetic acceptance evidence only; this is not a customer pilot, physical-device validation, survey, legal approval, or production-load result.",
  "demonstration": "export",
  "environment": {
    "git": {
      "commit": "8af0aafa0425b3f190b14fa63701990f0bd6d343",
      "dirty_paths": 348,
      "working_tree_clean": false
    },
    "platform": "Linux-6.12.13-x86_64-with-glibc2.41",
    "python": "3.13.5"
  },
  "error": null,
  "evidence_hash": "2253cbca0146533332bb6d35000a0b372949100002b22a643a7189f9530b7724",
  "finished_at": "2026-07-28T00:40:42.743729+00:00",
  "result": {
    "acceptance": {
      "cancel_proved": true,
      "matching_capture_hash": true,
      "matching_restore_root": true,
      "retry_resume_proved": true
    },
    "cancellation": {
      "operation_id": "6e920284-c161-418e-8450-f73ab6ca0351",
      "state": "cancelled"
    },
    "capture": {
      "archive_sha256": "c9c273b31bc0a8a2737f9a59f33f2fe58faed221981fe5a464b7c4f9613f8dd7",
      "asset_count": 48,
      "capture_id": "synthetic-room-42-16",
      "checks": [
        {
          "byte_count": 192,
          "path": "frames/000000/confidence.u8",
          "sha256": "90b88ae002ea844ed07d6f59bb868b0b9eb89a32dd2d6eea551437ccaa2fc141",
          "valid": true
        },
        {
          "byte_count": 768,
          "path": "frames/000000/depth.f32",
          "sha256": "d8bded6f21ef777865b3d948f0eaad9dd1635d1764ec018fe68299e22af5a783",
          "valid": true
        },
        {
          "byte_count": 576,
          "path": "frames/000000/rgb.bin",
          "sha256": "9c1d2a9d201c927c8fe10d88accce0bf772cf476b8e329bf28af1256ff5835a8",
          "valid": true
        },
        {
          "byte_count": 192,
          "path": "frames/000001/confidence.u8",
          "sha256": "90b88ae002ea844ed07d6f59bb868b0b9eb89a32dd2d6eea551437ccaa2fc141",
          "valid": true
        },
        {
          "byte_count": 768,
          "path": "frames/000001/depth.f32",
          "sha256": "d39b03409e3a105065cb85149965b80e0fbc3a7c9bd8ed07e2b3eb60de29bafd",
          "valid": true
        },
        {
          "byte_count": 576,
          "path": "frames/000001/rgb.bin",
          "sha256": "6ca3ba9dc7d473985667004c632ae79458dcd791c7413758e5b5a49a157659aa",
          "valid": true
        },
        {
          "byte_count": 192,
          "path": "frames/000002/confidence.u8",
          "sha256": "90b88ae002ea844ed07d6f59bb868b0b9eb89a32dd2d6eea551437ccaa2fc141",
          "valid": true
        },
        {
          "byte_count": 768,
          "path": "frames/000002/depth.f32",
          "sha256": "154f78cf2f70a72cbb800ba82e8c6f2a2dcd93ac0c4443997895a58113a628db",
          "valid": true
        },
        {
          "byte_count": 576,
          "path": "frames/000002/rgb.bin",
          "sha256": "2a7def0d95a8038e4e1c6ed4cbc495d24bcc450241811f3170226bacbe4ef218",
          "valid": true
        },
        {
          "byte_count": 192,
          "path": "frames/000003/confidence.u8",
          "sha256": "90b88ae002ea844ed07d6f59bb868b0b9eb89a32dd2d6eea551437ccaa2fc141",
          "valid": true
        },
        {
          "byte_count": 768,
          "path": "frames/000003/depth.f32",
          "sha256": "5726338787fffd2d4c3597702c9aabda680f882d0b102e53b07633bf4833f0e8",
          "valid": true
        },
        {
          "byte_count": 576,
          "path": "frames/000003/rgb.bin",
          "sha256": "6f3980e5fc9853ca5b808eee7daa0a686366196a2fc486ccfb8ec167b9322ffa",
          "valid": true
        },
        {
          "byte_count": 192,
          "path": "frames/000004/confidence.u8",
          "sha256": "90b88ae002ea844ed07d6f59bb868b0b9eb89a32dd2d6eea551437ccaa2fc141",
          "valid": true
        },
        {
          "byte_count": 768,
          "path": "frames/000004/depth.f32",
          "sha256": "55c6ef6b449fade8f72a941003c128ae9f33816907ecefea83b8e3b96af31bc5",
          "valid": true
        },
        {
          "byte_count": 576,
          "path": "frames/000004/rgb.bin",
          "sha256": "3d3787525168b1d378eef538a271b45279e396c710801321af60d861124b9f86",
          "valid": true
        },
        {
          "byte_count": 192,
          "path": "frames/000005/confidence.u8",
          "sha256": "90b88ae002ea844ed07d6f59bb868b0b9eb89a32dd2d6eea551437ccaa2fc141",
          "valid": true
        },
        {
          "byte_count": 768,
          "path": "frames/000005/depth.f32",
          "sha256": "cbdfb902dfc6e2c76eb19bcccf6458c769849095454adb40a84ce559873cefe3",
          "valid": true
        },
        {
          "byte_count": 576,
          "path": "frames/000005/rgb.bin",
          "sha256": "4ff04a01c9b3dbcb6ae7b86f560c32a29fa20833c713df2ef3efd6db9adfde2e",
          "valid": true
        },
        {
          "byte_count": 192,
          "path": "frames/000006/confidence.u8",
          "sha256": "90b88ae002ea844ed07d6f59bb868b0b9eb89a32dd2d6eea551437ccaa2fc141",
          "valid": true
        },
        {
          "byte_count": 768,
          "path": "frames/000006/depth.f32",
          "sha256": "9892f4ca936db6763ec567b988f9b7616a89f994c43ff36f1d2f536ab86f05ac",
          "valid": true
        },
        {
          "byte_count": 576,
          "path": "frames/000006/rgb.bin",
          "sha256": "58697836b3d2fdacb752f71da97cceda512c5b9bf13ab5ae566991c276fd676f",
          "valid": true
        },
        {
          "byte_count": 192,
          "path": "frames/000007/confidence.u8",
          "sha256": "90b88ae002ea844ed07d6f59bb868b0b9eb89a32dd2d6eea551437ccaa2fc141",
          "valid": true
        },
        {
          "byte_count": 768,
          "path": "frames/000007/depth.f32",
          "sha256": "08178aabd942e6672873783027fa55589e25a5cb7db5bfbc175f9f8f49184897",
          "valid": true
        },
        {
          "byte_count": 576,
          "path": "frames/000007/rgb.bin",
          "sha256": "e96bd6f83e16c798395d3d49d4bc31b0e9cd274d51630cea7e533de85c170aad",
          "valid": true
        },
        {
          "byte_count": 192,
          "path": "frames/000008/confidence.u8",
          "sha256": "90b88ae002ea844ed07d6f59bb868b0b9eb89a32dd2d6eea551437ccaa2fc141",
          "valid": true
        },
        {
          "byte_count": 768,
          "path": "frames/000008/depth.f32",
          "sha256": "45445746aafbda7be3cd0bb6dbfa9783e4a229e36cf581f95a7c4a106702e64f",
          "valid": true
        },
        {
          "byte_count": 576,
          "path": "frames/000008/rgb.bin",
          "sha256": "320cac0a91e71109d769e2a640e073816cb32dcdef359a377347ebad7a1b8492",
          "valid": true
        },
        {
          "byte_count": 192,
          "path": "frames/000009/confidence.u8",
          "sha256": "90b88ae002ea844ed07d6f59bb868b0b9eb89a32dd2d6eea551437ccaa2fc141",
          "valid": true
        },
        {
          "byte_count": 768,
          "path": "frames/000009/depth.f32",
          "sha256": "00d708c43f29a1e787aeb64ea3c25bbdbb41debe93c09d58867148d254e2d33d",
          "valid": true
        },
        {
          "byte_count": 576,
          "path": "frames/000009/rgb.bin",
          "sha256": "61e64cec2a475f6379e95b2d4fef906f48f0c5ab9c0c5331cefeb8c817a7b74d",
          "valid": true
        },
        {
          "byte_count": 192,
          "path": "frames/000010/confidence.u8",
          "sha256": "90b88ae002ea844ed07d6f59bb868b0b9eb89a32dd2d6eea551437ccaa2fc141",
          "valid": true
        },
        {
          "byte_count": 768,
          "path": "frames/000010/depth.f32",
          "sha256": "daeeba8de88a70a7d516e1ee92ed607cd60755b9ca87ee7d8e7c05c7a5622a81",
          "valid": true
        },
        {
          "byte_count": 576,
          "path": "frames/000010/rgb.bin",
          "sha256": "c8cefa05e3be06878ffb9f466bf0e605fde6f1544fd6a5e89d89c9564abd2b58",
          "valid": true
        },
        {
          "byte_count": 192,
          "path": "frames/000011/confidence.u8",
          "sha256": "90b88ae002ea844ed07d6f59bb868b0b9eb89a32dd2d6eea551437ccaa2fc141",
          "valid": true
        },
        {
          "byte_count": 768,
          "path": "frames/000011/depth.f32",
          "sha256": "51527f8aaf11c2e86369654149abec087dceb9d477863899a008bab7d9f5a145",
          "valid": true
        },
        {
          "byte_count": 576,
          "path": "frames/000011/rgb.bin",
          "sha256": "6c0ba0b222bdeda124e4c5397882b04924d0046cec733bb3e5e92633704baa51",
          "valid": true
        },
        {
          "byte_count": 192,
          "path": "frames/000012/confidence.u8",
          "sha256": "90b88ae002ea844ed07d6f59bb868b0b9eb89a32dd2d6eea551437ccaa2fc141",
          "valid": true
        },
        {
          "byte_count": 768,
          "path": "frames/000012/depth.f32",
          "sha256": "b00279f286238da8846ba26b9d35614c43e67b64af9a8312d96481afdb675c04",
          "valid": true
        },
        {
          "byte_count": 576,
          "path": "frames/000012/rgb.bin",
          "sha256": "4810c6b18eac9252303ec0e837cf9413273a627eeb70cee5d00ecf64df2445c8",
          "valid": true
        },
        {
          "byte_count": 192,
          "path": "frames/000013/confidence.u8",
          "sha256": "90b88ae002ea844ed07d6f59bb868b0b9eb89a32dd2d6eea551437ccaa2fc141",
          "valid": true
        },
        {
          "byte_count": 768,
          "path": "frames/000013/depth.f32",
          "sha256": "854f3dd706be34881e0ba44ca4ce6c33423959f2cc0359c1770eb4b77a81c3a3",
          "valid": true
        },
        {
          "byte_count": 576,
          "path": "frames/000013/rgb.bin",
          "sha256": "492ca4ffac1f422d66e154622f0da2dac3d37d5ab9e6ca006c7924c8868b475f",
          "valid": true
        },
        {
          "byte_count": 192,
          "path": "frames/000014/confidence.u8",
          "sha256": "90b88ae002ea844ed07d6f59bb868b0b9eb89a32dd2d6eea551437ccaa2fc141",
          "valid": true
        },
        {
          "byte_count": 768,
          "path": "frames/000014/depth.f32",
          "sha256": "bb3544097785b5a0da2330b675fe15d53b512c2692f1d2bed7a10547847e33cb",
          "valid": true
        },
        {
          "byte_count": 576,
          "path": "frames/000014/rgb.bin",
          "sha256": "046e7016bd5e1de3ed6241d4fa56b3b1f320a4d2e32b033b00020319013eefe6",
          "valid": true
        },
        {
          "byte_count": 192,
          "path": "frames/000015/confidence.u8",
          "sha256": "90b88ae002ea844ed07d6f59bb868b0b9eb89a32dd2d6eea551437ccaa2fc141",
          "valid": true
        },
        {
          "byte_count": 768,
          "path": "frames/000015/depth.f32",
          "sha256": "3706a7cb786abd0d081ad19d84d586a24631402f796c504637fea28fc1e8c9fd",
          "valid": true
        },
        {
          "byte_count": 576,
          "path": "frames/000015/rgb.bin",
          "sha256": "f1fa1d9635928a59d19171fdc2fd995a36374cc6aa25d5db565df7c167aabe26",
          "valid": true
        }
      ],
      "frame_count": 16,
      "manifest": {
        "asset_merkle_root": "f4ccae0e7e4f4c6c01058bac9c436e4976113aeba6cc63eb7b88018e83730c50",
        "assets": [
          {
            "byte_count": 192,
            "media_type": "application/vnd.sip.confidence-u8",
            "path": "frames/000000/confidence.u8",
            "sha256": "90b88ae002ea844ed07d6f59bb868b0b9eb89a32dd2d6eea551437ccaa2fc141"
          },
          {
            "byte_count": 768,
            "media_type": "application/vnd.sip.depth-f32",
            "path": "frames/000000/depth.f32",
            "sha256": "d8bded6f21ef777865b3d948f0eaad9dd1635d1764ec018fe68299e22af5a783"
          },
          {
            "byte_count": 576,
            "media_type": "application/octet-stream",
            "path": "frames/000000/rgb.bin",
            "sha256": "9c1d2a9d201c927c8fe10d88accce0bf772cf476b8e329bf28af1256ff5835a8"
          },
          {
            "byte_count": 192,
            "media_type": "application/vnd.sip.confidence-u8",
            "path": "frames/000001/confidence.u8",
            "sha256": "90b88ae002ea844ed07d6f59bb868b0b9eb89a32dd2d6eea551437ccaa2fc141"
          },
          {
            "byte_count": 768,
            "media_type": "application/vnd.sip.depth-f32",
            "path": "frames/000001/depth.f32",
            "sha256": "d39b03409e3a105065cb85149965b80e0fbc3a7c9bd8ed07e2b3eb60de29bafd"
          },
          {
            "byte_count": 576,
            "media_type": "application/octet-stream",
            "path": "frames/000001/rgb.bin",
            "sha256": "6ca3ba9dc7d473985667004c632ae79458dcd791c7413758e5b5a49a157659aa"
          },
          {
            "byte_count": 192,
            "media_type": "application/vnd.sip.confidence-u8",
            "path": "frames/000002/confidence.u8",
            "sha256": "90b88ae002ea844ed07d6f59bb868b0b9eb89a32dd2d6eea551437ccaa2fc141"
          },
          {
            "byte_count": 768,
            "media_type": "application/vnd.sip.depth-f32",
            "path": "frames/000002/depth.f32",
            "sha256": "154f78cf2f70a72cbb800ba82e8c6f2a2dcd93ac0c4443997895a58113a628db"
          },
          {
            "byte_count": 576,
            "media_type": "application/octet-stream",
            "path": "frames/000002/rgb.bin",
            "sha256": "2a7def0d95a8038e4e1c6ed4cbc495d24bcc450241811f3170226bacbe4ef218"
          },
          {
            "byte_count": 192,
            "media_type": "application/vnd.sip.confidence-u8",
            "path": "frames/000003/confidence.u8",
            "sha256": "90b88ae002ea844ed07d6f59bb868b0b9eb89a32dd2d6eea551437ccaa2fc141"
          },
          {
            "byte_count": 768,
            "media_type": "application/vnd.sip.depth-f32",
            "path": "frames/000003/depth.f32",
            "sha256": "5726338787fffd2d4c3597702c9aabda680f882d0b102e53b07633bf4833f0e8"
          },
          {
            "byte_count": 576,
            "media_type": "application/octet-stream",
            "path": "frames/000003/rgb.bin",
            "sha256": "6f3980e5fc9853ca5b808eee7daa0a686366196a2fc486ccfb8ec167b9322ffa"
          },
          {
            "byte_count": 192,
            "media_type": "application/vnd.sip.confidence-u8",
            "path": "frames/000004/confidence.u8",
            "sha256": "90b88ae002ea844ed07d6f59bb868b0b9eb89a32dd2d6eea551437ccaa2fc141"
          },
          {
            "byte_count": 768,
            "media_type": "application/vnd.sip.depth-f32",
            "path": "frames/000004/depth.f32",
            "sha256": "55c6ef6b449fade8f72a941003c128ae9f33816907ecefea83b8e3b96af31bc5"
          },
          {
            "byte_count": 576,
            "media_type": "application/octet-stream",
            "path": "frames/000004/rgb.bin",
            "sha256": "3d3787525168b1d378eef538a271b45279e396c710801321af60d861124b9f86"
          },
          {
            "byte_count": 192,
            "media_type": "application/vnd.sip.confidence-u8",
            "path": "frames/000005/confidence.u8",
            "sha256": "90b88ae002ea844ed07d6f59bb868b0b9eb89a32dd2d6eea551437ccaa2fc141"
          },
          {
            "byte_count": 768,
            "media_type": "application/vnd.sip.depth-f32",
            "path": "frames/000005/depth.f32",
            "sha256": "cbdfb902dfc6e2c76eb19bcccf6458c769849095454adb40a84ce559873cefe3"
          },
          {
            "byte_count": 576,
            "media_type": "application/octet-stream",
            "path": "frames/000005/rgb.bin",
            "sha256": "4ff04a01c9b3dbcb6ae7b86f560c32a29fa20833c713df2ef3efd6db9adfde2e"
          },
          {
            "byte_count": 192,
            "media_type": "application/vnd.sip.confidence-u8",
            "path": "frames/000006/confidence.u8",
            "sha256": "90b88ae002ea844ed07d6f59bb868b0b9eb89a32dd2d6eea551437ccaa2fc141"
          },
          {
            "byte_count": 768,
            "media_type": "application/vnd.sip.depth-f32",
            "path": "frames/000006/depth.f32",
            "sha256": "9892f4ca936db6763ec567b988f9b7616a89f994c43ff36f1d2f536ab86f05ac"
          },
          {
            "byte_count": 576,
            "media_type": "application/octet-stream",
            "path": "frames/000006/rgb.bin",
            "sha256": "58697836b3d2fdacb752f71da97cceda512c5b9bf13ab5ae566991c276fd676f"
          },
          {
            "byte_count": 192,
            "media_type": "application/vnd.sip.confidence-u8",
            "path": "frames/000007/confidence.u8",
            "sha256": "90b88ae002ea844ed07d6f59bb868b0b9eb89a32dd2d6eea551437ccaa2fc141"
          },
          {
            "byte_count": 768,
            "media_type": "application/vnd.sip.depth-f32",
            "path": "frames/000007/depth.f32",
            "sha256": "08178aabd942e6672873783027fa55589e25a5cb7db5bfbc175f9f8f49184897"
          },
          {
            "byte_count": 576,
            "media_type": "application/octet-stream",
            "path": "frames/000007/rgb.bin",
            "sha256": "e96bd6f83e16c798395d3d49d4bc31b0e9cd274d51630cea7e533de85c170aad"
          },
          {
            "byte_count": 192,
            "media_type": "application/vnd.sip.confidence-u8",
            "path": "frames/000008/confidence.u8",
            "sha256": "90b88ae002ea844ed07d6f59bb868b0b9eb89a32dd2d6eea551437ccaa2fc141"
          },
          {
            "byte_count": 768,
            "media_type": "application/vnd.sip.depth-f32",
            "path": "frames/000008/depth.f32",
            "sha256": "45445746aafbda7be3cd0bb6dbfa9783e4a229e36cf581f95a7c4a106702e64f"
          },
          {
            "byte_count": 576,
            "media_type": "application/octet-stream",
            "path": "frames/000008/rgb.bin",
            "sha256": "320cac0a91e71109d769e2a640e073816cb32dcdef359a377347ebad7a1b8492"
          },
          {
            "byte_count": 192,
            "media_type": "application/vnd.sip.confidence-u8",
            "path": "frames/000009/confidence.u8",
            "sha256": "90b88ae002ea844ed07d6f59bb868b0b9eb89a32dd2d6eea551437ccaa2fc141"
          },
          {
            "byte_count": 768,
            "media_type": "application/vnd.sip.depth-f32",
            "path": "frames/000009/depth.f32",
            "sha256": "00d708c43f29a1e787aeb64ea3c25bbdbb41debe93c09d58867148d254e2d33d"
          },
          {
            "byte_count": 576,
            "media_type": "application/octet-stream",
            "path": "frames/000009/rgb.bin",
            "sha256": "61e64cec2a475f6379e95b2d4fef906f48f0c5ab9c0c5331cefeb8c817a7b74d"
          },
          {
            "byte_count": 192,
            "media_type": "application/vnd.sip.confidence-u8",
            "path": "frames/000010/confidence.u8",
            "sha256": "90b88ae002ea844ed07d6f59bb868b0b9eb89a32dd2d6eea551437ccaa2fc141"
          },
          {
            "byte_count": 768,
            "media_type": "application/vnd.sip.depth-f32",
            "path": "frames/000010/depth.f32",
            "sha256": "daeeba8de88a70a7d516e1ee92ed607cd60755b9ca87ee7d8e7c05c7a5622a81"
          },
          {
            "byte_count": 576,
            "media_type": "application/octet-stream",
            "path": "frames/000010/rgb.bin",
            "sha256": "c8cefa05e3be06878ffb9f466bf0e605fde6f1544fd6a5e89d89c9564abd2b58"
          },
          {
            "byte_count": 192,
            "media_type": "application/vnd.sip.confidence-u8",
            "path": "frames/000011/confidence.u8",
            "sha256": "90b88ae002ea844ed07d6f59bb868b0b9eb89a32dd2d6eea551437ccaa2fc141"
          },
          {
            "byte_count": 768,
            "media_type": "application/vnd.sip.depth-f32",
            "path": "frames/000011/depth.f32",
            "sha256": "51527f8aaf11c2e86369654149abec087dceb9d477863899a008bab7d9f5a145"
          },
          {
            "byte_count": 576,
            "media_type": "application/octet-stream",
            "path": "frames/000011/rgb.bin",
            "sha256": "6c0ba0b222bdeda124e4c5397882b04924d0046cec733bb3e5e92633704baa51"
          },
          {
            "byte_count": 192,
            "media_type": "application/vnd.sip.confidence-u8",
            "path": "frames/000012/confidence.u8",
            "sha256": "90b88ae002ea844ed07d6f59bb868b0b9eb89a32dd2d6eea551437ccaa2fc141"
          },
          {
            "byte_count": 768,
            "media_type": "application/vnd.sip.depth-f32",
            "path": "frames/000012/depth.f32",
            "sha256": "b00279f286238da8846ba26b9d35614c43e67b64af9a8312d96481afdb675c04"
          },
          {
            "byte_count": 576,
            "media_type": "application/octet-stream",
            "path": "frames/000012/rgb.bin",
            "sha256": "4810c6b18eac9252303ec0e837cf9413273a627eeb70cee5d00ecf64df2445c8"
          },
          {
            "byte_count": 192,
            "media_type": "application/vnd.sip.confidence-u8",
            "path": "frames/000013/confidence.u8",
            "sha256": "90b88ae002ea844ed07d6f59bb868b0b9eb89a32dd2d6eea551437ccaa2fc141"
          },
          {
            "byte_count": 768,
            "media_type": "application/vnd.sip.depth-f32",
            "path": "frames/000013/depth.f32",
            "sha256": "854f3dd706be34881e0ba44ca4ce6c33423959f2cc0359c1770eb4b77a81c3a3"
          },
          {
            "byte_count": 576,
            "media_type": "application/octet-stream",
            "path": "frames/000013/rgb.bin",
            "sha256": "492ca4ffac1f422d66e154622f0da2dac3d37d5ab9e6ca006c7924c8868b475f"
          },
          {
            "byte_count": 192,
            "media_type": "application/vnd.sip.confidence-u8",
            "path": "frames/000014/confidence.u8",
            "sha256": "90b88ae002ea844ed07d6f59bb868b0b9eb89a32dd2d6eea551437ccaa2fc141"
          },
          {
            "byte_count": 768,
            "media_type": "application/vnd.sip.depth-f32",
            "path": "frames/000014/depth.f32",
            "sha256": "bb3544097785b5a0da2330b675fe15d53b512c2692f1d2bed7a10547847e33cb"
          },
          {
            "byte_count": 576,
            "media_type": "application/octet-stream",
            "path": "frames/000014/rgb.bin",
            "sha256": "046e7016bd5e1de3ed6241d4fa56b3b1f320a4d2e32b033b00020319013eefe6"
          },
          {
            "byte_count": 192,
            "media_type": "application/vnd.sip.confidence-u8",
            "path": "frames/000015/confidence.u8",
            "sha256": "90b88ae002ea844ed07d6f59bb868b0b9eb89a32dd2d6eea551437ccaa2fc141"
          },
          {
            "byte_count": 768,
            "media_type": "application/vnd.sip.depth-f32",
            "path": "frames/000015/depth.f32",
            "sha256": "3706a7cb786abd0d081ad19d84d586a24631402f796c504637fea28fc1e8c9fd"
          },
          {
            "byte_count": 576,
            "media_type": "application/octet-stream",
            "path": "frames/000015/rgb.bin",
            "sha256": "f1fa1d9635928a59d19171fdc2fd995a36374cc6aa25d5db565df7c167aabe26"
          }
        ],
        "calibration": {
          "known_scale": true,
          "scale_source": "fixture_definition",
          "uncertainty_m": 0.001
        },
        "capture_id": "synthetic-room-42-16",
        "capture_source": "deterministic_synthetic_fixture",
        "coordinate_frames": [
          {
            "convention": "right_handed_y_up_meters",
            "frame_id": "world",
            "name": "fixture world",
            "units": "meter"
          }
        ],
        "created_at": "2026-01-01T00:00:00+00:00",
        "frames": [
          {
            "camera_to_world": [
              [
                1.0,
                0.0,
                0.0,
                0.0
              ],
              [
                0.0,
                1.0,
                0.0,
                1.5
              ],
              [
                -0.0,
                0.0,
                1.0,
                1.2
              ],
              [
                0.0,
                0.0,
                0.0,
                1.0
              ]
            ],
            "confidence_asset": "frames/000000/confidence.u8",
            "confidence_encoding": "arkit_0_low_1_medium_2_high",
            "depth_asset": "frames/000000/depth.f32",
            "depth_encoding": "float32_little_endian_meters",
            "depth_size": [
              16,
              12
            ],
            "exposure": {
              "duration_s": 0.008333333333333333,
              "iso": 100
            },
            "frame_id": "frame-000000",
            "image_size": [
              16,
              12
            ],
            "intrinsics": [
              [
                14.0,
                0.0,
                8.0
              ],
              [
                0.0,
                14.0,
                6.0
              ],
              [
                0.0,
                0.0,
                1.0
              ]
            ],
            "motion": {
              "acceleration_m_s2": [
                0.0,
                9.80665,
                0.0
              ],
              "angular_velocity_rad_s": [
                0.0,
                0.1,
                0.0
              ]
            },
            "pose_stream": "synthetic_metric",
            "quality": {
              "blur_score": 0.02,
              "coverage_hint": 0.0
            },
            "rgb_asset": "frames/000000/rgb.bin",
            "timestamp_ns": 1000000000,
            "tracking_state": "normal"
          },
          {
            "camera_to_world": [
              [
                0.9238795325112867,
                0.0,
                0.3826834323650898,
                0.4592201188381077
              ],
              [
                0.0,
                1.0,
                0.0,
                1.5
              ],
              [
                -0.3826834323650898,
                0.0,
                0.9238795325112867,
                1.1086554390135441
              ],
              [
                0.0,
                0.0,
                0.0,
                1.0
              ]
            ],
            "confidence_asset": "frames/000001/confidence.u8",
            "confidence_encoding": "arkit_0_low_1_medium_2_high",
            "depth_asset": "frames/000001/depth.f32",
            "depth_encoding": "float32_little_endian_meters",
            "depth_size": [
              16,
              12
            ],
            "exposure": {
              "duration_s": 0.008333333333333333,
              "iso": 100
            },
            "frame_id": "frame-000001",
            "image_size": [
              16,
              12
            ],
            "intrinsics": [
              [
                14.0,
                0.0,
                8.0
              ],
              [
                0.0,
                14.0,
                6.0
              ],
              [
                0.0,
                0.0,
                1.0
              ]
            ],
            "motion": {
              "acceleration_m_s2": [
                0.0,
                9.80665,
                0.0
              ],
              "angular_velocity_rad_s": [
                0.0,
                0.1,
                0.0
              ]
            },
            "pose_stream": "synthetic_metric",
            "quality": {
              "blur_score": 0.02,
              "coverage_hint": 0.0625
            },
            "rgb_asset": "frames/000001/rgb.bin",
            "timestamp_ns": 1100000000,
            "tracking_state": "normal"
          },
          {
            "camera_to_world": [
              [
                0.7071067811865476,
                0.0,
                0.7071067811865475,
                0.8485281374238569
              ],
              [
                0.0,
                1.0,
                0.0,
                1.5
              ],
              [
                -0.7071067811865475,
                0.0,
                0.7071067811865476,
                0.848528137423857
              ],
              [
                0.0,
                0.0,
                0.0,
                1.0
              ]
            ],
            "confidence_asset": "frames/000002/confidence.u8",
            "confidence_encoding": "arkit_0_low_1_medium_2_high",
            "depth_asset": "frames/000002/depth.f32",
            "depth_encoding": "float32_little_endian_meters",
            "depth_size": [
              16,
              12
            ],
            "exposure": {
              "duration_s": 0.008333333333333333,
              "iso": 100
            },
            "frame_id": "frame-000002",
            "image_size": [
              16,
              12
            ],
            "intrinsics": [
              [
                14.0,
                0.0,
                8.0
              ],
              [
                0.0,
                14.0,
                6.0
              ],
              [
                0.0,
                0.0,
                1.0
              ]
            ],
            "motion": {
              "acceleration_m_s2": [
                0.0,
                9.80665,
                0.0
              ],
              "angular_velocity_rad_s": [
                0.0,
                0.1,
                0.0
              ]
            },
            "pose_stream": "synthetic_metric",
            "quality": {
              "blur_score": 0.02,
              "coverage_hint": 0.125
            },
            "rgb_asset": "frames/000002/rgb.bin",
            "timestamp_ns": 1200000000,
            "tracking_state": "normal"
          },
          {
            "camera_to_world": [
              [
                0.38268343236508984,
                0.0,
                0.9238795325112867,
                1.1086554390135441
              ],
              [
                0.0,
                1.0,
                0.0,
                1.5
              ],
              [
                -0.9238795325112867,
                0.0,
                0.38268343236508984,
                0.45922011883810776
              ],
              [
                0.0,
                0.0,
                0.0,
                1.0
              ]
            ],
            "confidence_asset": "frames/000003/confidence.u8",
            "confidence_encoding": "arkit_0_low_1_medium_2_high",
            "depth_asset": "frames/000003/depth.f32",
            "depth_encoding": "float32_little_endian_meters",
            "depth_size": [
              16,
              12
            ],
            "exposure": {
              "duration_s": 0.008333333333333333,
              "iso": 100
            },
            "frame_id": "frame-000003",
            "image_size": [
              16,
              12
            ],
            "intrinsics": [
              [
                14.0,
                0.0,
                8.0
              ],
              [
                0.0,
                14.0,
                6.0
              ],
              [
                0.0,
                0.0,
                1.0
              ]
            ],
            "motion": {
              "acceleration_m_s2": [
                0.0,
                9.80665,
                0.0
              ],
              "angular_velocity_rad_s": [
                0.0,
                0.1,
                0.0
              ]
            },
            "pose_stream": "synthetic_metric",
            "quality": {
              "blur_score": 0.02,
              "coverage_hint": 0.1875
            },
            "rgb_asset": "frames/000003/rgb.bin",
            "timestamp_ns": 1300000000,
            "tracking_state": "normal"
          },
          {
            "camera_to_world": [
              [
                6.123233995736766e-17,
                0.0,
                1.0,
                1.2
              ],
              [
                0.0,
                1.0,
                0.0,
                1.5
              ],
              [
                -1.0,
                0.0,
                6.123233995736766e-17,
                7.347880794884119e-17
              ],
              [
                0.0,
                0.0,
                0.0,
                1.0
              ]
            ],
            "confidence_asset": "frames/000004/confidence.u8",
            "confidence_encoding": "arkit_0_low_1_medium_2_high",
            "depth_asset": "frames/000004/depth.f32",
            "depth_encoding": "float32_little_endian_meters",
            "depth_size": [
              16,
              12
            ],
            "exposure": {
              "duration_s": 0.008333333333333333,
              "iso": 100
            },
            "frame_id": "frame-000004",
            "image_size": [
              16,
              12
            ],
            "intrinsics": [
              [
                14.0,
                0.0,
                8.0
              ],
              [
                0.0,
                14.0,
                6.0
              ],
              [
                0.0,
                0.0,
                1.0
              ]
            ],
            "motion": {
              "acceleration_m_s2": [
                0.0,
                9.80665,
                0.0
              ],
              "angular_velocity_rad_s": [
                0.0,
                0.1,
                0.0
              ]
            },
            "pose_stream": "synthetic_metric",
            "quality": {
              "blur_score": 0.02,
              "coverage_hint": 0.25
            },
            "rgb_asset": "frames/000004/rgb.bin",
            "timestamp_ns": 1400000000,
            "tracking_state": "normal"
          },
          {
            "camera_to_world": [
              [
                -0.3826834323650897,
                0.0,
                0.9238795325112867,
                1.1086554390135441
              ],
              [
                0.0,
                1.0,
                0.0,
                1.5
              ],
              [
                -0.9238795325112867,
                0.0,
                -0.3826834323650897,
                -0.45922011883810765
              ],
              [
                0.0,
                0.0,
                0.0,
                1.0
              ]
            ],
            "confidence_asset": "frames/000005/confidence.u8",
            "confidence_encoding": "arkit_0_low_1_medium_2_high",
            "depth_asset": "frames/000005/depth.f32",
            "depth_encoding": "float32_little_endian_meters",
            "depth_size": [
              16,
              12
            ],
            "exposure": {
              "duration_s": 0.008333333333333333,
              "iso": 100
            },
            "frame_id": "frame-000005",
            "image_size": [
              16,
              12
            ],
            "intrinsics": [
              [
                14.0,
                0.0,
                8.0
              ],
              [
                0.0,
                14.0,
                6.0
              ],
              [
                0.0,
                0.0,
                1.0
              ]
            ],
            "motion": {
              "acceleration_m_s2": [
                0.0,
                9.80665,
                0.0
              ],
              "angular_velocity_rad_s": [
                0.0,
                0.1,
                0.0
              ]
            },
            "pose_stream": "synthetic_metric",
            "quality": {
              "blur_score": 0.02,
              "coverage_hint": 0.3125
            },
            "rgb_asset": "frames/000005/rgb.bin",
            "timestamp_ns": 1500000000,
            "tracking_state": "normal"
          },
          {
            "camera_to_world": [
              [
                -0.7071067811865475,
                0.0,
                0.7071067811865476,
                0.848528137423857
              ],
              [
                0.0,
                1.0,
                0.0,
                1.5
              ],
              [
                -0.7071067811865476,
                0.0,
                -0.7071067811865475,
                -0.8485281374238569
              ],
              [
                0.0,
                0.0,
                0.0,
                1.0
              ]
            ],
            "confidence_asset": "frames/000006/confidence.u8",
            "confidence_encoding": "arkit_0_low_1_medium_2_high",
            "depth_asset": "frames/000006/depth.f32",
            "depth_encoding": "float32_little_endian_meters",
            "depth_size": [
              16,
              12
            ],
            "exposure": {
              "duration_s": 0.008333333333333333,
              "iso": 100
            },
            "frame_id": "frame-000006",
            "image_size": [
              16,
              12
            ],
            "intrinsics": [
              [
                14.0,
                0.0,
                8.0
              ],
              [
                0.0,
                14.0,
                6.0
              ],
              [
                0.0,
                0.0,
                1.0
              ]
            ],
            "motion": {
              "acceleration_m_s2": [
                0.0,
                9.80665,
                0.0
              ],
              "angular_velocity_rad_s": [
                0.0,
                0.1,
                0.0
              ]
            },
            "pose_stream": "synthetic_metric",
            "quality": {
              "blur_score": 0.02,
              "coverage_hint": 0.375
            },
            "rgb_asset": "frames/000006/rgb.bin",
            "timestamp_ns": 1600000000,
            "tracking_state": "normal"
          },
          {
            "camera_to_world": [
              [
                -0.9238795325112867,
                0.0,
                0.3826834323650899,
                0.45922011883810787
              ],
              [
                0.0,
                1.0,
                0.0,
                1.5
              ],
              [
                -0.3826834323650899,
                0.0,
                -0.9238795325112867,
                -1.1086554390135441
              ],
              [
                0.0,
                0.0,
                0.0,
                1.0
              ]
            ],
            "confidence_asset": "frames/000007/confidence.u8",
            "confidence_encoding": "arkit_0_low_1_medium_2_high",
            "depth_asset": "frames/000007/depth.f32",
            "depth_encoding": "float32_little_endian_meters",
            "depth_size": [
              16,
              12
            ],
            "exposure": {
              "duration_s": 0.008333333333333333,
              "iso": 100
            },
            "frame_id": "frame-000007",
            "image_size": [
              16,
              12
            ],
            "intrinsics": [
              [
                14.0,
                0.0,
                8.0
              ],
              [
                0.0,
                14.0,
                6.0
              ],
              [
                0.0,
                0.0,
                1.0
              ]
            ],
            "motion": {
              "acceleration_m_s2": [
                0.0,
                9.80665,
                0.0
              ],
              "angular_velocity_rad_s": [
                0.0,
                0.1,
                0.0
              ]
            },
            "pose_stream": "synthetic_metric",
            "quality": {
              "blur_score": 0.02,
              "coverage_hint": 0.4375
            },
            "rgb_asset": "frames/000007/rgb.bin",
            "timestamp_ns": 1700000000,
            "tracking_state": "normal"
          },
          {
            "camera_to_world": [
              [
                -1.0,
                0.0,
                1.2246467991473532e-16,
                1.4695761589768238e-16
              ],
              [
                0.0,
                1.0,
                0.0,
                1.5
              ],
              [
                -1.2246467991473532e-16,
                0.0,
                -1.0,
                -1.2
              ],
              [
                0.0,
                0.0,
                0.0,
                1.0
              ]
            ],
            "confidence_asset": "frames/000008/confidence.u8",
            "confidence_encoding": "arkit_0_low_1_medium_2_high",
            "depth_asset": "frames/000008/depth.f32",
            "depth_encoding": "float32_little_endian_meters",
            "depth_size": [
              16,
              12
            ],
            "exposure": {
              "duration_s": 0.008333333333333333,
              "iso": 100
            },
            "frame_id": "frame-000008",
            "image_size": [
              16,
              12
            ],
            "intrinsics": [
              [
                14.0,
                0.0,
                8.0
              ],
              [
                0.0,
                14.0,
                6.0
              ],
              [
                0.0,
                0.0,
                1.0
              ]
            ],
            "motion": {
              "acceleration_m_s2": [
                0.0,
                9.80665,
                0.0
              ],
              "angular_velocity_rad_s": [
                0.0,
                0.1,
                0.0
              ]
            },
            "pose_stream": "synthetic_metric",
            "quality": {
              "blur_score": 0.02,
              "coverage_hint": 0.5
            },
            "rgb_asset": "frames/000008/rgb.bin",
            "timestamp_ns": 1800000000,
            "tracking_state": "normal"
          },
          {
            "camera_to_world": [
              [
                -0.9238795325112868,
                0.0,
                -0.38268343236508967,
                -0.4592201188381076
              ],
              [
                0.0,
                1.0,
                0.0,
                1.5
              ],
              [
                0.38268343236508967,
                0.0,
                -0.9238795325112868,
                -1.1086554390135441
              ],
              [
                0.0,
                0.0,
                0.0,
                1.0
              ]
            ],
            "confidence_asset": "frames/000009/confidence.u8",
            "confidence_encoding": "arkit_0_low_1_medium_2_high",
            "depth_asset": "frames/000009/depth.f32",
            "depth_encoding": "float32_little_endian_meters",
            "depth_size": [
              16,
              12
            ],
            "exposure": {
              "duration_s": 0.008333333333333333,
              "iso": 100
            },
            "frame_id": "frame-000009",
            "image_size": [
              16,
              12
            ],
            "intrinsics": [
              [
                14.0,
                0.0,
                8.0
              ],
              [
                0.0,
                14.0,
                6.0
              ],
              [
                0.0,
                0.0,
                1.0
              ]
            ],
            "motion": {
              "acceleration_m_s2": [
                0.0,
                9.80665,
                0.0
              ],
              "angular_velocity_rad_s": [
                0.0,
                0.1,
                0.0
              ]
            },
            "pose_stream": "synthetic_metric",
            "quality": {
              "blur_score": 0.02,
              "coverage_hint": 0.5625
            },
            "rgb_asset": "frames/000009/rgb.bin",
            "timestamp_ns": 1900000000,
            "tracking_state": "normal"
          },
          {
            "camera_to_world": [
              [
                -0.7071067811865477,
                0.0,
                -0.7071067811865475,
                -0.8485281374238569
              ],
              [
                0.0,
                1.0,
                0.0,
                1.5
              ],
              [
                0.7071067811865475,
                0.0,
                -0.7071067811865477,
                -0.8485281374238572
              ],
              [
                0.0,
                0.0,
                0.0,
                1.0
              ]
            ],
            "confidence_asset": "frames/000010/confidence.u8",
            "confidence_encoding": "arkit_0_low_1_medium_2_high",
            "depth_asset": "frames/000010/depth.f32",
            "depth_encoding": "float32_little_endian_meters",
            "depth_size": [
              16,
              12
            ],
            "exposure": {
              "duration_s": 0.008333333333333333,
              "iso": 100
            },
            "frame_id": "frame-000010",
            "image_size": [
              16,
              12
            ],
            "intrinsics": [
              [
                14.0,
                0.0,
                8.0
              ],
              [
                0.0,
                14.0,
                6.0
              ],
              [
                0.0,
                0.0,
                1.0
              ]
            ],
            "motion": {
              "acceleration_m_s2": [
                0.0,
                9.80665,
                0.0
              ],
              "angular_velocity_rad_s": [
                0.0,
                0.1,
                0.0
              ]
            },
            "pose_stream": "synthetic_metric",
            "quality": {
              "blur_score": 0.02,
              "coverage_hint": 0.625
            },
            "rgb_asset": "frames/000010/rgb.bin",
            "timestamp_ns": 2000000000,
            "tracking_state": "normal"
          },
          {
            "camera_to_world": [
              [
                -0.38268343236509034,
                0.0,
                -0.9238795325112865,
                -1.1086554390135437
              ],
              [
                0.0,
                1.0,
                0.0,
                1.5
              ],
              [
                0.9238795325112865,
                0.0,
                -0.38268343236509034,
                -0.45922011883810837
              ],
              [
                0.0,
                0.0,
                0.0,
                1.0
              ]
            ],
            "confidence_asset": "frames/000011/confidence.u8",
            "confidence_encoding": "arkit_0_low_1_medium_2_high",
            "depth_asset": "frames/000011/depth.f32",
            "depth_encoding": "float32_little_endian_meters",
            "depth_size": [
              16,
              12
            ],
            "exposure": {
              "duration_s": 0.008333333333333333,
              "iso": 100
            },
            "frame_id": "frame-000011",
            "image_size": [
              16,
              12
            ],
            "intrinsics": [
              [
                14.0,
                0.0,
                8.0
              ],
              [
                0.0,
                14.0,
                6.0
              ],
              [
                0.0,
                0.0,
                1.0
              ]
            ],
            "motion": {
              "acceleration_m_s2": [
                0.0,
                9.80665,
                0.0
              ],
              "angular_velocity_rad_s": [
                0.0,
                0.1,
                0.0
              ]
            },
            "pose_stream": "synthetic_metric",
            "quality": {
              "blur_score": 0.02,
              "coverage_hint": 0.6875
            },
            "rgb_asset": "frames/000011/rgb.bin",
            "timestamp_ns": 2100000000,
            "tracking_state": "normal"
          },
          {
            "camera_to_world": [
              [
                -1.8369701987210297e-16,
                0.0,
                -1.0,
                -1.2
              ],
              [
                0.0,
                1.0,
                0.0,
                1.5
              ],
              [
                1.0,
                0.0,
                -1.8369701987210297e-16,
                -2.2043642384652356e-16
              ],
              [
                0.0,
                0.0,
                0.0,
                1.0
              ]
            ],
            "confidence_asset": "frames/000012/confidence.u8",
            "confidence_encoding": "arkit_0_low_1_medium_2_high",
            "depth_asset": "frames/000012/depth.f32",
            "depth_encoding": "float32_little_endian_meters",
            "depth_size": [
              16,
              12
            ],
            "exposure": {
              "duration_s": 0.008333333333333333,
              "iso": 100
            },
            "frame_id": "frame-000012",
            "image_size": [
              16,
              12
            ],
            "intrinsics": [
              [
                14.0,
                0.0,
                8.0
              ],
              [
                0.0,
                14.0,
                6.0
              ],
              [
                0.0,
                0.0,
                1.0
              ]
            ],
            "motion": {
              "acceleration_m_s2": [
                0.0,
                9.80665,
                0.0
              ],
              "angular_velocity_rad_s": [
                0.0,
                0.1,
                0.0
              ]
            },
            "pose_stream": "synthetic_metric",
            "quality": {
              "blur_score": 0.02,
              "coverage_hint": 0.75
            },
            "rgb_asset": "frames/000012/rgb.bin",
            "timestamp_ns": 2200000000,
            "tracking_state": "normal"
          },
          {
            "camera_to_world": [
              [
                0.38268343236509,
                0.0,
                -0.9238795325112866,
                -1.108655439013544
              ],
              [
                0.0,
                1.0,
                0.0,
                1.5
              ],
              [
                0.9238795325112866,
                0.0,
                0.38268343236509,
                0.459220118838108
              ],
              [
                0.0,
                0.0,
                0.0,
                1.0
              ]
            ],
            "confidence_asset": "frames/000013/confidence.u8",
            "confidence_encoding": "arkit_0_low_1_medium_2_high",
            "depth_asset": "frames/000013/depth.f32",
            "depth_encoding": "float32_little_endian_meters",
            "depth_size": [
              16,
              12
            ],
            "exposure": {
              "duration_s": 0.008333333333333333,
              "iso": 100
            },
            "frame_id": "frame-000013",
            "image_size": [
              16,
              12
            ],
            "intrinsics": [
              [
                14.0,
                0.0,
                8.0
              ],
              [
                0.0,
                14.0,
                6.0
              ],
              [
                0.0,
                0.0,
                1.0
              ]
            ],
            "motion": {
              "acceleration_m_s2": [
                0.0,
                9.80665,
                0.0
              ],
              "angular_velocity_rad_s": [
                0.0,
                0.1,
                0.0
              ]
            },
            "pose_stream": "synthetic_metric",
            "quality": {
              "blur_score": 0.02,
              "coverage_hint": 0.8125
            },
            "rgb_asset": "frames/000013/rgb.bin",
            "timestamp_ns": 2300000000,
            "tracking_state": "normal"
          },
          {
            "camera_to_world": [
              [
                0.7071067811865474,
                0.0,
                -0.7071067811865477,
                -0.8485281374238572
              ],
              [
                0.0,
                1.0,
                0.0,
                1.5
              ],
              [
                0.7071067811865477,
                0.0,
                0.7071067811865474,
                0.8485281374238568
              ],
              [
                0.0,
                0.0,
                0.0,
                1.0
              ]
            ],
            "confidence_asset": "frames/000014/confidence.u8",
            "confidence_encoding": "arkit_0_low_1_medium_2_high",
            "depth_asset": "frames/000014/depth.f32",
            "depth_encoding": "float32_little_endian_meters",
            "depth_size": [
              16,
              12
            ],
            "exposure": {
              "duration_s": 0.008333333333333333,
              "iso": 100
            },
            "frame_id": "frame-000014",
            "image_size": [
              16,
              12
            ],
            "intrinsics": [
              [
                14.0,
                0.0,
                8.0
              ],
              [
                0.0,
                14.0,
                6.0
              ],
              [
                0.0,
                0.0,
                1.0
              ]
            ],
            "motion": {
              "acceleration_m_s2": [
                0.0,
                9.80665,
                0.0
              ],
              "angular_velocity_rad_s": [
                0.0,
                0.1,
                0.0
              ]
            },
            "pose_stream": "synthetic_metric",
            "quality": {
              "blur_score": 0.02,
              "coverage_hint": 0.875
            },
            "rgb_asset": "frames/000014/rgb.bin",
            "timestamp_ns": 2400000000,
            "tracking_state": "normal"
          },
          {
            "camera_to_world": [
              [
                0.9238795325112865,
                0.0,
                -0.3826834323650904,
                -0.4592201188381084
              ],
              [
                0.0,
                1.0,
                0.0,
                1.5
              ],
              [
                0.3826834323650904,
                0.0,
                0.9238795325112865,
                1.1086554390135437
              ],
              [
                0.0,
                0.0,
                0.0,
                1.0
              ]
            ],
            "confidence_asset": "frames/000015/confidence.u8",
            "confidence_encoding": "arkit_0_low_1_medium_2_high",
            "depth_asset": "frames/000015/depth.f32",
            "depth_encoding": "float32_little_endian_meters",
            "depth_size": [
              16,
              12
            ],
            "exposure": {
              "duration_s": 0.008333333333333333,
              "iso": 100
            },
            "frame_id": "frame-000015",
            "image_size": [
              16,
              12
            ],
            "intrinsics": [
              [
                14.0,
                0.0,
                8.0
              ],
              [
                0.0,
                14.0,
                6.0
              ],
              [
                0.0,
                0.0,
                1.0
              ]
            ],
            "motion": {
              "acceleration_m_s2": [
                0.0,
                9.80665,
                0.0
              ],
              "angular_velocity_rad_s": [
                0.0,
                0.1,
                0.0
              ]
            },
            "pose_stream": "synthetic_metric",
            "quality": {
              "blur_score": 0.02,
              "coverage_hint": 0.9375
            },
            "rgb_asset": "frames/000015/rgb.bin",
            "timestamp_ns": 2500000000,
            "tracking_state": "normal"
          }
        ],
        "mesh_anchors": [],
        "motion_samples": [],
        "privacy": {
          "contains_people": false,
          "redactions": []
        },
        "provenance": {
          "generator": "sip.capture.create_synthetic_room_capture",
          "seed": 42
        },
        "restricted_regions": [],
        "root_hash": "3801ced4a8aa3708e16807a72334543849a9c73a9ebd3d4977ec35d306ed8119",
        "schema_version": "1.0.0",
        "semantic_hash": "91fd532f43b9df0258f877311fcc96c5c4ee5f9490aa67ec2b461aae855c46f4"
      },
      "path": "/mnt/data/sip-authoritative-work/runtime/demo/export/input/synthetic-room.sipcapture",
      "root_hash": "3801ced4a8aa3708e16807a72334543849a9c73a9ebd3d4977ec35d306ed8119",
      "schema_version": "1.0.0",
      "valid": true,
      "validation": {
        "archive_sha256": "c9c273b31bc0a8a2737f9a59f33f2fe58faed221981fe5a464b7c4f9613f8dd7",
        "asset_count": 48,
        "capture_id": "synthetic-room-42-16",
        "checks": [
          {
            "byte_count": 192,
            "path": "frames/000000/confidence.u8",
            "sha256": "90b88ae002ea844ed07d6f59bb868b0b9eb89a32dd2d6eea551437ccaa2fc141",
            "valid": true
          },
          {
            "byte_count": 768,
            "path": "frames/000000/depth.f32",
            "sha256": "d8bded6f21ef777865b3d948f0eaad9dd1635d1764ec018fe68299e22af5a783",
            "valid": true
          },
          {
            "byte_count": 576,
            "path": "frames/000000/rgb.bin",
            "sha256": "9c1d2a9d201c927c8fe10d88accce0bf772cf476b8e329bf28af1256ff5835a8",
            "valid": true
          },
          {
            "byte_count": 192,
            "path": "frames/000001/confidence.u8",
            "sha256": "90b88ae002ea844ed07d6f59bb868b0b9eb89a32dd2d6eea551437ccaa2fc141",
            "valid": true
          },
          {
            "byte_count": 768,
            "path": "frames/000001/depth.f32",
            "sha256": "d39b03409e3a105065cb85149965b80e0fbc3a7c9bd8ed07e2b3eb60de29bafd",
            "valid": true
          },
          {
            "byte_count": 576,
            "path": "frames/000001/rgb.bin",
            "sha256": "6ca3ba9dc7d473985667004c632ae79458dcd791c7413758e5b5a49a157659aa",
            "valid": true
          },
          {
            "byte_count": 192,
            "path": "frames/000002/confidence.u8",
            "sha256": "90b88ae002ea844ed07d6f59bb868b0b9eb89a32dd2d6eea551437ccaa2fc141",
            "valid": true
          },
          {
            "byte_count": 768,
            "path": "frames/000002/depth.f32",
            "sha256": "154f78cf2f70a72cbb800ba82e8c6f2a2dcd93ac0c4443997895a58113a628db",
            "valid": true
          },
          {
            "byte_count": 576,
            "path": "frames/000002/rgb.bin",
            "sha256": "2a7def0d95a8038e4e1c6ed4cbc495d24bcc450241811f3170226bacbe4ef218",
            "valid": true
          },
          {
            "byte_count": 192,
            "path": "frames/000003/confidence.u8",
            "sha256": "90b88ae002ea844ed07d6f59bb868b0b9eb89a32dd2d6eea551437ccaa2fc141",
            "valid": true
          },
          {
            "byte_count": 768,
            "path": "frames/000003/depth.f32",
            "sha256": "5726338787fffd2d4c3597702c9aabda680f882d0b102e53b07633bf4833f0e8",
            "valid": true
          },
          {
            "byte_count": 576,
            "path": "frames/000003/rgb.bin",
            "sha256": "6f3980e5fc9853ca5b808eee7daa0a686366196a2fc486ccfb8ec167b9322ffa",
            "valid": true
          },
          {
            "byte_count": 192,
            "path": "frames/000004/confidence.u8",
            "sha256": "90b88ae002ea844ed07d6f59bb868b0b9eb89a32dd2d6eea551437ccaa2fc141",
            "valid": true
          },
          {
            "byte_count": 768,
            "path": "frames/000004/depth.f32",
            "sha256": "55c6ef6b449fade8f72a941003c128ae9f33816907ecefea83b8e3b96af31bc5",
            "valid": true
          },
          {
            "byte_count": 576,
            "path": "frames/000004/rgb.bin",
            "sha256": "3d3787525168b1d378eef538a271b45279e396c710801321af60d861124b9f86",
            "valid": true
          },
          {
            "byte_count": 192,
            "path": "frames/000005/confidence.u8",
            "sha256": "90b88ae002ea844ed07d6f59bb868b0b9eb89a32dd2d6eea551437ccaa2fc141",
            "valid": true
          },
          {
            "byte_count": 768,
            "path": "frames/000005/depth.f32",
            "sha256": "cbdfb902dfc6e2c76eb19bcccf6458c769849095454adb40a84ce559873cefe3",
            "valid": true
          },
          {
            "byte_count": 576,
            "path": "frames/000005/rgb.bin",
            "sha256": "4ff04a01c9b3dbcb6ae7b86f560c32a29fa20833c713df2ef3efd6db9adfde2e",
            "valid": true
          },
          {
            "byte_count": 192,
            "path": "frames/000006/confidence.u8",
            "sha256": "90b88ae002ea844ed07d6f59bb868b0b9eb89a32dd2d6eea551437ccaa2fc141",
            "valid": true
          },
          {
            "byte_count": 768,
            "path": "frames/000006/depth.f32",
            "sha256": "9892f4ca936db6763ec567b988f9b7616a89f994c43ff36f1d2f536ab86f05ac",
            "valid": true
          },
          {
            "byte_count": 576,
            "path": "frames/000006/rgb.bin",
            "sha256": "58697836b3d2fdacb752f71da97cceda512c5b9bf13ab5ae566991c276fd676f",
            "valid": true
          },
          {
            "byte_count": 192,
            "path": "frames/000007/confidence.u8",
            "sha256": "90b88ae002ea844ed07d6f59bb868b0b9eb89a32dd2d6eea551437ccaa2fc141",
            "valid": true
          },
          {
            "byte_count": 768,
            "path": "frames/000007/depth.f32",
            "sha256": "08178aabd942e6672873783027fa55589e25a5cb7db5bfbc175f9f8f49184897",
            "valid": true
          },
          {
            "byte_count": 576,
            "path": "frames/000007/rgb.bin",
            "sha256": "e96bd6f83e16c798395d3d49d4bc31b0e9cd274d51630cea7e533de85c170aad",
            "valid": true
          },
          {
            "byte_count": 192,
            "path": "frames/000008/confidence.u8",
            "sha256": "90b88ae002ea844ed07d6f59bb868b0b9eb89a32dd2d6eea551437ccaa2fc141",
            "valid": true
          },
          {
            "byte_count": 768,
            "path": "frames/000008/depth.f32",
            "sha256": "45445746aafbda7be3cd0bb6dbfa9783e4a229e36cf581f95a7c4a106702e64f",
            "valid": true
          },
          {
            "byte_count": 576,
            "path": "frames/000008/rgb.bin",
            "sha256": "320cac0a91e71109d769e2a640e073816cb32dcdef359a377347ebad7a1b8492",
            "valid": true
          },
          {
            "byte_count": 192,
            "path": "frames/000009/confidence.u8",
            "sha256": "90b88ae002ea844ed07d6f59bb868b0b9eb89a32dd2d6eea551437ccaa2fc141",
            "valid": true
          },
          {
            "byte_count": 768,
            "path": "frames/000009/depth.f32",
            "sha256": "00d708c43f29a1e787aeb64ea3c25bbdbb41debe93c09d58867148d254e2d33d",
            "valid": true
          },
          {
            "byte_count": 576,
            "path": "frames/000009/rgb.bin",
            "sha256": "61e64cec2a475f6379e95b2d4fef906f48f0c5ab9c0c5331cefeb8c817a7b74d",
            "valid": true
          },
          {
            "byte_count": 192,
            "path": "frames/000010/confidence.u8",
            "sha256": "90b88ae002ea844ed07d6f59bb868b0b9eb89a32dd2d6eea551437ccaa2fc141",
            "valid": true
          },
          {
            "byte_count": 768,
            "path": "frames/000010/depth.f32",
            "sha256": "daeeba8de88a70a7d516e1ee92ed607cd60755b9ca87ee7d8e7c05c7a5622a81",
            "valid": true
          },
          {
            "byte_count": 576,
            "path": "frames/000010/rgb.bin",
            "sha256": "c8cefa05e3be06878ffb9f466bf0e605fde6f1544fd6a5e89d89c9564abd2b58",
            "valid": true
          },
          {
            "byte_count": 192,
            "path": "frames/000011/confidence.u8",
            "sha256": "90b88ae002ea844ed07d6f59bb868b0b9eb89a32dd2d6eea551437ccaa2fc141",
            "valid": true
          },
          {
            "byte_count": 768,
            "path": "frames/000011/depth.f32",
            "sha256": "51527f8aaf11c2e86369654149abec087dceb9d477863899a008bab7d9f5a145",
            "valid": true
          },
          {
            "byte_count": 576,
            "path": "frames/000011/rgb.bin",
            "sha256": "6c0ba0b222bdeda124e4c5397882b04924d0046cec733bb3e5e92633704baa51",
            "valid": true
          },
          {
            "byte_count": 192,
            "path": "frames/000012/confidence.u8",
            "sha256": "90b88ae002ea844ed07d6f59bb868b0b9eb89a32dd2d6eea551437ccaa2fc141",
            "valid": true
          },
          {
            "byte_count": 768,
            "path": "frames/000012/depth.f32",
            "sha256": "b00279f286238da8846ba26b9d35614c43e67b64af9a8312d96481afdb675c04",
            "valid": true
          },
          {
            "byte_count": 576,
            "path": "frames/000012/rgb.bin",
            "sha256": "4810c6b18eac9252303ec0e837cf9413273a627eeb70cee5d00ecf64df2445c8",
            "valid": true
          },
          {
            "byte_count": 192,
            "path": "frames/000013/confidence.u8",
            "sha256": "90b88ae002ea844ed07d6f59bb868b0b9eb89a32dd2d6eea551437ccaa2fc141",
            "valid": true
          },
          {
            "byte_count": 768,
            "path": "frames/000013/depth.f32",
            "sha256": "854f3dd706be34881e0ba44ca4ce6c33423959f2cc0359c1770eb4b77a81c3a3",
            "valid": true
          },
          {
            "byte_count": 576,
            "path": "frames/000013/rgb.bin",
            "sha256": "492ca4ffac1f422d66e154622f0da2dac3d37d5ab9e6ca006c7924c8868b475f",
            "valid": true
          },
          {
            "byte_count": 192,
            "path": "frames/000014/confidence.u8",
            "sha256": "90b88ae002ea844ed07d6f59bb868b0b9eb89a32dd2d6eea551437ccaa2fc141",
            "valid": true
          },
          {
            "byte_count": 768,
            "path": "frames/000014/depth.f32",
            "sha256": "bb3544097785b5a0da2330b675fe15d53b512c2692f1d2bed7a10547847e33cb",
            "valid": true
          },
          {
            "byte_count": 576,
            "path": "frames/000014/rgb.bin",
            "sha256": "046e7016bd5e1de3ed6241d4fa56b3b1f320a4d2e32b033b00020319013eefe6",
            "valid": true
          },
          {
            "byte_count": 192,
            "path": "frames/000015/confidence.u8",
            "sha256": "90b88ae002ea844ed07d6f59bb868b0b9eb89a32dd2d6eea551437ccaa2fc141",
            "valid": true
          },
          {
            "byte_count": 768,
            "path": "frames/000015/depth.f32",
            "sha256": "3706a7cb786abd0d081ad19d84d586a24631402f796c504637fea28fc1e8c9fd",
            "valid": true
          },
          {
            "byte_count": 576,
            "path": "frames/000015/rgb.bin",
            "sha256": "f1fa1d9635928a59d19171fdc2fd995a36374cc6aa25d5db565df7c167aabe26",
            "valid": true
          }
        ],
        "frame_count": 16,
        "root_hash": "3801ced4a8aa3708e16807a72334543849a9c73a9ebd3d4977ec35d306ed8119",
        "schema_version": "1.0.0",
        "valid": true
      }
    },
    "durable_operation": {
      "attempts": 2,
      "checkpoints": [
        {
          "root_hash": "3801ced4a8aa3708e16807a72334543849a9c73a9ebd3d4977ec35d306ed8119",
          "safe_to_resume": true,
          "sequence": 1,
          "stage": "validated-input"
        },
        {
          "safe_to_resume": true,
          "sequence": 2,
          "source_checkpoint": {
            "root_hash": "3801ced4a8aa3708e16807a72334543849a9c73a9ebd3d4977ec35d306ed8119",
            "safe_to_resume": true,
            "sequence": 1,
            "stage": "validated-input"
          },
          "stage": "normalized"
        }
      ],
      "final_state": "succeeded",
      "operation_id": "dde601c0-e85a-422c-bba9-d517a7b7b81f",
      "output_hash": "13cc9d26c0550fe22b6f86fe0ccfeead1edcdcd0e371cafe7043ee1edd290300"
    },
    "ingest": {
      "capture_asset_id": "7ae4cfc0-a371-47fc-a707-59c28a06d56a"
    },
    "preservation": {
      "independent_runtime": "/mnt/data/sip-authoritative-work/runtime/demo/export/restore-runtime",
      "matching_root_hash": true,
      "operational_replay": {
        "counts": {
          "anchor_remaps": 0,
          "assertions": 0,
          "collaboration_comments": 0,
          "collaboration_tasks": 0,
          "consent_grants": 0,
          "construction_records": 0,
          "coordinate_frames": 1,
          "derivation_events": 0,
          "evidence_records": 0,
          "geometry_asset_manifests": 0,
          "legal_holds": 0,
          "measurements": 0,
          "memory_records": 0,
          "representation_bindings": 1,
          "representations": 1,
          "retention_rules": 0,
          "scene_branches": 1,
          "scene_commits": 2,
          "scene_entities": 1,
          "scene_tags": 0,
          "spatial_annotations": 0,
          "spatial_transforms": 0
        },
        "matches_package": true,
        "vertical_validation": {}
      },
      "package_path": "/mnt/data/sip-authoritative-work/runtime/demo/export/preservation.sip-preservation.zip",
      "package_sha256": "d1b4e113c44168fbeb06e7417cc9ac7d4fff82e30f63a3f2b267769965991e73",
      "restored": {
        "commit_id": "baa79c10-48bc-4cd0-b427-6e29d435077d",
        "domain_schema_version": "1.1.0",
        "id_maps": {
          "anchor_remap": {},
          "annotation": {},
          "assertion": {},
          "asset": {
            "586f0526-2a61-47ae-8bb9-012ab1569925": "586f0526-2a61-47ae-8bb9-012ab1569925",
            "7ae4cfc0-a371-47fc-a707-59c28a06d56a": "7ae4cfc0-a371-47fc-a707-59c28a06d56a"
          },
          "branch": {
            "39e17b40-4032-468f-a3ca-72e84e4a21c4": "39e17b40-4032-468f-a3ca-72e84e4a21c4"
          },
          "comment": {},
          "commit": {
            "0ee78065-7b43-4950-843e-bdcb7b3db16f": "0ee78065-7b43-4950-843e-bdcb7b3db16f",
            "baa79c10-48bc-4cd0-b427-6e29d435077d": "baa79c10-48bc-4cd0-b427-6e29d435077d"
          },
          "consent": {},
          "construction": {},
          "derivation": {},
          "entity": {
            "c00c419c-9d9d-4502-afbf-25a8942e499a": "c00c419c-9d9d-4502-afbf-25a8942e499a"
          },
          "evidence": {},
          "frame": {
            "world": "world"
          },
          "geometry_manifest": {},
          "legal_hold": {},
          "measurement": {},
          "memory": {},
          "representation": {
            "3ce5aac9-71a8-40e5-933e-bf23f1307038": "3ce5aac9-71a8-40e5-933e-bf23f1307038"
          },
          "representation_binding": {
            "aef5aafa-291f-44d9-98cf-a8be0a3fb5e2": "aef5aafa-291f-44d9-98cf-a8be0a3fb5e2"
          },
          "retention_rule": {},
          "scene": {
            "338ecf10-a510-4b26-84a7-bb18b8a53cb7": "338ecf10-a510-4b26-84a7-bb18b8a53cb7"
          },
          "scene_tag": {},
          "spatial_transform": {},
          "task": {}
        },
        "native_replay": true,
        "non_activated_evidence": {
          "archived_tables": [
            "agent_proposals",
            "audit_events",
            "deletion_evidence",
            "deletion_requests",
            "exports",
            "notifications",
            "operations",
            "outbox_events",
            "quota_policies",
            "role_bindings",
            "saved_queries",
            "search_documents",
            "usage_ledger"
          ],
          "governance_tables": [
            "model_manifests",
            "provider_manifests"
          ],
          "provider_model_reapproval_required": true,
          "search_reindex_required": true,
          "security_bindings_replayed": false
        },
        "preservation_package_asset_id": "cceb68a2-fb36-4a42-83f7-a71d0f2088ad",
        "preservation_package_sha256": "d1b4e113c44168fbeb06e7417cc9ac7d4fff82e30f63a3f2b267769965991e73",
        "project_id": "project-restored-foundation",
        "replayed_counts": {
          "anchor_remaps": 0,
          "assertions": 0,
          "collaboration_comments": 0,
          "collaboration_tasks": 0,
          "consent_grants": 0,
          "construction_records": 0,
          "coordinate_frames": 1,
          "derivation_events": 0,
          "evidence_records": 0,
          "geometry_asset_manifests": 0,
          "legal_holds": 0,
          "measurements": 0,
          "memory_records": 0,
          "representation_bindings": 1,
          "representations": 1,
          "retention_rules": 0,
          "scene_branches": 1,
          "scene_commits": 2,
          "scene_entities": 1,
          "scene_tags": 0,
          "spatial_annotations": 0,
          "spatial_transforms": 0
        },
        "restored_assets": {
          "count": 2,
          "remapped_ids": 0,
          "unique_objects": 2
        },
        "scene_id": "338ecf10-a510-4b26-84a7-bb18b8a53cb7",
        "semantic_snapshot_hash": "a643180f00c27c4e826dc099ef2bb83f99c135439ace7849f5d7a8688b8f0013",
        "source_root_hash": "3a390579bdca12676196c7f865e69ce96cd85e62b49884f6abe5d145ccb7a7d0",
        "tenant_id": "tenant-restored-foundation",
        "unresolved_references": []
      },
      "restored_assets": 3,
      "root_hash": "3a390579bdca12676196c7f865e69ce96cd85e62b49884f6abe5d145ccb7a7d0",
      "verified_files": 5
    },
    "scene": {
      "entity_id": "c00c419c-9d9d-4502-afbf-25a8942e499a",
      "initial_commit": "0ee78065-7b43-4950-843e-bdcb7b3db16f",
      "metric_commit": {
        "branch": "main",
        "change_evidence_ids": [],
        "commit_id": "baa79c10-48bc-4cd0-b427-6e29d435077d",
        "field_visit_id": null,
        "parent_ids": [
          "0ee78065-7b43-4950-843e-bdcb7b3db16f"
        ],
        "recorded_at": "2026-07-28T00:40:41.758515+00:00",
        "review_state": "unreviewed",
        "root_manifest_hash": "a643180f00c27c4e826dc099ef2bb83f99c135439ace7849f5d7a8688b8f0013",
        "snapshot_hash": "a643180f00c27c4e826dc099ef2bb83f99c135439ace7849f5d7a8688b8f0013",
        "valid_from": null,
        "valid_to": null,
        "workflow_event_id": null
      },
      "metric_representation_id": "3ce5aac9-71a8-40e5-933e-bf23f1307038",
      "scene_id": "338ecf10-a510-4b26-84a7-bb18b8a53cb7"
    },
    "viewer": {
      "external_dependencies": [],
      "portable": true,
      "session": "/mnt/data/sip-authoritative-work/runtime/demo/export/viewer-session.json",
      "session_sha256": "11c6e69919d5a68b12eb36c083a7fbcef59ba3db367facd4fbd7150da904a1cd",
      "viewer": "/mnt/data/sip-authoritative-work/runtime/demo/export/viewer.html",
      "viewer_sha256": "99da99a544a82f49edce688237569be588f1500fc776b046f02a3d077c600bf4"
    }
  },
  "schema": "sip.demo-evidence/v1",
  "started_at": "2026-07-28T00:40:40.688144+00:00",
  "status": "passed"
}
=== restore ===
PYTHONPATH=/mnt/data/sip-authoritative-work/src:/mnt/data/sip-authoritative-work python tools/run_demo.py restore
{
  "artifacts": [
    {
      "bytes": 25390,
      "path": "input/synthetic-room.sipcapture",
      "sha256": "fe634083b95858c8861d1ff6d159bc4ec61ef812ee23b3cbbef704c41386f8d4"
    },
    {
      "bytes": 31697,
      "path": "preservation.sip-preservation.zip",
      "sha256": "2f47d3724dc7b0976f6809089e7959e4d2006acf206c7ff9187bb4cfd1e7ab2a"
    },
    {
      "bytes": 31713,
      "path": "restore-runtime/objects/2f/47/2f47d3724dc7b0976f6809089e7959e4d2006acf206c7ff9187bb4cfd1e7ab2a.enc",
      "sha256": "26649503a0f19abea47aaf357621d53d4361509e7a471ab1ad4313f7221669c7"
    },
    {
      "bytes": 319,
      "path": "restore-runtime/objects/2f/47/2f47d3724dc7b0976f6809089e7959e4d2006acf206c7ff9187bb4cfd1e7ab2a.meta.json",
      "sha256": "f7adf3bed2764b11b3a4bbee943b733834ee3a63b8819abdae33b43fa65f9b53"
    },
    {
      "bytes": 292,
      "path": "restore-runtime/objects/88/f1/88f116461564622dfe2652526df6f17bdfbfe72f8919b2379829a23bdf39bfd1.enc",
      "sha256": "44cfff494655e0095cddb8f91627186922ce8d21f6ff64e6bb9deda93c0d9592"
    },
    {
      "bytes": 319,
      "path": "restore-runtime/objects/88/f1/88f116461564622dfe2652526df6f17bdfbfe72f8919b2379829a23bdf39bfd1.meta.json",
      "sha256": "24809fff63539d3b9a7efc18a90d2ef3c572d477f7969d7078959360f9379edb"
    },
    {
      "bytes": 25406,
      "path": "restore-runtime/objects/fe/63/fe634083b95858c8861d1ff6d159bc4ec61ef812ee23b3cbbef704c41386f8d4.enc",
      "sha256": "b814c3649025d58f4ff705bdd64d5e64a0dd6a1510300189782a9558de44422e"
    },
    {
      "bytes": 319,
      "path": "restore-runtime/objects/fe/63/fe634083b95858c8861d1ff6d159bc4ec61ef812ee23b3cbbef704c41386f8d4.meta.json",
      "sha256": "2140aff32880ef908faf31428659e104afa0b41ec8c49a00aef68163173e4bc2"
    },
    {
      "bytes": 1609728,
      "path": "restore-runtime/sip.sqlite3",
      "sha256": "a06b6583ed42f2a80aa68e8e28dbeaf58717cac49acefca4d036e7e0c0b7d740"
    },
    {
      "bytes": 292,
      "path": "runtime/objects/88/f1/88f116461564622dfe2652526df6f17bdfbfe72f8919b2379829a23bdf39bfd1.enc",
      "sha256": "5a8c438535869b03f5f3d1a017c9ca4d122d93b3b0726bd98e29337c0c295adb"
    },
    {
      "bytes": 319,
      "path": "runtime/objects/88/f1/88f116461564622dfe2652526df6f17bdfbfe72f8919b2379829a23bdf39bfd1.meta.json",
      "sha256": "8c312b3071ce832a7e5fce131bdc938516da30c7e36724bb67acfdcdf7e5a0aa"
    },
    {
      "bytes": 25406,
      "path": "runtime/objects/fe/63/fe634083b95858c8861d1ff6d159bc4ec61ef812ee23b3cbbef704c41386f8d4.enc",
      "sha256": "0f302ed6cdd44718f46e44a09db59abacbc866ca8a0fb503435986268941e89f"
    },
    {
      "bytes": 319,
      "path": "runtime/objects/fe/63/fe634083b95858c8861d1ff6d159bc4ec61ef812ee23b3cbbef704c41386f8d4.meta.json",
      "sha256": "bbd4d7a80030f56cfcd8bf9fc7847e36393753029cb7c52d2c28268438287741"
    },
    {
      "bytes": 1630208,
      "path": "runtime/sip.sqlite3",
      "sha256": "834ac60d2ee3ad1a9a3cc3bf93fbf114204c6139874e500ac00acf525363d173"
    },
    {
      "bytes": 647,
      "path": "viewer-session.json",
      "sha256": "f16f8ad2ff21e64fc58228de4e9a33f3ba68490a3ec6423315f986916c442696"
    },
    {
      "bytes": 3041,
      "path": "viewer.html",
      "sha256": "74c858ab50200ba1e4e84fa693c62090dbaa1514da8024a3f25a9524bdab08d3"
    }
  ],
  "canonical_scenario": "foundation",
  "claims": "Synthetic acceptance evidence only; this is not a customer pilot, physical-device validation, survey, legal approval, or production-load result.",
  "demonstration": "restore",
  "environment": {
    "git": {
      "commit": "8af0aafa0425b3f190b14fa63701990f0bd6d343",
      "dirty_paths": 348,
      "working_tree_clean": false
    },
    "platform": "Linux-6.12.13-x86_64-with-glibc2.41",
    "python": "3.13.5"
  },
  "error": null,
  "evidence_hash": "d72ea8ae98f53d210f4c20b4b78ec1b1662a9c2249f2f329ecb9465bd73020ca",
  "finished_at": "2026-07-28T00:40:45.607667+00:00",
  "result": {
    "acceptance": {
      "cancel_proved": true,
      "matching_capture_hash": true,
      "matching_restore_root": true,
      "retry_resume_proved": true
    },
    "cancellation": {
      "operation_id": "dc94300d-4e94-4e39-892c-2586281cb795",
      "state": "cancelled"
    },
    "capture": {
      "archive_sha256": "fe634083b95858c8861d1ff6d159bc4ec61ef812ee23b3cbbef704c41386f8d4",
      "asset_count": 48,
      "capture_id": "synthetic-room-42-16",
      "checks": [
        {
          "byte_count": 192,
          "path": "frames/000000/confidence.u8",
          "sha256": "90b88ae002ea844ed07d6f59bb868b0b9eb89a32dd2d6eea551437ccaa2fc141",
          "valid": true
        },
        {
          "byte_count": 768,
          "path": "frames/000000/depth.f32",
          "sha256": "d8bded6f21ef777865b3d948f0eaad9dd1635d1764ec018fe68299e22af5a783",
          "valid": true
        },
        {
          "byte_count": 576,
          "path": "frames/000000/rgb.bin",
          "sha256": "9c1d2a9d201c927c8fe10d88accce0bf772cf476b8e329bf28af1256ff5835a8",
          "valid": true
        },
        {
          "byte_count": 192,
          "path": "frames/000001/confidence.u8",
          "sha256": "90b88ae002ea844ed07d6f59bb868b0b9eb89a32dd2d6eea551437ccaa2fc141",
          "valid": true
        },
        {
          "byte_count": 768,
          "path": "frames/000001/depth.f32",
          "sha256": "d39b03409e3a105065cb85149965b80e0fbc3a7c9bd8ed07e2b3eb60de29bafd",
          "valid": true
        },
        {
          "byte_count": 576,
          "path": "frames/000001/rgb.bin",
          "sha256": "6ca3ba9dc7d473985667004c632ae79458dcd791c7413758e5b5a49a157659aa",
          "valid": true
        },
        {
          "byte_count": 192,
          "path": "frames/000002/confidence.u8",
          "sha256": "90b88ae002ea844ed07d6f59bb868b0b9eb89a32dd2d6eea551437ccaa2fc141",
          "valid": true
        },
        {
          "byte_count": 768,
          "path": "frames/000002/depth.f32",
          "sha256": "154f78cf2f70a72cbb800ba82e8c6f2a2dcd93ac0c4443997895a58113a628db",
          "valid": true
        },
        {
          "byte_count": 576,
          "path": "frames/000002/rgb.bin",
          "sha256": "2a7def0d95a8038e4e1c6ed4cbc495d24bcc450241811f3170226bacbe4ef218",
          "valid": true
        },
        {
          "byte_count": 192,
          "path": "frames/000003/confidence.u8",
          "sha256": "90b88ae002ea844ed07d6f59bb868b0b9eb89a32dd2d6eea551437ccaa2fc141",
          "valid": true
        },
        {
          "byte_count": 768,
          "path": "frames/000003/depth.f32",
          "sha256": "5726338787fffd2d4c3597702c9aabda680f882d0b102e53b07633bf4833f0e8",
          "valid": true
        },
        {
          "byte_count": 576,
          "path": "frames/000003/rgb.bin",
          "sha256": "6f3980e5fc9853ca5b808eee7daa0a686366196a2fc486ccfb8ec167b9322ffa",
          "valid": true
        },
        {
          "byte_count": 192,
          "path": "frames/000004/confidence.u8",
          "sha256": "90b88ae002ea844ed07d6f59bb868b0b9eb89a32dd2d6eea551437ccaa2fc141",
          "valid": true
        },
        {
          "byte_count": 768,
          "path": "frames/000004/depth.f32",
          "sha256": "55c6ef6b449fade8f72a941003c128ae9f33816907ecefea83b8e3b96af31bc5",
          "valid": true
        },
        {
          "byte_count": 576,
          "path": "frames/000004/rgb.bin",
          "sha256": "3d3787525168b1d378eef538a271b45279e396c710801321af60d861124b9f86",
          "valid": true
        },
        {
          "byte_count": 192,
          "path": "frames/000005/confidence.u8",
          "sha256": "90b88ae002ea844ed07d6f59bb868b0b9eb89a32dd2d6eea551437ccaa2fc141",
          "valid": true
        },
        {
          "byte_count": 768,
          "path": "frames/000005/depth.f32",
          "sha256": "cbdfb902dfc6e2c76eb19bcccf6458c769849095454adb40a84ce559873cefe3",
          "valid": true
        },
        {
          "byte_count": 576,
          "path": "frames/000005/rgb.bin",
          "sha256": "4ff04a01c9b3dbcb6ae7b86f560c32a29fa20833c713df2ef3efd6db9adfde2e",
          "valid": true
        },
        {
          "byte_count": 192,
          "path": "frames/000006/confidence.u8",
          "sha256": "90b88ae002ea844ed07d6f59bb868b0b9eb89a32dd2d6eea551437ccaa2fc141",
          "valid": true
        },
        {
          "byte_count": 768,
          "path": "frames/000006/depth.f32",
          "sha256": "9892f4ca936db6763ec567b988f9b7616a89f994c43ff36f1d2f536ab86f05ac",
          "valid": true
        },
        {
          "byte_count": 576,
          "path": "frames/000006/rgb.bin",
          "sha256": "58697836b3d2fdacb752f71da97cceda512c5b9bf13ab5ae566991c276fd676f",
          "valid": true
        },
        {
          "byte_count": 192,
          "path": "frames/000007/confidence.u8",
          "sha256": "90b88ae002ea844ed07d6f59bb868b0b9eb89a32dd2d6eea551437ccaa2fc141",
          "valid": true
        },
        {
          "byte_count": 768,
          "path": "frames/000007/depth.f32",
          "sha256": "08178aabd942e6672873783027fa55589e25a5cb7db5bfbc175f9f8f49184897",
          "valid": true
        },
        {
          "byte_count": 576,
          "path": "frames/000007/rgb.bin",
          "sha256": "e96bd6f83e16c798395d3d49d4bc31b0e9cd274d51630cea7e533de85c170aad",
          "valid": true
        },
        {
          "byte_count": 192,
          "path": "frames/000008/confidence.u8",
          "sha256": "90b88ae002ea844ed07d6f59bb868b0b9eb89a32dd2d6eea551437ccaa2fc141",
          "valid": true
        },
        {
          "byte_count": 768,
          "path": "frames/000008/depth.f32",
          "sha256": "45445746aafbda7be3cd0bb6dbfa9783e4a229e36cf581f95a7c4a106702e64f",
          "valid": true
        },
        {
          "byte_count": 576,
          "path": "frames/000008/rgb.bin",
          "sha256": "320cac0a91e71109d769e2a640e073816cb32dcdef359a377347ebad7a1b8492",
          "valid": true
        },
        {
          "byte_count": 192,
          "path": "frames/000009/confidence.u8",
          "sha256": "90b88ae002ea844ed07d6f59bb868b0b9eb89a32dd2d6eea551437ccaa2fc141",
          "valid": true
        },
        {
          "byte_count": 768,
          "path": "frames/000009/depth.f32",
          "sha256": "00d708c43f29a1e787aeb64ea3c25bbdbb41debe93c09d58867148d254e2d33d",
          "valid": true
        },
        {
          "byte_count": 576,
          "path": "frames/000009/rgb.bin",
          "sha256": "61e64cec2a475f6379e95b2d4fef906f48f0c5ab9c0c5331cefeb8c817a7b74d",
          "valid": true
        },
        {
          "byte_count": 192,
          "path": "frames/000010/confidence.u8",
          "sha256": "90b88ae002ea844ed07d6f59bb868b0b9eb89a32dd2d6eea551437ccaa2fc141",
          "valid": true
        },
        {
          "byte_count": 768,
          "path": "frames/000010/depth.f32",
          "sha256": "daeeba8de88a70a7d516e1ee92ed607cd60755b9ca87ee7d8e7c05c7a5622a81",
          "valid": true
        },
        {
          "byte_count": 576,
          "path": "frames/000010/rgb.bin",
          "sha256": "c8cefa05e3be06878ffb9f466bf0e605fde6f1544fd6a5e89d89c9564abd2b58",
          "valid": true
        },
        {
          "byte_count": 192,
          "path": "frames/000011/confidence.u8",
          "sha256": "90b88ae002ea844ed07d6f59bb868b0b9eb89a32dd2d6eea551437ccaa2fc141",
          "valid": true
        },
        {
          "byte_count": 768,
          "path": "frames/000011/depth.f32",
          "sha256": "51527f8aaf11c2e86369654149abec087dceb9d477863899a008bab7d9f5a145",
          "valid": true
        },
        {
          "byte_count": 576,
          "path": "frames/000011/rgb.bin",
          "sha256": "6c0ba0b222bdeda124e4c5397882b04924d0046cec733bb3e5e92633704baa51",
          "valid": true
        },
        {
          "byte_count": 192,
          "path": "frames/000012/confidence.u8",
          "sha256": "90b88ae002ea844ed07d6f59bb868b0b9eb89a32dd2d6eea551437ccaa2fc141",
          "valid": true
        },
        {
          "byte_count": 768,
          "path": "frames/000012/depth.f32",
          "sha256": "b00279f286238da8846ba26b9d35614c43e67b64af9a8312d96481afdb675c04",
          "valid": true
        },
        {
          "byte_count": 576,
          "path": "frames/000012/rgb.bin",
          "sha256": "4810c6b18eac9252303ec0e837cf9413273a627eeb70cee5d00ecf64df2445c8",
          "valid": true
        },
        {
          "byte_count": 192,
          "path": "frames/000013/confidence.u8",
          "sha256": "90b88ae002ea844ed07d6f59bb868b0b9eb89a32dd2d6eea551437ccaa2fc141",
          "valid": true
        },
        {
          "byte_count": 768,
          "path": "frames/000013/depth.f32",
          "sha256": "854f3dd706be34881e0ba44ca4ce6c33423959f2cc0359c1770eb4b77a81c3a3",
          "valid": true
        },
        {
          "byte_count": 576,
          "path": "frames/000013/rgb.bin",
          "sha256": "492ca4ffac1f422d66e154622f0da2dac3d37d5ab9e6ca006c7924c8868b475f",
          "valid": true
        },
        {
          "byte_count": 192,
          "path": "frames/000014/confidence.u8",
          "sha256": "90b88ae002ea844ed07d6f59bb868b0b9eb89a32dd2d6eea551437ccaa2fc141",
          "valid": true
        },
        {
          "byte_count": 768,
          "path": "frames/000014/depth.f32",
          "sha256": "bb3544097785b5a0da2330b675fe15d53b512c2692f1d2bed7a10547847e33cb",
          "valid": true
        },
        {
          "byte_count": 576,
          "path": "frames/000014/rgb.bin",
          "sha256": "046e7016bd5e1de3ed6241d4fa56b3b1f320a4d2e32b033b00020319013eefe6",
          "valid": true
        },
        {
          "byte_count": 192,
          "path": "frames/000015/confidence.u8",
          "sha256": "90b88ae002ea844ed07d6f59bb868b0b9eb89a32dd2d6eea551437ccaa2fc141",
          "valid": true
        },
        {
          "byte_count": 768,
          "path": "frames/000015/depth.f32",
          "sha256": "3706a7cb786abd0d081ad19d84d586a24631402f796c504637fea28fc1e8c9fd",
          "valid": true
        },
        {
          "byte_count": 576,
          "path": "frames/000015/rgb.bin",
          "sha256": "f1fa1d9635928a59d19171fdc2fd995a36374cc6aa25d5db565df7c167aabe26",
          "valid": true
        }
      ],
      "frame_count": 16,
      "manifest": {
        "asset_merkle_root": "f4ccae0e7e4f4c6c01058bac9c436e4976113aeba6cc63eb7b88018e83730c50",
        "assets": [
          {
            "byte_count": 192,
            "media_type": "application/vnd.sip.confidence-u8",
            "path": "frames/000000/confidence.u8",
            "sha256": "90b88ae002ea844ed07d6f59bb868b0b9eb89a32dd2d6eea551437ccaa2fc141"
          },
          {
            "byte_count": 768,
            "media_type": "application/vnd.sip.depth-f32",
            "path": "frames/000000/depth.f32",
            "sha256": "d8bded6f21ef777865b3d948f0eaad9dd1635d1764ec018fe68299e22af5a783"
          },
          {
            "byte_count": 576,
            "media_type": "application/octet-stream",
            "path": "frames/000000/rgb.bin",
            "sha256": "9c1d2a9d201c927c8fe10d88accce0bf772cf476b8e329bf28af1256ff5835a8"
          },
          {
            "byte_count": 192,
            "media_type": "application/vnd.sip.confidence-u8",
            "path": "frames/000001/confidence.u8",
            "sha256": "90b88ae002ea844ed07d6f59bb868b0b9eb89a32dd2d6eea551437ccaa2fc141"
          },
          {
            "byte_count": 768,
            "media_type": "application/vnd.sip.depth-f32",
            "path": "frames/000001/depth.f32",
            "sha256": "d39b03409e3a105065cb85149965b80e0fbc3a7c9bd8ed07e2b3eb60de29bafd"
          },
          {
            "byte_count": 576,
            "media_type": "application/octet-stream",
            "path": "frames/000001/rgb.bin",
            "sha256": "6ca3ba9dc7d473985667004c632ae79458dcd791c7413758e5b5a49a157659aa"
          },
          {
            "byte_count": 192,
            "media_type": "application/vnd.sip.confidence-u8",
            "path": "frames/000002/confidence.u8",
            "sha256": "90b88ae002ea844ed07d6f59bb868b0b9eb89a32dd2d6eea551437ccaa2fc141"
          },
          {
            "byte_count": 768,
            "media_type": "application/vnd.sip.depth-f32",
            "path": "frames/000002/depth.f32",
            "sha256": "154f78cf2f70a72cbb800ba82e8c6f2a2dcd93ac0c4443997895a58113a628db"
          },
          {
            "byte_count": 576,
            "media_type": "application/octet-stream",
            "path": "frames/000002/rgb.bin",
            "sha256": "2a7def0d95a8038e4e1c6ed4cbc495d24bcc450241811f3170226bacbe4ef218"
          },
          {
            "byte_count": 192,
            "media_type": "application/vnd.sip.confidence-u8",
            "path": "frames/000003/confidence.u8",
            "sha256": "90b88ae002ea844ed07d6f59bb868b0b9eb89a32dd2d6eea551437ccaa2fc141"
          },
          {
            "byte_count": 768,
            "media_type": "application/vnd.sip.depth-f32",
            "path": "frames/000003/depth.f32",
            "sha256": "5726338787fffd2d4c3597702c9aabda680f882d0b102e53b07633bf4833f0e8"
          },
          {
            "byte_count": 576,
            "media_type": "application/octet-stream",
            "path": "frames/000003/rgb.bin",
            "sha256": "6f3980e5fc9853ca5b808eee7daa0a686366196a2fc486ccfb8ec167b9322ffa"
          },
          {
            "byte_count": 192,
            "media_type": "application/vnd.sip.confidence-u8",
            "path": "frames/000004/confidence.u8",
            "sha256": "90b88ae002ea844ed07d6f59bb868b0b9eb89a32dd2d6eea551437ccaa2fc141"
          },
          {
            "byte_count": 768,
            "media_type": "application/vnd.sip.depth-f32",
            "path": "frames/000004/depth.f32",
            "sha256": "55c6ef6b449fade8f72a941003c128ae9f33816907ecefea83b8e3b96af31bc5"
          },
          {
            "byte_count": 576,
            "media_type": "application/octet-stream",
            "path": "frames/000004/rgb.bin",
            "sha256": "3d3787525168b1d378eef538a271b45279e396c710801321af60d861124b9f86"
          },
          {
            "byte_count": 192,
            "media_type": "application/vnd.sip.confidence-u8",
            "path": "frames/000005/confidence.u8",
            "sha256": "90b88ae002ea844ed07d6f59bb868b0b9eb89a32dd2d6eea551437ccaa2fc141"
          },
          {
            "byte_count": 768,
            "media_type": "application/vnd.sip.depth-f32",
            "path": "frames/000005/depth.f32",
            "sha256": "cbdfb902dfc6e2c76eb19bcccf6458c769849095454adb40a84ce559873cefe3"
          },
          {
            "byte_count": 576,
            "media_type": "application/octet-stream",
            "path": "frames/000005/rgb.bin",
            "sha256": "4ff04a01c9b3dbcb6ae7b86f560c32a29fa20833c713df2ef3efd6db9adfde2e"
          },
          {
            "byte_count": 192,
            "media_type": "application/vnd.sip.confidence-u8",
            "path": "frames/000006/confidence.u8",
            "sha256": "90b88ae002ea844ed07d6f59bb868b0b9eb89a32dd2d6eea551437ccaa2fc141"
          },
          {
            "byte_count": 768,
            "media_type": "application/vnd.sip.depth-f32",
            "path": "frames/000006/depth.f32",
            "sha256": "9892f4ca936db6763ec567b988f9b7616a89f994c43ff36f1d2f536ab86f05ac"
          },
          {
            "byte_count": 576,
            "media_type": "application/octet-stream",
            "path": "frames/000006/rgb.bin",
            "sha256": "58697836b3d2fdacb752f71da97cceda512c5b9bf13ab5ae566991c276fd676f"
          },
          {
            "byte_count": 192,
            "media_type": "application/vnd.sip.confidence-u8",
            "path": "frames/000007/confidence.u8",
            "sha256": "90b88ae002ea844ed07d6f59bb868b0b9eb89a32dd2d6eea551437ccaa2fc141"
          },
          {
            "byte_count": 768,
            "media_type": "application/vnd.sip.depth-f32",
            "path": "frames/000007/depth.f32",
            "sha256": "08178aabd942e6672873783027fa55589e25a5cb7db5bfbc175f9f8f49184897"
          },
          {
            "byte_count": 576,
            "media_type": "application/octet-stream",
            "path": "frames/000007/rgb.bin",
            "sha256": "e96bd6f83e16c798395d3d49d4bc31b0e9cd274d51630cea7e533de85c170aad"
          },
          {
            "byte_count": 192,
            "media_type": "application/vnd.sip.confidence-u8",
            "path": "frames/000008/confidence.u8",
            "sha256": "90b88ae002ea844ed07d6f59bb868b0b9eb89a32dd2d6eea551437ccaa2fc141"
          },
          {
            "byte_count": 768,
            "media_type": "application/vnd.sip.depth-f32",
            "path": "frames/000008/depth.f32",
            "sha256": "45445746aafbda7be3cd0bb6dbfa9783e4a229e36cf581f95a7c4a106702e64f"
          },
          {
            "byte_count": 576,
            "media_type": "application/octet-stream",
            "path": "frames/000008/rgb.bin",
            "sha256": "320cac0a91e71109d769e2a640e073816cb32dcdef359a377347ebad7a1b8492"
          },
          {
            "byte_count": 192,
            "media_type": "application/vnd.sip.confidence-u8",
            "path": "frames/000009/confidence.u8",
            "sha256": "90b88ae002ea844ed07d6f59bb868b0b9eb89a32dd2d6eea551437ccaa2fc141"
          },
          {
            "byte_count": 768,
            "media_type": "application/vnd.sip.depth-f32",
            "path": "frames/000009/depth.f32",
            "sha256": "00d708c43f29a1e787aeb64ea3c25bbdbb41debe93c09d58867148d254e2d33d"
          },
          {
            "byte_count": 576,
            "media_type": "application/octet-stream",
            "path": "frames/000009/rgb.bin",
            "sha256": "61e64cec2a475f6379e95b2d4fef906f48f0c5ab9c0c5331cefeb8c817a7b74d"
          },
          {
            "byte_count": 192,
            "media_type": "application/vnd.sip.confidence-u8",
            "path": "frames/000010/confidence.u8",
            "sha256": "90b88ae002ea844ed07d6f59bb868b0b9eb89a32dd2d6eea551437ccaa2fc141"
          },
          {
            "byte_count": 768,
            "media_type": "application/vnd.sip.depth-f32",
            "path": "frames/000010/depth.f32",
            "sha256": "daeeba8de88a70a7d516e1ee92ed607cd60755b9ca87ee7d8e7c05c7a5622a81"
          },
          {
            "byte_count": 576,
            "media_type": "application/octet-stream",
            "path": "frames/000010/rgb.bin",
            "sha256": "c8cefa05e3be06878ffb9f466bf0e605fde6f1544fd6a5e89d89c9564abd2b58"
          },
          {
            "byte_count": 192,
            "media_type": "application/vnd.sip.confidence-u8",
            "path": "frames/000011/confidence.u8",
            "sha256": "90b88ae002ea844ed07d6f59bb868b0b9eb89a32dd2d6eea551437ccaa2fc141"
          },
          {
            "byte_count": 768,
            "media_type": "application/vnd.sip.depth-f32",
            "path": "frames/000011/depth.f32",
            "sha256": "51527f8aaf11c2e86369654149abec087dceb9d477863899a008bab7d9f5a145"
          },
          {
            "byte_count": 576,
            "media_type": "application/octet-stream",
            "path": "frames/000011/rgb.bin",
            "sha256": "6c0ba0b222bdeda124e4c5397882b04924d0046cec733bb3e5e92633704baa51"
          },
          {
            "byte_count": 192,
            "media_type": "application/vnd.sip.confidence-u8",
            "path": "frames/000012/confidence.u8",
            "sha256": "90b88ae002ea844ed07d6f59bb868b0b9eb89a32dd2d6eea551437ccaa2fc141"
          },
          {
            "byte_count": 768,
            "media_type": "application/vnd.sip.depth-f32",
            "path": "frames/000012/depth.f32",
            "sha256": "b00279f286238da8846ba26b9d35614c43e67b64af9a8312d96481afdb675c04"
          },
          {
            "byte_count": 576,
            "media_type": "application/octet-stream",
            "path": "frames/000012/rgb.bin",
            "sha256": "4810c6b18eac9252303ec0e837cf9413273a627eeb70cee5d00ecf64df2445c8"
          },
          {
            "byte_count": 192,
            "media_type": "application/vnd.sip.confidence-u8",
            "path": "frames/000013/confidence.u8",
            "sha256": "90b88ae002ea844ed07d6f59bb868b0b9eb89a32dd2d6eea551437ccaa2fc141"
          },
          {
            "byte_count": 768,
            "media_type": "application/vnd.sip.depth-f32",
            "path": "frames/000013/depth.f32",
            "sha256": "854f3dd706be34881e0ba44ca4ce6c33423959f2cc0359c1770eb4b77a81c3a3"
          },
          {
            "byte_count": 576,
            "media_type": "application/octet-stream",
            "path": "frames/000013/rgb.bin",
            "sha256": "492ca4ffac1f422d66e154622f0da2dac3d37d5ab9e6ca006c7924c8868b475f"
          },
          {
            "byte_count": 192,
            "media_type": "application/vnd.sip.confidence-u8",
            "path": "frames/000014/confidence.u8",
            "sha256": "90b88ae002ea844ed07d6f59bb868b0b9eb89a32dd2d6eea551437ccaa2fc141"
          },
          {
            "byte_count": 768,
            "media_type": "application/vnd.sip.depth-f32",
            "path": "frames/000014/depth.f32",
            "sha256": "bb3544097785b5a0da2330b675fe15d53b512c2692f1d2bed7a10547847e33cb"
          },
          {
            "byte_count": 576,
            "media_type": "application/octet-stream",
            "path": "frames/000014/rgb.bin",
            "sha256": "046e7016bd5e1de3ed6241d4fa56b3b1f320a4d2e32b033b00020319013eefe6"
          },
          {
            "byte_count": 192,
            "media_type": "application/vnd.sip.confidence-u8",
            "path": "frames/000015/confidence.u8",
            "sha256": "90b88ae002ea844ed07d6f59bb868b0b9eb89a32dd2d6eea551437ccaa2fc141"
          },
          {
            "byte_count": 768,
            "media_type": "application/vnd.sip.depth-f32",
            "path": "frames/000015/depth.f32",
            "sha256": "3706a7cb786abd0d081ad19d84d586a24631402f796c504637fea28fc1e8c9fd"
          },
          {
            "byte_count": 576,
            "media_type": "application/octet-stream",
            "path": "frames/000015/rgb.bin",
            "sha256": "f1fa1d9635928a59d19171fdc2fd995a36374cc6aa25d5db565df7c167aabe26"
          }
        ],
        "calibration": {
          "known_scale": true,
          "scale_source": "fixture_definition",
          "uncertainty_m": 0.001
        },
        "capture_id": "synthetic-room-42-16",
        "capture_source": "deterministic_synthetic_fixture",
        "coordinate_frames": [
          {
            "convention": "right_handed_y_up_meters",
            "frame_id": "world",
            "name": "fixture world",
            "units": "meter"
          }
        ],
        "created_at": "2026-01-01T00:00:00+00:00",
        "frames": [
          {
            "camera_to_world": [
              [
                1.0,
                0.0,
                0.0,
                0.0
              ],
              [
                0.0,
                1.0,
                0.0,
                1.5
              ],
              [
                -0.0,
                0.0,
                1.0,
                1.2
              ],
              [
                0.0,
                0.0,
                0.0,
                1.0
              ]
            ],
            "confidence_asset": "frames/000000/confidence.u8",
            "confidence_encoding": "arkit_0_low_1_medium_2_high",
            "depth_asset": "frames/000000/depth.f32",
            "depth_encoding": "float32_little_endian_meters",
            "depth_size": [
              16,
              12
            ],
            "exposure": {
              "duration_s": 0.008333333333333333,
              "iso": 100
            },
            "frame_id": "frame-000000",
            "image_size": [
              16,
              12
            ],
            "intrinsics": [
              [
                14.0,
                0.0,
                8.0
              ],
              [
                0.0,
                14.0,
                6.0
              ],
              [
                0.0,
                0.0,
                1.0
              ]
            ],
            "motion": {
              "acceleration_m_s2": [
                0.0,
                9.80665,
                0.0
              ],
              "angular_velocity_rad_s": [
                0.0,
                0.1,
                0.0
              ]
            },
            "pose_stream": "synthetic_metric",
            "quality": {
              "blur_score": 0.02,
              "coverage_hint": 0.0
            },
            "rgb_asset": "frames/000000/rgb.bin",
            "timestamp_ns": 1000000000,
            "tracking_state": "normal"
          },
          {
            "camera_to_world": [
              [
                0.9238795325112867,
                0.0,
                0.3826834323650898,
                0.4592201188381077
              ],
              [
                0.0,
                1.0,
                0.0,
                1.5
              ],
              [
                -0.3826834323650898,
                0.0,
                0.9238795325112867,
                1.1086554390135441
              ],
              [
                0.0,
                0.0,
                0.0,
                1.0
              ]
            ],
            "confidence_asset": "frames/000001/confidence.u8",
            "confidence_encoding": "arkit_0_low_1_medium_2_high",
            "depth_asset": "frames/000001/depth.f32",
            "depth_encoding": "float32_little_endian_meters",
            "depth_size": [
              16,
              12
            ],
            "exposure": {
              "duration_s": 0.008333333333333333,
              "iso": 100
            },
            "frame_id": "frame-000001",
            "image_size": [
              16,
              12
            ],
            "intrinsics": [
              [
                14.0,
                0.0,
                8.0
              ],
              [
                0.0,
                14.0,
                6.0
              ],
              [
                0.0,
                0.0,
                1.0
              ]
            ],
            "motion": {
              "acceleration_m_s2": [
                0.0,
                9.80665,
                0.0
              ],
              "angular_velocity_rad_s": [
                0.0,
                0.1,
                0.0
              ]
            },
            "pose_stream": "synthetic_metric",
            "quality": {
              "blur_score": 0.02,
              "coverage_hint": 0.0625
            },
            "rgb_asset": "frames/000001/rgb.bin",
            "timestamp_ns": 1100000000,
            "tracking_state": "normal"
          },
          {
            "camera_to_world": [
              [
                0.7071067811865476,
                0.0,
                0.7071067811865475,
                0.8485281374238569
              ],
              [
                0.0,
                1.0,
                0.0,
                1.5
              ],
              [
                -0.7071067811865475,
                0.0,
                0.7071067811865476,
                0.848528137423857
              ],
              [
                0.0,
                0.0,
                0.0,
                1.0
              ]
            ],
            "confidence_asset": "frames/000002/confidence.u8",
            "confidence_encoding": "arkit_0_low_1_medium_2_high",
            "depth_asset": "frames/000002/depth.f32",
            "depth_encoding": "float32_little_endian_meters",
            "depth_size": [
              16,
              12
            ],
            "exposure": {
              "duration_s": 0.008333333333333333,
              "iso": 100
            },
            "frame_id": "frame-000002",
            "image_size": [
              16,
              12
            ],
            "intrinsics": [
              [
                14.0,
                0.0,
                8.0
              ],
              [
                0.0,
                14.0,
                6.0
              ],
              [
                0.0,
                0.0,
                1.0
              ]
            ],
            "motion": {
              "acceleration_m_s2": [
                0.0,
                9.80665,
                0.0
              ],
              "angular_velocity_rad_s": [
                0.0,
                0.1,
                0.0
              ]
            },
            "pose_stream": "synthetic_metric",
            "quality": {
              "blur_score": 0.02,
              "coverage_hint": 0.125
            },
            "rgb_asset": "frames/000002/rgb.bin",
            "timestamp_ns": 1200000000,
            "tracking_state": "normal"
          },
          {
            "camera_to_world": [
              [
                0.38268343236508984,
                0.0,
                0.9238795325112867,
                1.1086554390135441
              ],
              [
                0.0,
                1.0,
                0.0,
                1.5
              ],
              [
                -0.9238795325112867,
                0.0,
                0.38268343236508984,
                0.45922011883810776
              ],
              [
                0.0,
                0.0,
                0.0,
                1.0
              ]
            ],
            "confidence_asset": "frames/000003/confidence.u8",
            "confidence_encoding": "arkit_0_low_1_medium_2_high",
            "depth_asset": "frames/000003/depth.f32",
            "depth_encoding": "float32_little_endian_meters",
            "depth_size": [
              16,
              12
            ],
            "exposure": {
              "duration_s": 0.008333333333333333,
              "iso": 100
            },
            "frame_id": "frame-000003",
            "image_size": [
              16,
              12
            ],
            "intrinsics": [
              [
                14.0,
                0.0,
                8.0
              ],
              [
                0.0,
                14.0,
                6.0
              ],
              [
                0.0,
                0.0,
                1.0
              ]
            ],
            "motion": {
              "acceleration_m_s2": [
                0.0,
                9.80665,
                0.0
              ],
              "angular_velocity_rad_s": [
                0.0,
                0.1,
                0.0
              ]
            },
            "pose_stream": "synthetic_metric",
            "quality": {
              "blur_score": 0.02,
              "coverage_hint": 0.1875
            },
            "rgb_asset": "frames/000003/rgb.bin",
            "timestamp_ns": 1300000000,
            "tracking_state": "normal"
          },
          {
            "camera_to_world": [
              [
                6.123233995736766e-17,
                0.0,
                1.0,
                1.2
              ],
              [
                0.0,
                1.0,
                0.0,
                1.5
              ],
              [
                -1.0,
                0.0,
                6.123233995736766e-17,
                7.347880794884119e-17
              ],
              [
                0.0,
                0.0,
                0.0,
                1.0
              ]
            ],
            "confidence_asset": "frames/000004/confidence.u8",
            "confidence_encoding": "arkit_0_low_1_medium_2_high",
            "depth_asset": "frames/000004/depth.f32",
            "depth_encoding": "float32_little_endian_meters",
            "depth_size": [
              16,
              12
            ],
            "exposure": {
              "duration_s": 0.008333333333333333,
              "iso": 100
            },
            "frame_id": "frame-000004",
            "image_size": [
              16,
              12
            ],
            "intrinsics": [
              [
                14.0,
                0.0,
                8.0
              ],
              [
                0.0,
                14.0,
                6.0
              ],
              [
                0.0,
                0.0,
                1.0
              ]
            ],
            "motion": {
              "acceleration_m_s2": [
                0.0,
                9.80665,
                0.0
              ],
              "angular_velocity_rad_s": [
                0.0,
                0.1,
                0.0
              ]
            },
            "pose_stream": "synthetic_metric",
            "quality": {
              "blur_score": 0.02,
              "coverage_hint": 0.25
            },
            "rgb_asset": "frames/000004/rgb.bin",
            "timestamp_ns": 1400000000,
            "tracking_state": "normal"
          },
          {
            "camera_to_world": [
              [
                -0.3826834323650897,
                0.0,
                0.9238795325112867,
                1.1086554390135441
              ],
              [
                0.0,
                1.0,
                0.0,
                1.5
              ],
              [
                -0.9238795325112867,
                0.0,
                -0.3826834323650897,
                -0.45922011883810765
              ],
              [
                0.0,
                0.0,
                0.0,
                1.0
              ]
            ],
            "confidence_asset": "frames/000005/confidence.u8",
            "confidence_encoding": "arkit_0_low_1_medium_2_high",
            "depth_asset": "frames/000005/depth.f32",
            "depth_encoding": "float32_little_endian_meters",
            "depth_size": [
              16,
              12
            ],
            "exposure": {
              "duration_s": 0.008333333333333333,
              "iso": 100
            },
            "frame_id": "frame-000005",
            "image_size": [
              16,
              12
            ],
            "intrinsics": [
              [
                14.0,
                0.0,
                8.0
              ],
              [
                0.0,
                14.0,
                6.0
              ],
              [
                0.0,
                0.0,
                1.0
              ]
            ],
            "motion": {
              "acceleration_m_s2": [
                0.0,
                9.80665,
                0.0
              ],
              "angular_velocity_rad_s": [
                0.0,
                0.1,
                0.0
              ]
            },
            "pose_stream": "synthetic_metric",
            "quality": {
              "blur_score": 0.02,
              "coverage_hint": 0.3125
            },
            "rgb_asset": "frames/000005/rgb.bin",
            "timestamp_ns": 1500000000,
            "tracking_state": "normal"
          },
          {
            "camera_to_world": [
              [
                -0.7071067811865475,
                0.0,
                0.7071067811865476,
                0.848528137423857
              ],
              [
                0.0,
                1.0,
                0.0,
                1.5
              ],
              [
                -0.7071067811865476,
                0.0,
                -0.7071067811865475,
                -0.8485281374238569
              ],
              [
                0.0,
                0.0,
                0.0,
                1.0
              ]
            ],
            "confidence_asset": "frames/000006/confidence.u8",
            "confidence_encoding": "arkit_0_low_1_medium_2_high",
            "depth_asset": "frames/000006/depth.f32",
            "depth_encoding": "float32_little_endian_meters",
            "depth_size": [
              16,
              12
            ],
            "exposure": {
              "duration_s": 0.008333333333333333,
              "iso": 100
            },
            "frame_id": "frame-000006",
            "image_size": [
              16,
              12
            ],
            "intrinsics": [
              [
                14.0,
                0.0,
                8.0
              ],
              [
                0.0,
                14.0,
                6.0
              ],
              [
                0.0,
                0.0,
                1.0
              ]
            ],
            "motion": {
              "acceleration_m_s2": [
                0.0,
                9.80665,
                0.0
              ],
              "angular_velocity_rad_s": [
                0.0,
                0.1,
                0.0
              ]
            },
            "pose_stream": "synthetic_metric",
            "quality": {
              "blur_score": 0.02,
              "coverage_hint": 0.375
            },
            "rgb_asset": "frames/000006/rgb.bin",
            "timestamp_ns": 1600000000,
            "tracking_state": "normal"
          },
          {
            "camera_to_world": [
              [
                -0.9238795325112867,
                0.0,
                0.3826834323650899,
                0.45922011883810787
              ],
              [
                0.0,
                1.0,
                0.0,
                1.5
              ],
              [
                -0.3826834323650899,
                0.0,
                -0.9238795325112867,
                -1.1086554390135441
              ],
              [
                0.0,
                0.0,
                0.0,
                1.0
              ]
            ],
            "confidence_asset": "frames/000007/confidence.u8",
            "confidence_encoding": "arkit_0_low_1_medium_2_high",
            "depth_asset": "frames/000007/depth.f32",
            "depth_encoding": "float32_little_endian_meters",
            "depth_size": [
              16,
              12
            ],
            "exposure": {
              "duration_s": 0.008333333333333333,
              "iso": 100
            },
            "frame_id": "frame-000007",
            "image_size": [
              16,
              12
            ],
            "intrinsics": [
              [
                14.0,
                0.0,
                8.0
              ],
              [
                0.0,
                14.0,
                6.0
              ],
              [
                0.0,
                0.0,
                1.0
              ]
            ],
            "motion": {
              "acceleration_m_s2": [
                0.0,
                9.80665,
                0.0
              ],
              "angular_velocity_rad_s": [
                0.0,
                0.1,
                0.0
              ]
            },
            "pose_stream": "synthetic_metric",
            "quality": {
              "blur_score": 0.02,
              "coverage_hint": 0.4375
            },
            "rgb_asset": "frames/000007/rgb.bin",
            "timestamp_ns": 1700000000,
            "tracking_state": "normal"
          },
          {
            "camera_to_world": [
              [
                -1.0,
                0.0,
                1.2246467991473532e-16,
                1.4695761589768238e-16
              ],
              [
                0.0,
                1.0,
                0.0,
                1.5
              ],
              [
                -1.2246467991473532e-16,
                0.0,
                -1.0,
                -1.2
              ],
              [
                0.0,
                0.0,
                0.0,
                1.0
              ]
            ],
            "confidence_asset": "frames/000008/confidence.u8",
            "confidence_encoding": "arkit_0_low_1_medium_2_high",
            "depth_asset": "frames/000008/depth.f32",
            "depth_encoding": "float32_little_endian_meters",
            "depth_size": [
              16,
              12
            ],
            "exposure": {
              "duration_s": 0.008333333333333333,
              "iso": 100
            },
            "frame_id": "frame-000008",
            "image_size": [
              16,
              12
            ],
            "intrinsics": [
              [
                14.0,
                0.0,
                8.0
              ],
              [
                0.0,
                14.0,
                6.0
              ],
              [
                0.0,
                0.0,
                1.0
              ]
            ],
            "motion": {
              "acceleration_m_s2": [
                0.0,
                9.80665,
                0.0
              ],
              "angular_velocity_rad_s": [
                0.0,
                0.1,
                0.0
              ]
            },
            "pose_stream": "synthetic_metric",
            "quality": {
              "blur_score": 0.02,
              "coverage_hint": 0.5
            },
            "rgb_asset": "frames/000008/rgb.bin",
            "timestamp_ns": 1800000000,
            "tracking_state": "normal"
          },
          {
            "camera_to_world": [
              [
                -0.9238795325112868,
                0.0,
                -0.38268343236508967,
                -0.4592201188381076
              ],
              [
                0.0,
                1.0,
                0.0,
                1.5
              ],
              [
                0.38268343236508967,
                0.0,
                -0.9238795325112868,
                -1.1086554390135441
              ],
              [
                0.0,
                0.0,
                0.0,
                1.0
              ]
            ],
            "confidence_asset": "frames/000009/confidence.u8",
            "confidence_encoding": "arkit_0_low_1_medium_2_high",
            "depth_asset": "frames/000009/depth.f32",
            "depth_encoding": "float32_little_endian_meters",
            "depth_size": [
              16,
              12
            ],
            "exposure": {
              "duration_s": 0.008333333333333333,
              "iso": 100
            },
            "frame_id": "frame-000009",
            "image_size": [
              16,
              12
            ],
            "intrinsics": [
              [
                14.0,
                0.0,
                8.0
              ],
              [
                0.0,
                14.0,
                6.0
              ],
              [
                0.0,
                0.0,
                1.0
              ]
            ],
            "motion": {
              "acceleration_m_s2": [
                0.0,
                9.80665,
                0.0
              ],
              "angular_velocity_rad_s": [
                0.0,
                0.1,
                0.0
              ]
            },
            "pose_stream": "synthetic_metric",
            "quality": {
              "blur_score": 0.02,
              "coverage_hint": 0.5625
            },
            "rgb_asset": "frames/000009/rgb.bin",
            "timestamp_ns": 1900000000,
            "tracking_state": "normal"
          },
          {
            "camera_to_world": [
              [
                -0.7071067811865477,
                0.0,
                -0.7071067811865475,
                -0.8485281374238569
              ],
              [
                0.0,
                1.0,
                0.0,
                1.5
              ],
              [
                0.7071067811865475,
                0.0,
                -0.7071067811865477,
                -0.8485281374238572
              ],
              [
                0.0,
                0.0,
                0.0,
                1.0
              ]
            ],
            "confidence_asset": "frames/000010/confidence.u8",
            "confidence_encoding": "arkit_0_low_1_medium_2_high",
            "depth_asset": "frames/000010/depth.f32",
            "depth_encoding": "float32_little_endian_meters",
            "depth_size": [
              16,
              12
            ],
            "exposure": {
              "duration_s": 0.008333333333333333,
              "iso": 100
            },
            "frame_id": "frame-000010",
            "image_size": [
              16,
              12
            ],
            "intrinsics": [
              [
                14.0,
                0.0,
                8.0
              ],
              [
                0.0,
                14.0,
                6.0
              ],
              [
                0.0,
                0.0,
                1.0
              ]
            ],
            "motion": {
              "acceleration_m_s2": [
                0.0,
                9.80665,
                0.0
              ],
              "angular_velocity_rad_s": [
                0.0,
                0.1,
                0.0
              ]
            },
            "pose_stream": "synthetic_metric",
            "quality": {
              "blur_score": 0.02,
              "coverage_hint": 0.625
            },
            "rgb_asset": "frames/000010/rgb.bin",
            "timestamp_ns": 2000000000,
            "tracking_state": "normal"
          },
          {
            "camera_to_world": [
              [
                -0.38268343236509034,
                0.0,
                -0.9238795325112865,
                -1.1086554390135437
              ],
              [
                0.0,
                1.0,
                0.0,
                1.5
              ],
              [
                0.9238795325112865,
                0.0,
                -0.38268343236509034,
                -0.45922011883810837
              ],
              [
                0.0,
                0.0,
                0.0,
                1.0
              ]
            ],
            "confidence_asset": "frames/000011/confidence.u8",
            "confidence_encoding": "arkit_0_low_1_medium_2_high",
            "depth_asset": "frames/000011/depth.f32",
            "depth_encoding": "float32_little_endian_meters",
            "depth_size": [
              16,
              12
            ],
            "exposure": {
              "duration_s": 0.008333333333333333,
              "iso": 100
            },
            "frame_id": "frame-000011",
            "image_size": [
              16,
              12
            ],
            "intrinsics": [
              [
                14.0,
                0.0,
                8.0
              ],
              [
                0.0,
                14.0,
                6.0
              ],
              [
                0.0,
                0.0,
                1.0
              ]
            ],
            "motion": {
              "acceleration_m_s2": [
                0.0,
                9.80665,
                0.0
              ],
              "angular_velocity_rad_s": [
                0.0,
                0.1,
                0.0
              ]
            },
            "pose_stream": "synthetic_metric",
            "quality": {
              "blur_score": 0.02,
              "coverage_hint": 0.6875
            },
            "rgb_asset": "frames/000011/rgb.bin",
            "timestamp_ns": 2100000000,
            "tracking_state": "normal"
          },
          {
            "camera_to_world": [
              [
                -1.8369701987210297e-16,
                0.0,
                -1.0,
                -1.2
              ],
              [
                0.0,
                1.0,
                0.0,
                1.5
              ],
              [
                1.0,
                0.0,
                -1.8369701987210297e-16,
                -2.2043642384652356e-16
              ],
              [
                0.0,
                0.0,
                0.0,
                1.0
              ]
            ],
            "confidence_asset": "frames/000012/confidence.u8",
            "confidence_encoding": "arkit_0_low_1_medium_2_high",
            "depth_asset": "frames/000012/depth.f32",
            "depth_encoding": "float32_little_endian_meters",
            "depth_size": [
              16,
              12
            ],
            "exposure": {
              "duration_s": 0.008333333333333333,
              "iso": 100
            },
            "frame_id": "frame-000012",
            "image_size": [
              16,
              12
            ],
            "intrinsics": [
              [
                14.0,
                0.0,
                8.0
              ],
              [
                0.0,
                14.0,
                6.0
              ],
              [
                0.0,
                0.0,
                1.0
              ]
            ],
            "motion": {
              "acceleration_m_s2": [
                0.0,
                9.80665,
                0.0
              ],
              "angular_velocity_rad_s": [
                0.0,
                0.1,
                0.0
              ]
            },
            "pose_stream": "synthetic_metric",
            "quality": {
              "blur_score": 0.02,
              "coverage_hint": 0.75
            },
            "rgb_asset": "frames/000012/rgb.bin",
            "timestamp_ns": 2200000000,
            "tracking_state": "normal"
          },
          {
            "camera_to_world": [
              [
                0.38268343236509,
                0.0,
                -0.9238795325112866,
                -1.108655439013544
              ],
              [
                0.0,
                1.0,
                0.0,
                1.5
              ],
              [
                0.9238795325112866,
                0.0,
                0.38268343236509,
                0.459220118838108
              ],
              [
                0.0,
                0.0,
                0.0,
                1.0
              ]
            ],
            "confidence_asset": "frames/000013/confidence.u8",
            "confidence_encoding": "arkit_0_low_1_medium_2_high",
            "depth_asset": "frames/000013/depth.f32",
            "depth_encoding": "float32_little_endian_meters",
            "depth_size": [
              16,
              12
            ],
            "exposure": {
              "duration_s": 0.008333333333333333,
              "iso": 100
            },
            "frame_id": "frame-000013",
            "image_size": [
              16,
              12
            ],
            "intrinsics": [
              [
                14.0,
                0.0,
                8.0
              ],
              [
                0.0,
                14.0,
                6.0
              ],
              [
                0.0,
                0.0,
                1.0
              ]
            ],
            "motion": {
              "acceleration_m_s2": [
                0.0,
                9.80665,
                0.0
              ],
              "angular_velocity_rad_s": [
                0.0,
                0.1,
                0.0
              ]
            },
            "pose_stream": "synthetic_metric",
            "quality": {
              "blur_score": 0.02,
              "coverage_hint": 0.8125
            },
            "rgb_asset": "frames/000013/rgb.bin",
            "timestamp_ns": 2300000000,
            "tracking_state": "normal"
          },
          {
            "camera_to_world": [
              [
                0.7071067811865474,
                0.0,
                -0.7071067811865477,
                -0.8485281374238572
              ],
              [
                0.0,
                1.0,
                0.0,
                1.5
              ],
              [
                0.7071067811865477,
                0.0,
                0.7071067811865474,
                0.8485281374238568
              ],
              [
                0.0,
                0.0,
                0.0,
                1.0
              ]
            ],
            "confidence_asset": "frames/000014/confidence.u8",
            "confidence_encoding": "arkit_0_low_1_medium_2_high",
            "depth_asset": "frames/000014/depth.f32",
            "depth_encoding": "float32_little_endian_meters",
            "depth_size": [
              16,
              12
            ],
            "exposure": {
              "duration_s": 0.008333333333333333,
              "iso": 100
            },
            "frame_id": "frame-000014",
            "image_size": [
              16,
              12
            ],
            "intrinsics": [
              [
                14.0,
                0.0,
                8.0
              ],
              [
                0.0,
                14.0,
                6.0
              ],
              [
                0.0,
                0.0,
                1.0
              ]
            ],
            "motion": {
              "acceleration_m_s2": [
                0.0,
                9.80665,
                0.0
              ],
              "angular_velocity_rad_s": [
                0.0,
                0.1,
                0.0
              ]
            },
            "pose_stream": "synthetic_metric",
            "quality": {
              "blur_score": 0.02,
              "coverage_hint": 0.875
            },
            "rgb_asset": "frames/000014/rgb.bin",
            "timestamp_ns": 2400000000,
            "tracking_state": "normal"
          },
          {
            "camera_to_world": [
              [
                0.9238795325112865,
                0.0,
                -0.3826834323650904,
                -0.4592201188381084
              ],
              [
                0.0,
                1.0,
                0.0,
                1.5
              ],
              [
                0.3826834323650904,
                0.0,
                0.9238795325112865,
                1.1086554390135437
              ],
              [
                0.0,
                0.0,
                0.0,
                1.0
              ]
            ],
            "confidence_asset": "frames/000015/confidence.u8",
            "confidence_encoding": "arkit_0_low_1_medium_2_high",
            "depth_asset": "frames/000015/depth.f32",
            "depth_encoding": "float32_little_endian_meters",
            "depth_size": [
              16,
              12
            ],
            "exposure": {
              "duration_s": 0.008333333333333333,
              "iso": 100
            },
            "frame_id": "frame-000015",
            "image_size": [
              16,
              12
            ],
            "intrinsics": [
              [
                14.0,
                0.0,
                8.0
              ],
              [
                0.0,
                14.0,
                6.0
              ],
              [
                0.0,
                0.0,
                1.0
              ]
            ],
            "motion": {
              "acceleration_m_s2": [
                0.0,
                9.80665,
                0.0
              ],
              "angular_velocity_rad_s": [
                0.0,
                0.1,
                0.0
              ]
            },
            "pose_stream": "synthetic_metric",
            "quality": {
              "blur_score": 0.02,
              "coverage_hint": 0.9375
            },
            "rgb_asset": "frames/000015/rgb.bin",
            "timestamp_ns": 2500000000,
            "tracking_state": "normal"
          }
        ],
        "mesh_anchors": [],
        "motion_samples": [],
        "privacy": {
          "contains_people": false,
          "redactions": []
        },
        "provenance": {
          "generator": "sip.capture.create_synthetic_room_capture",
          "seed": 42
        },
        "restricted_regions": [],
        "root_hash": "3801ced4a8aa3708e16807a72334543849a9c73a9ebd3d4977ec35d306ed8119",
        "schema_version": "1.0.0",
        "semantic_hash": "91fd532f43b9df0258f877311fcc96c5c4ee5f9490aa67ec2b461aae855c46f4"
      },
      "path": "/mnt/data/sip-authoritative-work/runtime/demo/restore/input/synthetic-room.sipcapture",
      "root_hash": "3801ced4a8aa3708e16807a72334543849a9c73a9ebd3d4977ec35d306ed8119",
      "schema_version": "1.0.0",
      "valid": true,
      "validation": {
        "archive_sha256": "fe634083b95858c8861d1ff6d159bc4ec61ef812ee23b3cbbef704c41386f8d4",
        "asset_count": 48,
        "capture_id": "synthetic-room-42-16",
        "checks": [
          {
            "byte_count": 192,
            "path": "frames/000000/confidence.u8",
            "sha256": "90b88ae002ea844ed07d6f59bb868b0b9eb89a32dd2d6eea551437ccaa2fc141",
            "valid": true
          },
          {
            "byte_count": 768,
            "path": "frames/000000/depth.f32",
            "sha256": "d8bded6f21ef777865b3d948f0eaad9dd1635d1764ec018fe68299e22af5a783",
            "valid": true
          },
          {
            "byte_count": 576,
            "path": "frames/000000/rgb.bin",
            "sha256": "9c1d2a9d201c927c8fe10d88accce0bf772cf476b8e329bf28af1256ff5835a8",
            "valid": true
          },
          {
            "byte_count": 192,
            "path": "frames/000001/confidence.u8",
            "sha256": "90b88ae002ea844ed07d6f59bb868b0b9eb89a32dd2d6eea551437ccaa2fc141",
            "valid": true
          },
          {
            "byte_count": 768,
            "path": "frames/000001/depth.f32",
            "sha256": "d39b03409e3a105065cb85149965b80e0fbc3a7c9bd8ed07e2b3eb60de29bafd",
            "valid": true
          },
          {
            "byte_count": 576,
            "path": "frames/000001/rgb.bin",
            "sha256": "6ca3ba9dc7d473985667004c632ae79458dcd791c7413758e5b5a49a157659aa",
            "valid": true
          },
          {
            "byte_count": 192,
            "path": "frames/000002/confidence.u8",
            "sha256": "90b88ae002ea844ed07d6f59bb868b0b9eb89a32dd2d6eea551437ccaa2fc141",
            "valid": true
          },
          {
            "byte_count": 768,
            "path": "frames/000002/depth.f32",
            "sha256": "154f78cf2f70a72cbb800ba82e8c6f2a2dcd93ac0c4443997895a58113a628db",
            "valid": true
          },
          {
            "byte_count": 576,
            "path": "frames/000002/rgb.bin",
            "sha256": "2a7def0d95a8038e4e1c6ed4cbc495d24bcc450241811f3170226bacbe4ef218",
            "valid": true
          },
          {
            "byte_count": 192,
            "path": "frames/000003/confidence.u8",
            "sha256": "90b88ae002ea844ed07d6f59bb868b0b9eb89a32dd2d6eea551437ccaa2fc141",
            "valid": true
          },
          {
            "byte_count": 768,
            "path": "frames/000003/depth.f32",
            "sha256": "5726338787fffd2d4c3597702c9aabda680f882d0b102e53b07633bf4833f0e8",
            "valid": true
          },
          {
            "byte_count": 576,
            "path": "frames/000003/rgb.bin",
            "sha256": "6f3980e5fc9853ca5b808eee7daa0a686366196a2fc486ccfb8ec167b9322ffa",
            "valid": true
          },
          {
            "byte_count": 192,
            "path": "frames/000004/confidence.u8",
            "sha256": "90b88ae002ea844ed07d6f59bb868b0b9eb89a32dd2d6eea551437ccaa2fc141",
            "valid": true
          },
          {
            "byte_count": 768,
            "path": "frames/000004/depth.f32",
            "sha256": "55c6ef6b449fade8f72a941003c128ae9f33816907ecefea83b8e3b96af31bc5",
            "valid": true
          },
          {
            "byte_count": 576,
            "path": "frames/000004/rgb.bin",
            "sha256": "3d3787525168b1d378eef538a271b45279e396c710801321af60d861124b9f86",
            "valid": true
          },
          {
            "byte_count": 192,
            "path": "frames/000005/confidence.u8",
            "sha256": "90b88ae002ea844ed07d6f59bb868b0b9eb89a32dd2d6eea551437ccaa2fc141",
            "valid": true
          },
          {
            "byte_count": 768,
            "path": "frames/000005/depth.f32",
            "sha256": "cbdfb902dfc6e2c76eb19bcccf6458c769849095454adb40a84ce559873cefe3",
            "valid": true
          },
          {
            "byte_count": 576,
            "path": "frames/000005/rgb.bin",
            "sha256": "4ff04a01c9b3dbcb6ae7b86f560c32a29fa20833c713df2ef3efd6db9adfde2e",
            "valid": true
          },
          {
            "byte_count": 192,
            "path": "frames/000006/confidence.u8",
            "sha256": "90b88ae002ea844ed07d6f59bb868b0b9eb89a32dd2d6eea551437ccaa2fc141",
            "valid": true
          },
          {
            "byte_count": 768,
            "path": "frames/000006/depth.f32",
            "sha256": "9892f4ca936db6763ec567b988f9b7616a89f994c43ff36f1d2f536ab86f05ac",
            "valid": true
          },
          {
            "byte_count": 576,
            "path": "frames/000006/rgb.bin",
            "sha256": "58697836b3d2fdacb752f71da97cceda512c5b9bf13ab5ae566991c276fd676f",
            "valid": true
          },
          {
            "byte_count": 192,
            "path": "frames/000007/confidence.u8",
            "sha256": "90b88ae002ea844ed07d6f59bb868b0b9eb89a32dd2d6eea551437ccaa2fc141",
            "valid": true
          },
          {
            "byte_count": 768,
            "path": "frames/000007/depth.f32",
            "sha256": "08178aabd942e6672873783027fa55589e25a5cb7db5bfbc175f9f8f49184897",
            "valid": true
          },
          {
            "byte_count": 576,
            "path": "frames/000007/rgb.bin",
            "sha256": "e96bd6f83e16c798395d3d49d4bc31b0e9cd274d51630cea7e533de85c170aad",
            "valid": true
          },
          {
            "byte_count": 192,
            "path": "frames/000008/confidence.u8",
            "sha256": "90b88ae002ea844ed07d6f59bb868b0b9eb89a32dd2d6eea551437ccaa2fc141",
            "valid": true
          },
          {
            "byte_count": 768,
            "path": "frames/000008/depth.f32",
            "sha256": "45445746aafbda7be3cd0bb6dbfa9783e4a229e36cf581f95a7c4a106702e64f",
            "valid": true
          },
          {
            "byte_count": 576,
            "path": "frames/000008/rgb.bin",
            "sha256": "320cac0a91e71109d769e2a640e073816cb32dcdef359a377347ebad7a1b8492",
            "valid": true
          },
          {
            "byte_count": 192,
            "path": "frames/000009/confidence.u8",
            "sha256": "90b88ae002ea844ed07d6f59bb868b0b9eb89a32dd2d6eea551437ccaa2fc141",
            "valid": true
          },
          {
            "byte_count": 768,
            "path": "frames/000009/depth.f32",
            "sha256": "00d708c43f29a1e787aeb64ea3c25bbdbb41debe93c09d58867148d254e2d33d",
            "valid": true
          },
          {
            "byte_count": 576,
            "path": "frames/000009/rgb.bin",
            "sha256": "61e64cec2a475f6379e95b2d4fef906f48f0c5ab9c0c5331cefeb8c817a7b74d",
            "valid": true
          },
          {
            "byte_count": 192,
            "path": "frames/000010/confidence.u8",
            "sha256": "90b88ae002ea844ed07d6f59bb868b0b9eb89a32dd2d6eea551437ccaa2fc141",
            "valid": true
          },
          {
            "byte_count": 768,
            "path": "frames/000010/depth.f32",
            "sha256": "daeeba8de88a70a7d516e1ee92ed607cd60755b9ca87ee7d8e7c05c7a5622a81",
            "valid": true
          },
          {
            "byte_count": 576,
            "path": "frames/000010/rgb.bin",
            "sha256": "c8cefa05e3be06878ffb9f466bf0e605fde6f1544fd6a5e89d89c9564abd2b58",
            "valid": true
          },
          {
            "byte_count": 192,
            "path": "frames/000011/confidence.u8",
            "sha256": "90b88ae002ea844ed07d6f59bb868b0b9eb89a32dd2d6eea551437ccaa2fc141",
            "valid": true
          },
          {
            "byte_count": 768,
            "path": "frames/000011/depth.f32",
            "sha256": "51527f8aaf11c2e86369654149abec087dceb9d477863899a008bab7d9f5a145",
            "valid": true
          },
          {
            "byte_count": 576,
            "path": "frames/000011/rgb.bin",
            "sha256": "6c0ba0b222bdeda124e4c5397882b04924d0046cec733bb3e5e92633704baa51",
            "valid": true
          },
          {
            "byte_count": 192,
            "path": "frames/000012/confidence.u8",
            "sha256": "90b88ae002ea844ed07d6f59bb868b0b9eb89a32dd2d6eea551437ccaa2fc141",
            "valid": true
          },
          {
            "byte_count": 768,
            "path": "frames/000012/depth.f32",
            "sha256": "b00279f286238da8846ba26b9d35614c43e67b64af9a8312d96481afdb675c04",
            "valid": true
          },
          {
            "byte_count": 576,
            "path": "frames/000012/rgb.bin",
            "sha256": "4810c6b18eac9252303ec0e837cf9413273a627eeb70cee5d00ecf64df2445c8",
            "valid": true
          },
          {
            "byte_count": 192,
            "path": "frames/000013/confidence.u8",
            "sha256": "90b88ae002ea844ed07d6f59bb868b0b9eb89a32dd2d6eea551437ccaa2fc141",
            "valid": true
          },
          {
            "byte_count": 768,
            "path": "frames/000013/depth.f32",
            "sha256": "854f3dd706be34881e0ba44ca4ce6c33423959f2cc0359c1770eb4b77a81c3a3",
            "valid": true
          },
          {
            "byte_count": 576,
            "path": "frames/000013/rgb.bin",
            "sha256": "492ca4ffac1f422d66e154622f0da2dac3d37d5ab9e6ca006c7924c8868b475f",
            "valid": true
          },
          {
            "byte_count": 192,
            "path": "frames/000014/confidence.u8",
            "sha256": "90b88ae002ea844ed07d6f59bb868b0b9eb89a32dd2d6eea551437ccaa2fc141",
            "valid": true
          },
          {
            "byte_count": 768,
            "path": "frames/000014/depth.f32",
            "sha256": "bb3544097785b5a0da2330b675fe15d53b512c2692f1d2bed7a10547847e33cb",
            "valid": true
          },
          {
            "byte_count": 576,
            "path": "frames/000014/rgb.bin",
            "sha256": "046e7016bd5e1de3ed6241d4fa56b3b1f320a4d2e32b033b00020319013eefe6",
            "valid": true
          },
          {
            "byte_count": 192,
            "path": "frames/000015/confidence.u8",
            "sha256": "90b88ae002ea844ed07d6f59bb868b0b9eb89a32dd2d6eea551437ccaa2fc141",
            "valid": true
          },
          {
            "byte_count": 768,
            "path": "frames/000015/depth.f32",
            "sha256": "3706a7cb786abd0d081ad19d84d586a24631402f796c504637fea28fc1e8c9fd",
            "valid": true
          },
          {
            "byte_count": 576,
            "path": "frames/000015/rgb.bin",
            "sha256": "f1fa1d9635928a59d19171fdc2fd995a36374cc6aa25d5db565df7c167aabe26",
            "valid": true
          }
        ],
        "frame_count": 16,
        "root_hash": "3801ced4a8aa3708e16807a72334543849a9c73a9ebd3d4977ec35d306ed8119",
        "schema_version": "1.0.0",
        "valid": true
      }
    },
    "durable_operation": {
      "attempts": 2,
      "checkpoints": [
        {
          "root_hash": "3801ced4a8aa3708e16807a72334543849a9c73a9ebd3d4977ec35d306ed8119",
          "safe_to_resume": true,
          "sequence": 1,
          "stage": "validated-input"
        },
        {
          "safe_to_resume": true,
          "sequence": 2,
          "source_checkpoint": {
            "root_hash": "3801ced4a8aa3708e16807a72334543849a9c73a9ebd3d4977ec35d306ed8119",
            "safe_to_resume": true,
            "sequence": 1,
            "stage": "validated-input"
          },
          "stage": "normalized"
        }
      ],
      "final_state": "succeeded",
      "operation_id": "c2d3223b-dd54-467c-bf20-4fc0f02f12eb",
      "output_hash": "5fc593b1744cbe56f31e2ed0d366e9e555a09bf8079dd722384d07c0a0ad84a3"
    },
    "ingest": {
      "capture_asset_id": "a0d52409-b291-4ec4-87e3-6f9fdf6b7b19"
    },
    "preservation": {
      "independent_runtime": "/mnt/data/sip-authoritative-work/runtime/demo/restore/restore-runtime",
      "matching_root_hash": true,
      "operational_replay": {
        "counts": {
          "anchor_remaps": 0,
          "assertions": 0,
          "collaboration_comments": 0,
          "collaboration_tasks": 0,
          "consent_grants": 0,
          "construction_records": 0,
          "coordinate_frames": 1,
          "derivation_events": 0,
          "evidence_records": 0,
          "geometry_asset_manifests": 0,
          "legal_holds": 0,
          "measurements": 0,
          "memory_records": 0,
          "representation_bindings": 1,
          "representations": 1,
          "retention_rules": 0,
          "scene_branches": 1,
          "scene_commits": 2,
          "scene_entities": 1,
          "scene_tags": 0,
          "spatial_annotations": 0,
          "spatial_transforms": 0
        },
        "matches_package": true,
        "vertical_validation": {}
      },
      "package_path": "/mnt/data/sip-authoritative-work/runtime/demo/restore/preservation.sip-preservation.zip",
      "package_sha256": "2f47d3724dc7b0976f6809089e7959e4d2006acf206c7ff9187bb4cfd1e7ab2a",
      "restored": {
        "commit_id": "d571220d-8ff0-4281-a269-9ce7322dbf94",
        "domain_schema_version": "1.1.0",
        "id_maps": {
          "anchor_remap": {},
          "annotation": {},
          "assertion": {},
          "asset": {
            "0ce5f186-f3c3-44a1-9825-78893a481f38": "0ce5f186-f3c3-44a1-9825-78893a481f38",
            "a0d52409-b291-4ec4-87e3-6f9fdf6b7b19": "a0d52409-b291-4ec4-87e3-6f9fdf6b7b19"
          },
          "branch": {
            "57e45966-3e97-4b94-b468-0043609bf851": "57e45966-3e97-4b94-b468-0043609bf851"
          },
          "comment": {},
          "commit": {
            "5b492428-43b9-45ff-a81b-0d8bd23a74d1": "5b492428-43b9-45ff-a81b-0d8bd23a74d1",
            "d571220d-8ff0-4281-a269-9ce7322dbf94": "d571220d-8ff0-4281-a269-9ce7322dbf94"
          },
          "consent": {},
          "construction": {},
          "derivation": {},
          "entity": {
            "aebeae59-23a9-4521-903b-60d8317003b0": "aebeae59-23a9-4521-903b-60d8317003b0"
          },
          "evidence": {},
          "frame": {
            "world": "world"
          },
          "geometry_manifest": {},
          "legal_hold": {},
          "measurement": {},
          "memory": {},
          "representation": {
            "f290d9b3-5aad-4227-a64e-8897e1523f6b": "f290d9b3-5aad-4227-a64e-8897e1523f6b"
          },
          "representation_binding": {
            "0f1af6af-b094-4510-8044-0aa8f79ea9db": "0f1af6af-b094-4510-8044-0aa8f79ea9db"
          },
          "retention_rule": {},
          "scene": {
            "44defbf8-7835-4b8b-8446-0ea567dc3460": "44defbf8-7835-4b8b-8446-0ea567dc3460"
          },
          "scene_tag": {},
          "spatial_transform": {},
          "task": {}
        },
        "native_replay": true,
        "non_activated_evidence": {
          "archived_tables": [
            "agent_proposals",
            "audit_events",
            "deletion_evidence",
            "deletion_requests",
            "exports",
            "notifications",
            "operations",
            "outbox_events",
            "quota_policies",
            "role_bindings",
            "saved_queries",
            "search_documents",
            "usage_ledger"
          ],
          "governance_tables": [
            "model_manifests",
            "provider_manifests"
          ],
          "provider_model_reapproval_required": true,
          "search_reindex_required": true,
          "security_bindings_replayed": false
        },
        "preservation_package_asset_id": "225beb97-53ac-46b2-b8de-caa663d5024f",
        "preservation_package_sha256": "2f47d3724dc7b0976f6809089e7959e4d2006acf206c7ff9187bb4cfd1e7ab2a",
        "project_id": "project-restored-foundation",
        "replayed_counts": {
          "anchor_remaps": 0,
          "assertions": 0,
          "collaboration_comments": 0,
          "collaboration_tasks": 0,
          "consent_grants": 0,
          "construction_records": 0,
          "coordinate_frames": 1,
          "derivation_events": 0,
          "evidence_records": 0,
          "geometry_asset_manifests": 0,
          "legal_holds": 0,
          "measurements": 0,
          "memory_records": 0,
          "representation_bindings": 1,
          "representations": 1,
          "retention_rules": 0,
          "scene_branches": 1,
          "scene_commits": 2,
          "scene_entities": 1,
          "scene_tags": 0,
          "spatial_annotations": 0,
          "spatial_transforms": 0
        },
        "restored_assets": {
          "count": 2,
          "remapped_ids": 0,
          "unique_objects": 2
        },
        "scene_id": "44defbf8-7835-4b8b-8446-0ea567dc3460",
        "semantic_snapshot_hash": "d4fd384cdba419ff2eae58fb6c1abb73adae0664b71a787189d0767f1d356e5d",
        "source_root_hash": "b9869be800e5a5e9156ac8f705428b07f8739ea84f51c99107c3a748d56c88f5",
        "tenant_id": "tenant-restored-foundation",
        "unresolved_references": []
      },
      "restored_assets": 3,
      "root_hash": "b9869be800e5a5e9156ac8f705428b07f8739ea84f51c99107c3a748d56c88f5",
      "verified_files": 5
    },
    "scene": {
      "entity_id": "aebeae59-23a9-4521-903b-60d8317003b0",
      "initial_commit": "5b492428-43b9-45ff-a81b-0d8bd23a74d1",
      "metric_commit": {
        "branch": "main",
        "change_evidence_ids": [],
        "commit_id": "d571220d-8ff0-4281-a269-9ce7322dbf94",
        "field_visit_id": null,
        "parent_ids": [
          "5b492428-43b9-45ff-a81b-0d8bd23a74d1"
        ],
        "recorded_at": "2026-07-28T00:40:44.840877+00:00",
        "review_state": "unreviewed",
        "root_manifest_hash": "d4fd384cdba419ff2eae58fb6c1abb73adae0664b71a787189d0767f1d356e5d",
        "snapshot_hash": "d4fd384cdba419ff2eae58fb6c1abb73adae0664b71a787189d0767f1d356e5d",
        "valid_from": null,
        "valid_to": null,
        "workflow_event_id": null
      },
      "metric_representation_id": "f290d9b3-5aad-4227-a64e-8897e1523f6b",
      "scene_id": "44defbf8-7835-4b8b-8446-0ea567dc3460"
    },
    "viewer": {
      "external_dependencies": [],
      "portable": true,
      "session": "/mnt/data/sip-authoritative-work/runtime/demo/restore/viewer-session.json",
      "session_sha256": "f16f8ad2ff21e64fc58228de4e9a33f3ba68490a3ec6423315f986916c442696",
      "viewer": "/mnt/data/sip-authoritative-work/runtime/demo/restore/viewer.html",
      "viewer_sha256": "74c858ab50200ba1e4e84fa693c62090dbaa1514da8024a3f25a9524bdab08d3"
    }
  },
  "schema": "sip.demo-evidence/v1",
  "started_at": "2026-07-28T00:40:44.035324+00:00",
  "status": "passed"
}
=== benchmark ===
PYTHONPATH=/mnt/data/sip-authoritative-work/src:/mnt/data/sip-authoritative-work python tools/run_benchmarks.py
{
  "benchmarks": {
    "cscp_validate_16_frames": {
      "archive_sha256": "dc7f32c450ed33f09d688acea99dce2eac6adcfeec64c9ce4e6ebc11f2757dcb",
      "max_ms": 1.998264,
      "median_ms": 1.976602,
      "min_ms": 1.938816,
      "p95_ms": 1.998264,
      "root_hash": "3801ced4a8aa3708e16807a72334543849a9c73a9ebd3d4977ec35d306ed8119",
      "samples": 5,
      "validated_frames": 16
    },
    "interaction_proxy_12_to_8_faces": {
      "input_faces": 12,
      "max_ms": 0.440446,
      "median_ms": 0.378879,
      "min_ms": 0.358213,
      "output_faces": 8,
      "p95_ms": 0.439124,
      "samples": 20
    },
    "mesh_to_splats_12_faces_x8": {
      "input_faces": 12,
      "lossy": true,
      "max_ms": 2.764815,
      "median_ms": 0.2994205,
      "min_ms": 0.282281,
      "output_splats": 96,
      "p95_ms": 2.764815,
      "samples": 10
    },
    "sim3_ransac_500_points_25_outliers": {
      "inliers": 475,
      "max_ms": 48.672574,
      "median_ms": 47.395453,
      "min_ms": 47.23876,
      "p95_ms": 48.672574,
      "rmse": 1.324659381143314e-15,
      "samples": 5,
      "scale": 1.25
    }
  },
  "budget_checks": [
    {
      "benchmark": "sim3_ransac_500_points_25_outliers",
      "checks": [
        {
          "actual": 48.672574,
          "metric": "p95_ms",
          "operator": "<=",
          "passed": true,
          "threshold": 350.0
        },
        {
          "actual": 1.324659381143314e-15,
          "metric": "rmse",
          "operator": "<=",
          "passed": true,
          "threshold": 1e-06
        },
        {
          "actual": 475,
          "metric": "inliers",
          "operator": ">=",
          "passed": true,
          "threshold": 475
        }
      ],
      "status": "passed"
    },
    {
      "benchmark": "interaction_proxy_12_to_8_faces",
      "checks": [
        {
          "actual": 0.439124,
          "metric": "p95_ms",
          "operator": "<=",
          "passed": true,
          "threshold": 25.0
        }
      ],
      "status": "passed"
    },
    {
      "benchmark": "mesh_to_splats_12_faces_x8",
      "checks": [
        {
          "actual": 2.764815,
          "metric": "p95_ms",
          "operator": "<=",
          "passed": true,
          "threshold": 25.0
        }
      ],
      "status": "passed"
    },
    {
      "benchmark": "cscp_validate_16_frames",
      "checks": [
        {
          "actual": 1.998264,
          "metric": "p95_ms",
          "operator": "<=",
          "passed": true,
          "threshold": 150.0
        }
      ],
      "status": "passed"
    }
  ],
  "budget_manifest": {
    "path": "benchmarks/reference-budgets.json",
    "sha256": "24d2dd9c50e71d1d0cf43111c5175408565fe02053cf2a21c7d686d223ef6eb8"
  },
  "claims": "Budgets cover only the deterministic single-process CPU reference profile and are not production capacity targets.",
  "profile": {
    "cpu_count": 5,
    "execution": "single-process deterministic CPU path",
    "git": {
      "commit": "8af0aafa0425b3f190b14fa63701990f0bd6d343",
      "dirty_paths": 348,
      "working_tree_clean": false
    },
    "name": "cpu-reference",
    "numpy": "2.3.5",
    "platform": "Linux-6.12.13-x86_64-with-glibc2.41",
    "processor": "",
    "python": "3.13.5"
  },
  "schema": "sip.benchmark-report/v2",
  "status": "passed"
}
