requirement_id,priority,implementation_status,source_document,source_line,source_section,text,verification_method,owner,release_gate,external_validation_status,waiver_status,waiver_expiration,implementation_files,test_ids,test_result_evidence_paths,dependency_ids,epic_ids,notes
GOVDOC-001,P0,VERIFIED,00-governance/000_document_control.md,36,4. Normative requirements,"Every normative document shall carry a unique specification identifier, version, status, update date, category, and normative flag.",Controlled verification,SIP Engineering,FIRST_PRODUCTION_BLOCKING,NOT_REQUIRED,NONE,,"[""src/sip/spec_lint.py"",""tools/update_requirements.py"",""requirements/spec-index.json"",""requirements/requirements-ledger.json""]","[""tests/contract/test_spec_lint.py::test_spec_lint_indexes_every_normative_requirement"",""tests/spec/test_requirements_controls.py::test_authoritative_specification_and_requirement_index_are_complete""]","[""build/reports/test-matrix.json"",""build/reports/tests/contract.xml"",""build/reports/tests/spec.xml""]","[""FND-001""]","[""FND-001"",""GOV-001""]","Verified in the deterministic local reference profile by the exact linked automated test(s) and retained evidence; no external hardware, cloud, GPU, legal, or customer-pilot result is inferred."
GOVDOC-002,P0,NOT_STARTED,00-governance/000_document_control.md,37,4. Normative requirements,"The release process shall produce a manifest containing every file path, byte count, word count, and SHA-256 digest.",Controlled verification,UNASSIGNED,FIRST_PRODUCTION_BLOCKING,NOT_REQUIRED,NONE,,[],"[""REQ-GOVDOC-002""]",[],"[""FND-001""]","[""FND-001"",""GOV-001""]",
GOVDOC-003,P1,NOT_STARTED,00-governance/000_document_control.md,38,4. Normative requirements,"A breaking change shall identify affected schemas, APIs, stored data, exports, clients, tests, and migration steps.",Automated test,UNASSIGNED,CONTROLLED_POST_P0_MILESTONE,NOT_REQUIRED,NONE,,[],"[""REQ-GOVDOC-003""]",[],"[""FND-001""]","[""FND-001"",""GOV-001""]",
GOVDOC-004,P1,NOT_STARTED,00-governance/000_document_control.md,39,4. Normative requirements,"A waiver shall be rejected when it would cause unlicensed model use, unconsented biometric use, or presentation of generated content as verified fact.",Automated test,UNASSIGNED,CONTROLLED_POST_P0_MILESTONE,NOT_REQUIRED,NONE,,[],"[""REQ-GOVDOC-004""]",[],"[""FND-001""]","[""FND-001"",""GOV-001""]",
GOVDOC-005,P1,NOT_STARTED,00-governance/000_document_control.md,40,4. Normative requirements,Superseded bundles shall remain retrievable for audit and migration testing.,Controlled verification,UNASSIGNED,CONTROLLED_POST_P0_MILESTONE,NOT_REQUIRED,NONE,,[],"[""REQ-GOVDOC-005""]",[],"[""FND-001""]","[""FND-001"",""GOV-001""]",
GOVNORM-001,P0,NOT_STARTED,00-governance/001_normative_language.md,36,4. Normative requirements,Requirement identifiers shall remain stable after publication even when wording is clarified.,Controlled verification,UNASSIGNED,FIRST_PRODUCTION_BLOCKING,NOT_REQUIRED,NONE,,[],"[""REQ-GOVNORM-001""]",[],"[""FND-001""]","[""FND-001"",""GOV-001""]",
GOVNORM-002,P0,NOT_STARTED,00-governance/001_normative_language.md,37,4. Normative requirements,A requirement shall have exactly one primary verification method and may list supplemental evidence.,Controlled verification,UNASSIGNED,FIRST_PRODUCTION_BLOCKING,NOT_REQUIRED,NONE,,[],"[""REQ-GOVNORM-002""]",[],"[""FND-001""]","[""FND-001"",""GOV-001""]",
GOVNORM-003,P1,NOT_STARTED,00-governance/001_normative_language.md,38,4. Normative requirements,Undefined terms shall be linked to the glossary or defined in the owning document.,Controlled verification,UNASSIGNED,CONTROLLED_POST_P0_MILESTONE,NOT_REQUIRED,NONE,,[],"[""REQ-GOVNORM-003""]",[],"[""FND-001""]","[""FND-001"",""GOV-001""]",
GOVNORM-004,P1,NOT_STARTED,00-governance/001_normative_language.md,39,4. Normative requirements,"Words such as accurate, real-time, secure, reliable, and high-quality shall not appear in acceptance criteria without a measurable definition.",Controlled verification,UNASSIGNED,CONTROLLED_POST_P0_MILESTONE,NOT_REQUIRED,NONE,,[],"[""REQ-GOVNORM-004""]",[],"[""FND-001""]","[""FND-001"",""GOV-001""]",
GOVNORM-005,P1,NOT_STARTED,00-governance/001_normative_language.md,40,4. Normative requirements,Conflicting requirements shall be resolved through an architecture decision record rather than implementation guesswork.,Controlled verification,UNASSIGNED,CONTROLLED_POST_P0_MILESTONE,NOT_REQUIRED,NONE,,[],"[""REQ-GOVNORM-005""]",[],"[""FND-001""]","[""FND-001"",""GOV-001""]",
GOVSCOPE-001,P0,NOT_STARTED,00-governance/002_scope_and_non_goals.md,36,4. Normative requirements,Product interfaces shall display operating-envelope limitations wherever users can create or export measurements.,Controlled verification,UNASSIGNED,FIRST_PRODUCTION_BLOCKING,NOT_REQUIRED,NONE,,[],"[""REQ-GOVSCOPE-001""]",[],"[""FND-001""]","[""FND-001"",""GOV-001""]",
GOVSCOPE-002,P0,NOT_STARTED,00-governance/002_scope_and_non_goals.md,37,4. Normative requirements,"Marketing and generated reports shall not describe unverified phone scans as survey grade, code compliant, or as-built certified.",Controlled verification,UNASSIGNED,FIRST_PRODUCTION_BLOCKING,NOT_REQUIRED,NONE,,[],"[""REQ-GOVSCOPE-002""]",[],"[""FND-001""]","[""FND-001"",""GOV-001""]",
GOVSCOPE-003,P1,NOT_STARTED,00-governance/002_scope_and_non_goals.md,38,4. Normative requirements,The platform shall prevent an AI agent from issuing a life-safety control command through spatial tools.,Automated test,UNASSIGNED,CONTROLLED_POST_P0_MILESTONE,NOT_REQUIRED,NONE,,[],"[""REQ-GOVSCOPE-003""]",[],"[""FND-001""]","[""FND-001"",""GOV-001""]",
GOVSCOPE-004,P1,NOT_STARTED,00-governance/002_scope_and_non_goals.md,39,4. Normative requirements,"LiveForever experiences shall identify simulated voice, face, dialogue, and scene completion before or at first presentation.",Controlled verification,UNASSIGNED,CONTROLLED_POST_P0_MILESTONE,NOT_REQUIRED,NONE,,[],"[""REQ-GOVSCOPE-004""]",[],"[""FND-001""]","[""FND-001"",""GOV-001""]",
GOVSCOPE-005,P1,NOT_STARTED,00-governance/002_scope_and_non_goals.md,40,4. Normative requirements,Out-of-scope requests shall generate a safe handoff or export rather than silent approximation.,Controlled verification,UNASSIGNED,CONTROLLED_POST_P0_MILESTONE,NOT_REQUIRED,NONE,,[],"[""REQ-GOVSCOPE-005""]",[],"[""FND-001""]","[""FND-001"",""GOV-001""]",
GOVSCOPE-006,P0,NOT_STARTED,00-governance/002_scope_and_non_goals.md,135,15. Version 1.1 scope clarification,Product messaging shall describe splat-derived surfaces as interaction/visual derivatives unless independently promoted through an eligible metric workflow.,Marketing/UI review,UNASSIGNED,FIRST_PRODUCTION_BLOCKING,NOT_REQUIRED,NONE,,[],"[""REQ-GOVSCOPE-006""]",[],"[""FND-001""]","[""FND-001"",""GOV-001""]",
GOVSCOPE-007,P0,NOT_STARTED,00-governance/002_scope_and_non_goals.md,136,15. Version 1.1 scope clarification,"Proxy, collision, and navigation assets shall not be marketed as survey, code, fabrication, robotic-safety, or historical-proof products.",Policy/content test,UNASSIGNED,FIRST_PRODUCTION_BLOCKING,NOT_REQUIRED,NONE,,[],"[""REQ-GOVSCOPE-007""]",[],"[""FND-001""]","[""FND-001"",""GOV-001""]",
GOVSCOPE-008,P1,NOT_STARTED,00-governance/002_scope_and_non_goals.md,137,15. Version 1.1 scope clarification,The platform shall remain useful through native hybrid rendering and open fallbacks when no splat-to-surface provider is available.,Portability test,UNASSIGNED,CONTROLLED_POST_P0_MILESTONE,NOT_REQUIRED,NONE,,[],"[""REQ-GOVSCOPE-008""]",[],"[""FND-001""]","[""FND-001"",""GOV-001""]",
GOVSCOPE-009,P1,NOT_STARTED,00-governance/002_scope_and_non_goals.md,138,15. Version 1.1 scope clarification,A conversion capability shall not broaden the permitted use of its source data or representation.,Policy propagation test,UNASSIGNED,CONTROLLED_POST_P0_MILESTONE,NOT_REQUIRED,NONE,,[],"[""REQ-GOVSCOPE-009""]",[],"[""FND-001""]","[""FND-001"",""GOV-001""]",
GOVPRIN-001,P0,NOT_STARTED,00-governance/003_product_principles.md,38,4. Normative requirements,Every automated transformation shall preserve a route back to source evidence.,Controlled verification,UNASSIGNED,FIRST_PRODUCTION_BLOCKING,NOT_REQUIRED,NONE,,[],"[""REQ-GOVPRIN-001""]",[],"[""FND-001""]","[""FND-001"",""GOV-001""]",
GOVPRIN-002,P0,NOT_STARTED,00-governance/003_product_principles.md,39,4. Normative requirements,"A user shall be able to export their original assets, canonical manifests, scene metadata, and open-format derivatives.",Controlled verification,UNASSIGNED,FIRST_PRODUCTION_BLOCKING,NOT_REQUIRED,NONE,,[],"[""REQ-GOVPRIN-002""]",[],"[""FND-001""]","[""FND-001"",""GOV-001""]",
GOVPRIN-003,P1,NOT_STARTED,00-governance/003_product_principles.md,40,4. Normative requirements,"Irreversible operations shall require explicit authority, impact preview, and auditable confirmation.",Controlled verification,UNASSIGNED,CONTROLLED_POST_P0_MILESTONE,NOT_REQUIRED,NONE,,[],"[""REQ-GOVPRIN-003""]",[],"[""FND-001""]","[""FND-001"",""GOV-001""]",
GOVPRIN-004,P1,NOT_STARTED,00-governance/003_product_principles.md,41,4. Normative requirements,The implementation shall expose uncertainty and disagreement rather than compressing them into one unlabeled score.,Controlled verification,UNASSIGNED,CONTROLLED_POST_P0_MILESTONE,NOT_REQUIRED,NONE,,[],"[""REQ-GOVPRIN-004""]",[],"[""FND-001""]","[""FND-001"",""GOV-001""]",
GOVPRIN-005,P1,NOT_STARTED,00-governance/003_product_principles.md,42,4. Normative requirements,New verticals shall reuse the canonical scene and evidence model unless an approved architecture decision demonstrates a necessary extension.,Controlled verification,UNASSIGNED,CONTROLLED_POST_P0_MILESTONE,NOT_REQUIRED,NONE,,[],"[""REQ-GOVPRIN-005""]",[],"[""FND-001""]","[""FND-001"",""GOV-001""]",
GOVPERS-001,P0,NOT_STARTED,00-governance/004_stakeholders_and_personas.md,36,4. Normative requirements,Every privileged workflow shall name the accountable human role even when automation performs the work.,Controlled verification,UNASSIGNED,FIRST_PRODUCTION_BLOCKING,NOT_REQUIRED,NONE,,[],"[""REQ-GOVPERS-001""]",[],"[""FND-001""]","[""FND-001"",""GOV-001""]",
GOVPERS-002,P0,NOT_STARTED,00-governance/004_stakeholders_and_personas.md,37,4. Normative requirements,The user interface shall present task-focused capabilities instead of exposing infrastructure roles to ordinary users.,Controlled verification,UNASSIGNED,FIRST_PRODUCTION_BLOCKING,NOT_REQUIRED,NONE,,[],"[""REQ-GOVPERS-002""]",[],"[""FND-001""]","[""FND-001"",""GOV-001""]",
GOVPERS-003,P1,NOT_STARTED,00-governance/004_stakeholders_and_personas.md,38,4. Normative requirements,Consent and family governance roles shall remain separate from technical tenant administration.,Controlled verification,UNASSIGNED,CONTROLLED_POST_P0_MILESTONE,NOT_REQUIRED,NONE,,[],"[""REQ-GOVPERS-003""]",[],"[""FND-001""]","[""FND-001"",""GOV-001""]",
GOVPERS-004,P1,NOT_STARTED,00-governance/004_stakeholders_and_personas.md,39,4. Normative requirements,A construction subcontractor shall not gain access to unrelated rooms or sensitive systems merely because they can access the project.,Controlled verification,UNASSIGNED,CONTROLLED_POST_P0_MILESTONE,NOT_REQUIRED,NONE,,[],"[""REQ-GOVPERS-004""]",[],"[""FND-001""]","[""FND-001"",""GOV-001""]",
GOVPERS-005,P1,NOT_STARTED,00-governance/004_stakeholders_and_personas.md,40,4. Normative requirements,Personas with accessibility needs shall be included in capture and viewer usability tests.,Controlled verification,UNASSIGNED,CONTROLLED_POST_P0_MILESTONE,NOT_REQUIRED,NONE,,[],"[""REQ-GOVPERS-005""]",[],"[""FND-001""]","[""FND-001"",""GOV-001""]",
GOVOPEN-001,P0,VERIFIED,00-governance/006_open_questions_and_assumptions.md,36,4. Normative requirements,"The register shall include LingBot checkpoint licensing, supported hardware envelope, long-building drift, dynamic-scene behavior, and cross-session repeatability.",Controlled verification,SIP Engineering,FIRST_PRODUCTION_BLOCKING,NOT_REQUIRED,NONE,,"[""governance/open-questions.json"",""tools/check_governance.py"",""requirements/blockers.md""]","[""tests/contract/test_governance_registers.py::test_open_question_register_is_falsifiable_owned_and_fail_safe""]","[""build/reports/governance-check.json"",""build/reports/test-matrix.json"",""build/reports/tests/contract.xml"",""governance/open-questions.json""]","[""FND-001""]","[""FND-001"",""GOV-001""]","Verified in the deterministic local reference profile by the exact linked automated test(s) and retained evidence; no external hardware, cloud, GPU, legal, or customer-pilot result is inferred."
GOVOPEN-002,P0,VERIFIED,00-governance/006_open_questions_and_assumptions.md,37,4. Normative requirements,Each high-risk assumption shall have a falsifiable experiment and acceptance threshold.,Controlled verification,SIP Engineering,FIRST_PRODUCTION_BLOCKING,NOT_REQUIRED,NONE,,"[""governance/open-questions.json"",""tools/check_governance.py"",""requirements/blockers.md""]","[""tests/contract/test_governance_registers.py::test_open_question_register_is_falsifiable_owned_and_fail_safe""]","[""build/reports/governance-check.json"",""build/reports/test-matrix.json"",""build/reports/tests/contract.xml"",""governance/open-questions.json""]","[""FND-001""]","[""FND-001"",""GOV-001""]","Verified in the deterministic local reference profile by the exact linked automated test(s) and retained evidence; no external hardware, cloud, GPU, legal, or customer-pilot result is inferred."
GOVOPEN-003,P1,IN_PROGRESS,00-governance/006_open_questions_and_assumptions.md,38,4. Normative requirements,"An experiment shall retain input hashes, environment, exact model, output, analysis, and conclusion.",Automated test,SIP Engineering,CONTROLLED_POST_P0_MILESTONE,NOT_REQUIRED,NONE,,"[""governance/open-questions.json"",""tools/check_governance.py"",""requirements/blockers.md""]","[""tests/contract/test_governance_registers.py::test_open_question_register_is_falsifiable_owned_and_fail_safe""]","[""build/reports/governance-check.json"",""build/reports/test-matrix.json"",""build/reports/tests/contract.xml"",""governance/open-questions.json""]","[""FND-001""]","[""FND-001"",""GOV-001""]","A controlled implementation/test boundary exists, but the normative requirement is broader than the retained evidence and remains in progress."
GOVOPEN-004,P1,VERIFIED,00-governance/006_open_questions_and_assumptions.md,39,4. Normative requirements,Decisions that depend on customer policy shall identify the policy owner and default-safe behavior.,Controlled verification,SIP Engineering,CONTROLLED_POST_P0_MILESTONE,NOT_REQUIRED,NONE,,"[""governance/open-questions.json"",""tools/check_governance.py"",""requirements/blockers.md""]","[""tests/contract/test_governance_registers.py::test_open_question_register_is_falsifiable_owned_and_fail_safe""]","[""build/reports/governance-check.json"",""build/reports/test-matrix.json"",""build/reports/tests/contract.xml"",""governance/open-questions.json""]","[""FND-001""]","[""FND-001"",""GOV-001""]","Verified in the deterministic local reference profile by the exact linked automated test(s) and retained evidence; no external hardware, cloud, GPU, legal, or customer-pilot result is inferred."
GOVOPEN-005,P1,VERIFIED,00-governance/006_open_questions_and_assumptions.md,40,4. Normative requirements,Unresolved P0 assumptions shall block release promotion.,Controlled verification,SIP Engineering,CONTROLLED_POST_P0_MILESTONE,NOT_REQUIRED,NONE,,"[""governance/open-questions.json"",""tools/check_governance.py"",""requirements/blockers.md""]","[""tests/contract/test_governance_registers.py::test_open_question_register_is_falsifiable_owned_and_fail_safe""]","[""build/reports/governance-check.json"",""build/reports/test-matrix.json"",""build/reports/tests/contract.xml"",""governance/open-questions.json""]","[""FND-001""]","[""FND-001"",""GOV-001""]","Verified in the deterministic local reference profile by the exact linked automated test(s) and retained evidence; no external hardware, cloud, GPU, legal, or customer-pilot result is inferred."
GOVRISK-001,P0,NOT_STARTED,00-governance/007_risk_register.md,36,4. Normative requirements,"The risk register shall link each critical risk to requirements, tests, monitors, and incident playbooks.",Controlled verification,UNASSIGNED,FIRST_PRODUCTION_BLOCKING,NOT_REQUIRED,NONE,,[],"[""REQ-GOVRISK-001""]",[],"[""FND-001""]","[""FND-001"",""GOV-001""]",
GOVRISK-002,P0,NOT_STARTED,00-governance/007_risk_register.md,37,4. Normative requirements,A risk score increase into the critical band shall trigger release review within one business day.,Controlled verification,UNASSIGNED,FIRST_PRODUCTION_BLOCKING,NOT_REQUIRED,NONE,,[],"[""REQ-GOVRISK-002""]",[],"[""FND-001""]","[""FND-001"",""GOV-001""]",
GOVRISK-003,P1,NOT_STARTED,00-governance/007_risk_register.md,38,4. Normative requirements,Known safety or consent failures shall not be reclassified as ordinary quality defects.,Controlled verification,UNASSIGNED,CONTROLLED_POST_P0_MILESTONE,NOT_REQUIRED,NONE,,[],"[""REQ-GOVRISK-003""]",[],"[""FND-001""]","[""FND-001"",""GOV-001""]",
GOVRISK-004,P1,NOT_STARTED,00-governance/007_risk_register.md,39,4. Normative requirements,Risk acceptance shall expire and require renewal based on current evidence.,Controlled verification,UNASSIGNED,CONTROLLED_POST_P0_MILESTONE,NOT_REQUIRED,NONE,,[],"[""REQ-GOVRISK-004""]",[],"[""FND-001""]","[""FND-001"",""GOV-001""]",
GOVRISK-005,P1,NOT_STARTED,00-governance/007_risk_register.md,40,4. Normative requirements,Closed risks shall retain closure evidence and residual-risk assessment.,Controlled verification,UNASSIGNED,CONTROLLED_POST_P0_MILESTONE,NOT_REQUIRED,NONE,,[],"[""REQ-GOVRISK-005""]",[],"[""FND-001""]","[""FND-001"",""GOV-001""]",
GOVRISK-006,P0,VERIFIED,00-governance/007_risk_register.md,135,15. Version 1.1 hybrid-representation risks,"The risk register shall track proxy-authority confusion, provider data egress, protected-geometry loss, anchor drift, immersive safety, derivative redaction, and provider lock-in.",Risk review,SIP Engineering,FIRST_PRODUCTION_BLOCKING,NOT_REQUIRED,NONE,,"[""governance/risk-register.json"",""governance/service-catalog.json"",""tools/check_governance.py"",""docs/runbooks/OPERATIONS_INCIDENTS.md""]","[""tests/contract/test_governance_registers.py::test_risk_register_covers_critical_hybrid_risks_and_one_day_review_policy""]","[""build/reports/governance-check.json"",""build/reports/test-matrix.json"",""build/reports/tests/contract.xml"",""governance/risk-register.json""]","[""FND-001""]","[""FND-001"",""GOV-001""]","Verified in the deterministic local reference profile by the exact linked automated test(s) and retained evidence; no external hardware, cloud, GPU, legal, or customer-pilot result is inferred."
GOVRISK-007,P0,VERIFIED,00-governance/007_risk_register.md,136,15. Version 1.1 hybrid-representation risks,Critical hybrid risks shall have automated gates or explicit fail-safe modes rather than relying only on user training.,Control audit,SIP Engineering,FIRST_PRODUCTION_BLOCKING,NOT_REQUIRED,NONE,,"[""governance/risk-register.json"",""governance/service-catalog.json"",""tools/check_governance.py"",""docs/runbooks/OPERATIONS_INCIDENTS.md""]","[""tests/contract/test_governance_registers.py::test_risk_register_covers_critical_hybrid_risks_and_one_day_review_policy""]","[""build/reports/governance-check.json"",""build/reports/test-matrix.json"",""build/reports/tests/contract.xml"",""governance/risk-register.json""]","[""FND-001""]","[""FND-001"",""GOV-001""]","Verified in the deterministic local reference profile by the exact linked automated test(s) and retained evidence; no external hardware, cloud, GPU, legal, or customer-pilot result is inferred."
GOVRISK-008,P1,VERIFIED,00-governance/007_risk_register.md,137,15. Version 1.1 hybrid-representation risks,"Provider and algorithm risks shall be stratified by scene class and intended use, not represented by one global quality rating.",Benchmark/risk audit,SIP Engineering,CONTROLLED_POST_P0_MILESTONE,NOT_REQUIRED,NONE,,"[""governance/risk-register.json"",""governance/service-catalog.json"",""tools/check_governance.py"",""docs/runbooks/OPERATIONS_INCIDENTS.md""]","[""tests/contract/test_governance_registers.py::test_risk_register_covers_critical_hybrid_risks_and_one_day_review_policy""]","[""build/reports/governance-check.json"",""build/reports/test-matrix.json"",""build/reports/tests/contract.xml"",""governance/risk-register.json""]","[""FND-001""]","[""FND-001"",""GOV-001""]","Verified in the deterministic local reference profile by the exact linked automated test(s) and retained evidence; no external hardware, cloud, GPU, legal, or customer-pilot result is inferred."
GOVRISK-009,P1,VERIFIED,00-governance/007_risk_register.md,138,15. Version 1.1 hybrid-representation risks,A provider revocation or failure shall have a tested local/native-hybrid fallback and impact-analysis procedure.,Game-day test,SIP Engineering,CONTROLLED_POST_P0_MILESTONE,NOT_REQUIRED,NONE,,"[""governance/risk-register.json"",""governance/service-catalog.json"",""tools/check_governance.py"",""docs/runbooks/OPERATIONS_INCIDENTS.md""]","[""tests/contract/test_governance_registers.py::test_risk_register_covers_critical_hybrid_risks_and_one_day_review_policy""]","[""build/reports/governance-check.json"",""build/reports/test-matrix.json"",""build/reports/tests/contract.xml"",""governance/risk-register.json""]","[""FND-001""]","[""FND-001"",""GOV-001""]","Verified in the deterministic local reference profile by the exact linked automated test(s) and retained evidence; no external hardware, cloud, GPU, legal, or customer-pilot result is inferred."
GOVLIC-001,P0,IN_PROGRESS,00-governance/008_license_and_model_governance.md,36,4. Normative requirements,"Each model manifest shall record provider, model name, revision, checkpoint hash, source URLs, license documents, permitted uses, prohibited uses, geographic or customer restrictions, approver, and expiry/review date.",Automated test,SIP Engineering,FIRST_PRODUCTION_BLOCKING,NOT_REQUIRED,NONE,,"[""src/sip/model_governance.py"",""tools/check_governance.py"",""tools/license_check.py"",""tools/generate_third_party_lock.py"",""tools/release.py"",""third_party/manifest.lock.json""]","[""tests/contract/test_delivery_tools.py::test_license_gate_runs_directly_without_repository_root_pythonpath"",""tests/contract/test_delivery_tools.py::test_third_party_manifest_lock_is_deterministic_and_fail_closed""]","[""build/reports/license-gate.json"",""build/reports/release-report.json"",""build/reports/test-matrix.json"",""build/reports/tests/contract.xml""]","[""FND-001"",""GOV-001""]","[""GOV-001"",""GOV-002""]","A controlled implementation/test boundary exists, but the normative requirement is broader than the retained evidence and remains in progress."
GOVLIC-002,P0,IN_PROGRESS,00-governance/008_license_and_model_governance.md,37,4. Normative requirements,"The scheduler shall reject production jobs whose model manifest is research-only, expired, revoked, or incomplete.",Automated test,SIP Engineering,FIRST_PRODUCTION_BLOCKING,NOT_REQUIRED,NONE,,"[""src/sip/model_governance.py"",""tools/check_governance.py"",""tools/license_check.py"",""tools/generate_third_party_lock.py"",""tools/release.py"",""third_party/manifest.lock.json""]","[""tests/contract/test_delivery_tools.py::test_third_party_manifest_lock_is_deterministic_and_fail_closed""]","[""build/reports/license-gate.json"",""build/reports/release-report.json"",""build/reports/test-matrix.json"",""build/reports/tests/contract.xml""]","[""FND-001"",""GOV-001""]","[""GOV-001"",""GOV-002""]","A controlled implementation/test boundary exists, but the normative requirement is broader than the retained evidence and remains in progress."
GOVLIC-003,P0,IN_PROGRESS,00-governance/008_license_and_model_governance.md,38,4. Normative requirements,Container builds shall produce an SBOM and license inventory including optional runtime downloads.,Controlled verification,SIP Engineering,FIRST_PRODUCTION_BLOCKING,NOT_REQUIRED,NONE,,"[""src/sip/model_governance.py"",""tools/check_governance.py"",""tools/license_check.py"",""tools/generate_third_party_lock.py"",""tools/release.py"",""third_party/manifest.lock.json""]","[""tests/contract/test_delivery_tools.py::test_cyclonedx_sbom_covers_runtime_web_workers_and_governance""]","[""build/reports/license-gate.json"",""build/reports/release-report.json"",""build/reports/test-matrix.json"",""build/reports/tests/contract.xml""]","[""FND-001"",""GOV-001""]","[""GOV-001"",""GOV-002""]","A controlled implementation/test boundary exists, but the normative requirement is broader than the retained evidence and remains in progress."
GOVLIC-004,P1,NOT_STARTED,00-governance/008_license_and_model_governance.md,39,4. Normative requirements,The system shall prevent an adapter from downloading an unapproved checkpoint or segmentation model at first run.,Automated test,UNASSIGNED,CONTROLLED_POST_P0_MILESTONE,NOT_REQUIRED,NONE,,[],"[""REQ-GOVLIC-004""]",[],"[""FND-001"",""GOV-001""]","[""GOV-001"",""GOV-002""]",
GOVLIC-005,P1,NOT_STARTED,00-governance/008_license_and_model_governance.md,40,4. Normative requirements,"Dataset manifests shall document consent/provenance, license, transformations, retention, and whether outputs may be commercialized.",Controlled verification,UNASSIGNED,CONTROLLED_POST_P0_MILESTONE,NOT_REQUIRED,NONE,,[],"[""REQ-GOVLIC-005""]",[],"[""FND-001"",""GOV-001""]","[""GOV-001"",""GOV-002""]",
GOVLIC-006,P1,NOT_STARTED,00-governance/008_license_and_model_governance.md,41,4. Normative requirements,A model replacement shall run shadow benchmarks and cannot inherit the prior model's approval automatically.,Controlled verification,UNASSIGNED,CONTROLLED_POST_P0_MILESTONE,NOT_REQUIRED,NONE,,[],"[""REQ-GOVLIC-006""]",[],"[""FND-001"",""GOV-001""]","[""GOV-001"",""GOV-002""]",
GOVLIC-007,P0,NOT_STARTED,00-governance/008_license_and_model_governance.md,136,15. Version 1.1 spatial-provider governance,"Every surface/conversion provider shall record exact code/service version, dependencies, models, datasets, terms, output rights, deployment, data classes, purposes, and expiration.",Manifest test,UNASSIGNED,FIRST_PRODUCTION_BLOCKING,NOT_REQUIRED,NONE,,[],"[""REQ-GOVLIC-007""]",[],"[""FND-001"",""GOV-001""]","[""GOV-001"",""GOV-002""]",
GOVLIC-008,P0,NOT_STARTED,00-governance/008_license_and_model_governance.md,137,15. Version 1.1 spatial-provider governance,"A top-level license shall not automatically approve submodules, checkpoints, datasets, binaries, samples, hosted processing, or outputs.",License audit,UNASSIGNED,FIRST_PRODUCTION_BLOCKING,NOT_REQUIRED,NONE,,[],"[""REQ-GOVLIC-008""]",[],"[""FND-001"",""GOV-001""]","[""GOV-001"",""GOV-002""]",
GOVLIC-009,P0,NOT_STARTED,00-governance/008_license_and_model_governance.md,138,15. Version 1.1 spatial-provider governance,"Manual/hosted provider admission shall fail closed when processing locality, retention, training use, security, or commercial permission is unknown for non-public data.",Governance test,UNASSIGNED,FIRST_PRODUCTION_BLOCKING,NOT_REQUIRED,NONE,,[],"[""REQ-GOVLIC-009""]",[],"[""FND-001"",""GOV-001""]","[""GOV-001"",""GOV-002""]",
GOVLIC-010,P1,NOT_STARTED,00-governance/008_license_and_model_governance.md,139,15. Version 1.1 spatial-provider governance,Provider replacement shall require new technical and legal approval and shall not inherit the predecessor's production status.,Replacement test,UNASSIGNED,CONTROLLED_POST_P0_MILESTONE,NOT_REQUIRED,NONE,,[],"[""REQ-GOVLIC-010""]",[],"[""FND-001"",""GOV-001""]","[""GOV-001"",""GOV-002""]",
GOVLIC-011,P1,NOT_STARTED,00-governance/008_license_and_model_governance.md,140,15. Version 1.1 spatial-provider governance,Runtime and build systems shall prohibit undeclared provider/model/dependency downloads.,Supply-chain test,UNASSIGNED,CONTROLLED_POST_P0_MILESTONE,NOT_REQUIRED,NONE,,[],"[""REQ-GOVLIC-011""]",[],"[""FND-001"",""GOV-001""]","[""GOV-001"",""GOV-002""]",
GOVLIC-012,P1,NOT_STARTED,00-governance/008_license_and_model_governance.md,141,15. Version 1.1 spatial-provider governance,Historical derivatives shall retain the exact approval evidence and terms snapshot applicable at creation.,Provenance audit,UNASSIGNED,CONTROLLED_POST_P0_MILESTONE,NOT_REQUIRED,NONE,,[],"[""REQ-GOVLIC-012""]",[],"[""FND-001"",""GOV-001""]","[""GOV-001"",""GOV-002""]",
GOVETH-001,P0,IMPLEMENTED_UNVERIFIED,00-governance/009_data_ethics_and_truthfulness.md,36,4. Normative requirements,"Every assertion shall identify source class and may identify confidence, corroboration, dispute, and authority independently.",Controlled verification,SIP Engineering,FIRST_PRODUCTION_BLOCKING,NOT_REQUIRED,NONE,,"[""src/sip/spatial_data.py"",""src/sip/models.py"",""src/sip/policy.py"",""docs/security/THREAT_MODEL.md""]","[""tests/integration/test_spatial_truth_twin.py::test_datevid_datgeom_derivation_is_scoped_idempotent_and_truth_labeled"",""tests/integration/test_spatial_truth_twin.py::test_datgeom_manifest_inherits_classification_and_matches_representation""]","[""build/reports/test-matrix.json"",""build/reports/tests/integration.xml"",""schemas/events/event-catalog.json""]","[""DATA-002"",""FND-001""]","[""GOV-001"",""IAM-001""]","Implementation and automated checks exist, but production-environment or full-scope evidence is incomplete; this requirement is intentionally not marked verified."
GOVETH-002,P0,NOT_STARTED,00-governance/009_data_ethics_and_truthfulness.md,37,4. Normative requirements,"Generated voice, likeness, dialogue, or first-person narration shall require a specific consent basis and persistent label.",Automated test,UNASSIGNED,FIRST_PRODUCTION_BLOCKING,NOT_REQUIRED,NONE,,[],"[""REQ-GOVETH-002""]",[],"[""DATA-002"",""FND-001""]","[""GOV-001"",""IAM-001""]",
GOVETH-003,P1,NOT_STARTED,00-governance/009_data_ethics_and_truthfulness.md,38,4. Normative requirements,The platform shall provide an evidence-view mode for reconstructed memories and edited visual scenes.,Controlled verification,UNASSIGNED,CONTROLLED_POST_P0_MILESTONE,NOT_REQUIRED,NONE,,[],"[""REQ-GOVETH-003""]",[],"[""DATA-002"",""FND-001""]","[""GOV-001"",""IAM-001""]",
GOVETH-004,P1,NOT_STARTED,00-governance/009_data_ethics_and_truthfulness.md,39,4. Normative requirements,"Sensitive captures shall support subject access, correction, restriction, export, and deletion workflows subject to legal hold and shared-rights policy.",Controlled verification,UNASSIGNED,CONTROLLED_POST_P0_MILESTONE,NOT_REQUIRED,NONE,,[],"[""REQ-GOVETH-004""]",[],"[""DATA-002"",""FND-001""]","[""GOV-001"",""IAM-001""]",
GOVETH-005,P1,NOT_STARTED,00-governance/009_data_ethics_and_truthfulness.md,40,4. Normative requirements,"The product shall not use grief, urgency, or family conflict to pressure users into broader consent or paid retention.",Controlled verification,UNASSIGNED,CONTROLLED_POST_P0_MILESTONE,NOT_REQUIRED,NONE,,[],"[""REQ-GOVETH-005""]",[],"[""DATA-002"",""FND-001""]","[""GOV-001"",""IAM-001""]",
GOVETH-006,P0,NOT_STARTED,00-governance/009_data_ethics_and_truthfulness.md,135,15. Version 1.1 photorealism and interaction ethics,"Interaction smoothness or photorealism shall not suppress source, uncertainty, generation, dispute, redaction, or authority labels.",UX truthfulness test,UNASSIGNED,FIRST_PRODUCTION_BLOCKING,NOT_REQUIRED,NONE,,[],"[""REQ-GOVETH-006""]",[],"[""DATA-002"",""FND-001""]","[""GOV-001"",""IAM-001""]",
GOVETH-007,P0,NOT_STARTED,00-governance/009_data_ethics_and_truthfulness.md,136,15. Version 1.1 photorealism and interaction ethics,"An interaction proxy shall not be cited as evidence for a construction condition, person's identity, object history, or remembered event.",Assertion policy test,UNASSIGNED,FIRST_PRODUCTION_BLOCKING,NOT_REQUIRED,NONE,,[],"[""REQ-GOVETH-007""]",[],"[""DATA-002"",""FND-001""]","[""GOV-001"",""IAM-001""]",
GOVETH-008,P1,NOT_STARTED,00-governance/009_data_ethics_and_truthfulness.md,137,15. Version 1.1 photorealism and interaction ethics,The experience shall expose unknown/occluded/uncertain regions instead of silently completing them for navigability or beauty.,Scenario test,UNASSIGNED,CONTROLLED_POST_P0_MILESTONE,NOT_REQUIRED,NONE,,[],"[""REQ-GOVETH-008""]",[],"[""DATA-002"",""FND-001""]","[""GOV-001"",""IAM-001""]",
GOVETH-009,P1,NOT_STARTED,00-governance/009_data_ethics_and_truthfulness.md,138,15. Version 1.1 photorealism and interaction ethics,A user shall be able to reach source/evidence and limitations views from a photoreal or immersive scene without privileged tools.,Accessibility/UX test,UNASSIGNED,CONTROLLED_POST_P0_MILESTONE,NOT_REQUIRED,NONE,,[],"[""REQ-GOVETH-009""]",[],"[""DATA-002"",""FND-001""]","[""GOV-001"",""IAM-001""]",
ARCCTX-001,P0,NOT_STARTED,20-architecture/200_system_context.md,36,4. Normative requirements,The context model shall identify data controller/processor responsibility for each deployment profile.,Controlled verification,UNASSIGNED,FIRST_PRODUCTION_BLOCKING,NOT_REQUIRED,NONE,,[],"[""REQ-ARCCTX-001""]",[],[],"[""FND-001""]",
ARCCTX-002,P0,NOT_STARTED,20-architecture/200_system_context.md,37,4. Normative requirements,"Every inbound source shall pass schema, malware, decompression-bomb, and content-policy checks before processing.",Automated test,UNASSIGNED,FIRST_PRODUCTION_BLOCKING,NOT_REQUIRED,NONE,,[],"[""REQ-ARCCTX-002""]",[],[],"[""FND-001""]",
ARCCTX-003,P1,NOT_STARTED,20-architecture/200_system_context.md,38,4. Normative requirements,"Every outbound export shall apply permissions, consent, redaction, watermarking policy, and audit logging.",Controlled verification,UNASSIGNED,CONTROLLED_POST_P0_MILESTONE,NOT_REQUIRED,NONE,,[],"[""REQ-ARCCTX-003""]",[],[],"[""FND-001""]",
ARCCTX-004,P1,NOT_STARTED,20-architecture/200_system_context.md,39,4. Normative requirements,External service outages shall degrade bounded capabilities without corrupting canonical data.,Controlled verification,UNASSIGNED,CONTROLLED_POST_P0_MILESTONE,NOT_REQUIRED,NONE,,[],"[""REQ-ARCCTX-004""]",[],[],"[""FND-001""]",
ARCCTX-005,P1,NOT_STARTED,20-architecture/200_system_context.md,40,4. Normative requirements,Trust-boundary changes shall require threat-model review.,Controlled verification,UNASSIGNED,CONTROLLED_POST_P0_MILESTONE,NOT_REQUIRED,NONE,,[],"[""REQ-ARCCTX-005""]",[],[],"[""FND-001""]",
ARCLOG-001,P0,NOT_STARTED,20-architecture/201_logical_architecture.md,37,4. Normative requirements,A compute worker shall not receive direct database-owner credentials.,Controlled verification,UNASSIGNED,FIRST_PRODUCTION_BLOCKING,NOT_REQUIRED,NONE,,[],"[""REQ-ARCLOG-001""]",[],[],"[""FND-001""]",
ARCLOG-002,P0,NOT_STARTED,20-architecture/201_logical_architecture.md,38,4. Normative requirements,Publication of a scene revision shall be atomic with its manifest and audit event.,Automated test,UNASSIGNED,FIRST_PRODUCTION_BLOCKING,NOT_REQUIRED,NONE,,[],"[""REQ-ARCLOG-002""]",[],[],"[""FND-001""]",
ARCLOG-003,P1,NOT_STARTED,20-architecture/201_logical_architecture.md,39,4. Normative requirements,Derived indexes shall be rebuildable from canonical transactional records and object assets.,Controlled verification,UNASSIGNED,CONTROLLED_POST_P0_MILESTONE,NOT_REQUIRED,NONE,,[],"[""REQ-ARCLOG-003""]",[],[],"[""FND-001""]",
ARCLOG-004,P1,NOT_STARTED,20-architecture/201_logical_architecture.md,40,4. Normative requirements,"Services shall expose health, readiness, version, and dependency status.",Controlled verification,UNASSIGNED,CONTROLLED_POST_P0_MILESTONE,NOT_REQUIRED,NONE,,[],"[""REQ-ARCLOG-004""]",[],[],"[""FND-001""]",
ARCLOG-005,P1,NOT_STARTED,20-architecture/201_logical_architecture.md,41,4. Normative requirements,The architecture shall support replacing a model or storage vendor without changing stable domain identifiers.,Controlled verification,UNASSIGNED,CONTROLLED_POST_P0_MILESTONE,NOT_REQUIRED,NONE,,[],"[""REQ-ARCLOG-005""]",[],[],"[""FND-001""]",
ARCDEP-001,P0,NOT_STARTED,20-architecture/202_deployment_architecture.md,36,4. Normative requirements,Each profile shall declare which features require cloud connectivity and what happens when unavailable.,Controlled verification,UNASSIGNED,FIRST_PRODUCTION_BLOCKING,NOT_REQUIRED,NONE,,[],"[""REQ-ARCDEP-001""]",[],"[""FND-001"",""FND-002"",""OPS-001""]","[""FND-002"",""OPS-003""]",
ARCDEP-002,P0,IN_PROGRESS,20-architecture/202_deployment_architecture.md,37,4. Normative requirements,"Deployment manifests shall pin service images, infrastructure versions, secrets references, network policies, and resource limits.",Controlled verification,SIP Engineering,FIRST_PRODUCTION_BLOCKING,NOT_REQUIRED,NONE,,"[""infrastructure/compose/docker-compose.yml"",""infrastructure/kubernetes/base"",""infrastructure/terraform"",""tools/validate_infrastructure.py""]","[""tests/contract/test_infrastructure.py::test_infrastructure_structural_policy_gate"",""tests/contract/test_infrastructure.py::test_release_gate_fails_closed_before_images_and_outputs_exist"",""tests/contract/test_observability_infrastructure.py::test_observability_profile_is_hardened_and_digest_pinned""]","[""build/reports/infrastructure-static-validation.json"",""build/reports/test-matrix.json"",""build/reports/tests/contract.xml""]","[""FND-001"",""FND-002"",""OPS-001""]","[""FND-002"",""OPS-003""]","A controlled implementation/test boundary exists, but the normative requirement is broader than the retained evidence and remains in progress."
ARCDEP-003,P1,NOT_STARTED,20-architecture/202_deployment_architecture.md,38,4. Normative requirements,Data residency policy shall be enforceable before asset upload or worker scheduling.,Controlled verification,UNASSIGNED,CONTROLLED_POST_P0_MILESTONE,NOT_REQUIRED,NONE,,[],"[""REQ-ARCDEP-003""]",[],"[""FND-001"",""FND-002"",""OPS-001""]","[""FND-002"",""OPS-003""]",
ARCDEP-004,P1,NOT_STARTED,20-architecture/202_deployment_architecture.md,39,4. Normative requirements,Local upgrades shall be reversible and preserve compatible export paths.,Controlled verification,UNASSIGNED,CONTROLLED_POST_P0_MILESTONE,NOT_REQUIRED,NONE,,[],"[""REQ-ARCDEP-004""]",[],"[""FND-001"",""FND-002"",""OPS-001""]","[""FND-002"",""OPS-003""]",
ARCDEP-005,P1,NOT_STARTED,20-architecture/202_deployment_architecture.md,40,4. Normative requirements,Cloud autoscaling shall enforce tenant quotas and global budget limits.,Controlled verification,UNASSIGNED,CONTROLLED_POST_P0_MILESTONE,NOT_REQUIRED,NONE,,[],"[""REQ-ARCDEP-005""]",[],"[""FND-001"",""FND-002"",""OPS-001""]","[""FND-002"",""OPS-003""]",
ARCREPO-001,P0,NOT_STARTED,20-architecture/203_repository_architecture.md,36,4. Normative requirements,"The repository shall separate apps, services, workers, packages, schemas, infrastructure, tests, fixtures, benchmarks, and third-party notices.",Automated test,UNASSIGNED,FIRST_PRODUCTION_BLOCKING,NOT_REQUIRED,NONE,,[],"[""REQ-ARCREPO-001""]",[],[],"[""FND-001""]",
ARCREPO-002,P0,NOT_STARTED,20-architecture/203_repository_architecture.md,37,4. Normative requirements,Generated code shall be reproducible and CI shall reject uncommitted generated diffs.,Automated test,UNASSIGNED,FIRST_PRODUCTION_BLOCKING,NOT_REQUIRED,NONE,,[],"[""REQ-ARCREPO-002""]",[],[],"[""FND-001""]",
ARCREPO-003,P1,NOT_STARTED,20-architecture/203_repository_architecture.md,38,4. Normative requirements,Third-party source and patches shall record exact upstream revision and license files.,Controlled verification,UNASSIGNED,CONTROLLED_POST_P0_MILESTONE,NOT_REQUIRED,NONE,,[],"[""REQ-ARCREPO-003""]",[],[],"[""FND-001""]",
ARCREPO-004,P1,NOT_STARTED,20-architecture/203_repository_architecture.md,39,4. Normative requirements,"Every deployable component shall have an owner, threat surface, health contract, and release artifact.",Controlled verification,UNASSIGNED,CONTROLLED_POST_P0_MILESTONE,NOT_REQUIRED,NONE,,[],"[""REQ-ARCREPO-004""]",[],[],"[""FND-001""]",
ARCREPO-005,P1,NOT_STARTED,20-architecture/203_repository_architecture.md,40,4. Normative requirements,"Sample data shall contain no real customer, family, biometric, or sensitive-building information.",Controlled verification,UNASSIGNED,CONTROLLED_POST_P0_MILESTONE,NOT_REQUIRED,NONE,,[],"[""REQ-ARCREPO-005""]",[],[],"[""FND-001""]",
ARCSVC-001,P0,VERIFIED,20-architecture/204_service_catalog.md,36,4. Normative requirements,"The catalog shall list service owner, repository path, data stores, inbound/outbound APIs, events, secrets, SLO, and recovery strategy.",Automated test,SIP Engineering,FIRST_PRODUCTION_BLOCKING,NOT_REQUIRED,NONE,,"[""governance/service-catalog.json"",""tools/generate_service_catalog.py"",""services"",""workers""]","[""tests/contract/test_governance_registers.py::test_service_catalog_is_complete_generated_and_owns_recovery_behavior""]","[""build/reports/governance-check.json"",""build/reports/test-matrix.json"",""build/reports/tests/contract.xml"",""governance/service-catalog.json""]","[""DATA-001"",""DATA-002"",""IAM-001""]","[""FND-001"",""PLT-001""]","Verified in the deterministic local reference profile by the exact linked automated test(s) and retained evidence; no external hardware, cloud, GPU, legal, or customer-pilot result is inferred."
ARCSVC-002,P0,IN_PROGRESS,20-architecture/204_service_catalog.md,37,4. Normative requirements,A service shall not write tables owned by another service except through an approved shared-kernel exception.,Controlled verification,SIP Engineering,FIRST_PRODUCTION_BLOCKING,NOT_REQUIRED,NONE,,"[""governance/service-catalog.json"",""tools/generate_service_catalog.py"",""services"",""workers""]","[""tests/contract/test_governance_registers.py::test_table_ownership_conflicts_are_only_explicit_shared_kernel_exceptions""]","[""build/reports/governance-check.json"",""build/reports/test-matrix.json"",""build/reports/tests/contract.xml"",""governance/service-catalog.json""]","[""DATA-001"",""DATA-002"",""IAM-001""]","[""FND-001"",""PLT-001""]","A controlled implementation/test boundary exists, but the normative requirement is broader than the retained evidence and remains in progress."
ARCSVC-003,P1,VERIFIED,20-architecture/204_service_catalog.md,38,4. Normative requirements,Worker callbacks shall be idempotent and authenticated as workload identities.,Automated test,SIP Engineering,CONTROLLED_POST_P0_MILESTONE,NOT_REQUIRED,NONE,,"[""governance/service-catalog.json"",""tools/generate_service_catalog.py"",""services"",""workers""]","[""tests/contract/test_governance_registers.py::test_service_catalog_is_complete_generated_and_owns_recovery_behavior""]","[""build/reports/governance-check.json"",""build/reports/test-matrix.json"",""build/reports/tests/contract.xml"",""governance/service-catalog.json""]","[""DATA-001"",""DATA-002"",""IAM-001""]","[""FND-001"",""PLT-001""]","Verified in the deterministic local reference profile by the exact linked automated test(s) and retained evidence; no external hardware, cloud, GPU, legal, or customer-pilot result is inferred."
ARCSVC-004,P1,VERIFIED,20-architecture/204_service_catalog.md,39,4. Normative requirements,Service shutdown shall drain or safely requeue in-flight work.,Controlled verification,SIP Engineering,CONTROLLED_POST_P0_MILESTONE,NOT_REQUIRED,NONE,,"[""governance/service-catalog.json"",""tools/generate_service_catalog.py"",""services"",""workers""]","[""tests/contract/test_governance_registers.py::test_service_catalog_is_complete_generated_and_owns_recovery_behavior""]","[""build/reports/governance-check.json"",""build/reports/test-matrix.json"",""build/reports/tests/contract.xml"",""governance/service-catalog.json""]","[""DATA-001"",""DATA-002"",""IAM-001""]","[""FND-001"",""PLT-001""]","Verified in the deterministic local reference profile by the exact linked automated test(s) and retained evidence; no external hardware, cloud, GPU, legal, or customer-pilot result is inferred."
ARCSVC-005,P1,VERIFIED,20-architecture/204_service_catalog.md,40,4. Normative requirements,"Critical service dependencies shall have explicit timeout, circuit-breaker, and degradation behavior.",Controlled verification,SIP Engineering,CONTROLLED_POST_P0_MILESTONE,NOT_REQUIRED,NONE,,"[""governance/service-catalog.json"",""tools/generate_service_catalog.py"",""services"",""workers""]","[""tests/contract/test_governance_registers.py::test_service_catalog_is_complete_generated_and_owns_recovery_behavior""]","[""build/reports/governance-check.json"",""build/reports/test-matrix.json"",""build/reports/tests/contract.xml"",""governance/service-catalog.json""]","[""DATA-001"",""DATA-002"",""IAM-001""]","[""FND-001"",""PLT-001""]","Verified in the deterministic local reference profile by the exact linked automated test(s) and retained evidence; no external hardware, cloud, GPU, legal, or customer-pilot result is inferred."
ARCEVT-001,P0,VERIFIED,20-architecture/205_event_driven_workflows.md,36,4. Normative requirements,"Every event shall include event ID, type, schema version, aggregate ID, tenant/project context, occurrence time, trace ID, producer, and payload hash.",Automated test,SIP Engineering,FIRST_PRODUCTION_BLOCKING,NOT_REQUIRED,NONE,,"[""src/sip/events.py"",""src/sip/operations.py"",""src/sip/database.py"",""schemas/events"",""migrations/versions/0008_complete_event_envelope.py""]","[""tests/contract/test_event_architecture.py::test_event_catalog_and_schemas_are_versioned_and_complete"",""tests/contract/test_event_architecture.py::test_transactional_outbox_emits_complete_payload_hashed_envelope""]","[""build/reports/governance-check.json"",""build/reports/test-matrix.json"",""build/reports/tests/contract.xml"",""schemas/events/event-catalog.json""]","[""DATA-001"",""DATA-002"",""IAM-001""]","[""PLT-001""]","Verified in the deterministic local reference profile by the exact linked automated test(s) and retained evidence; no external hardware, cloud, GPU, legal, or customer-pilot result is inferred."
ARCEVT-002,P0,VERIFIED,20-architecture/205_event_driven_workflows.md,37,4. Normative requirements,Outbox or equivalent atomic publication shall prevent database commit/event divergence.,Automated test,SIP Engineering,FIRST_PRODUCTION_BLOCKING,NOT_REQUIRED,NONE,,"[""src/sip/events.py"",""src/sip/operations.py"",""src/sip/database.py"",""schemas/events"",""migrations/versions/0008_complete_event_envelope.py""]","[""tests/contract/test_event_architecture.py::test_consumer_deduplicates_event_id_and_hash_and_rejects_conflict""]","[""build/reports/governance-check.json"",""build/reports/test-matrix.json"",""build/reports/tests/contract.xml"",""schemas/events/event-catalog.json""]","[""DATA-001"",""DATA-002"",""IAM-001""]","[""PLT-001""]","Verified in the deterministic local reference profile by the exact linked automated test(s) and retained evidence; no external hardware, cloud, GPU, legal, or customer-pilot result is inferred."
ARCEVT-003,P1,VERIFIED,20-architecture/205_event_driven_workflows.md,38,4. Normative requirements,"Retries shall distinguish transient, capacity, policy, invalid-input, and deterministic-algorithm failures.",Controlled verification,SIP Engineering,CONTROLLED_POST_P0_MILESTONE,NOT_REQUIRED,NONE,,"[""src/sip/events.py"",""src/sip/operations.py"",""src/sip/database.py"",""schemas/events"",""migrations/versions/0008_complete_event_envelope.py""]","[""tests/contract/test_event_architecture.py::test_transactional_outbox_emits_complete_payload_hashed_envelope""]","[""build/reports/governance-check.json"",""build/reports/test-matrix.json"",""build/reports/tests/contract.xml"",""schemas/events/event-catalog.json""]","[""DATA-001"",""DATA-002"",""IAM-001""]","[""PLT-001""]","Verified in the deterministic local reference profile by the exact linked automated test(s) and retained evidence; no external hardware, cloud, GPU, legal, or customer-pilot result is inferred."
ARCEVT-004,P1,VERIFIED,20-architecture/205_event_driven_workflows.md,39,4. Normative requirements,Workflow state shall survive process restart and orchestrator failover.,Controlled verification,SIP Engineering,CONTROLLED_POST_P0_MILESTONE,NOT_REQUIRED,NONE,,"[""src/sip/events.py"",""src/sip/operations.py"",""src/sip/database.py"",""schemas/events"",""migrations/versions/0008_complete_event_envelope.py""]","[""tests/contract/test_event_architecture.py::test_unregistered_producer_and_sensitive_payload_fail_before_outbox_write""]","[""build/reports/governance-check.json"",""build/reports/test-matrix.json"",""build/reports/tests/contract.xml"",""schemas/events/event-catalog.json""]","[""DATA-001"",""DATA-002"",""IAM-001""]","[""PLT-001""]","Verified in the deterministic local reference profile by the exact linked automated test(s) and retained evidence; no external hardware, cloud, GPU, legal, or customer-pilot result is inferred."
ARCEVT-005,P1,VERIFIED,20-architecture/205_event_driven_workflows.md,40,4. Normative requirements,Dead-letter items shall expose remediation and safe replay controls.,Controlled verification,SIP Engineering,CONTROLLED_POST_P0_MILESTONE,NOT_REQUIRED,NONE,,"[""src/sip/events.py"",""src/sip/operations.py"",""src/sip/database.py"",""schemas/events"",""migrations/versions/0008_complete_event_envelope.py""]","[""tests/contract/test_event_architecture.py::test_retry_and_dead_letter_policy_is_bounded_and_requires_remediation""]","[""build/reports/governance-check.json"",""build/reports/test-matrix.json"",""build/reports/tests/contract.xml"",""schemas/events/event-catalog.json""]","[""DATA-001"",""DATA-002"",""IAM-001""]","[""PLT-001""]","Verified in the deterministic local reference profile by the exact linked automated test(s) and retained evidence; no external hardware, cloud, GPU, legal, or customer-pilot result is inferred."
ARCIAM-001,P0,VERIFIED,20-architecture/206_identity_tenancy_permissions.md,36,4. Normative requirements,"Every request shall be authorized using authenticated principal, tenant, project, action, resource classification, purpose, and relevant consent.",Controlled verification,SIP Engineering,FIRST_PRODUCTION_BLOCKING,NOT_REQUIRED,NONE,,"[""src/sip/auth.py"",""src/sip/policy.py"",""src/sip/api.py"",""src/sip/tenancy.py""]","[""tests/contract/test_api_contract.py::test_cross_tenant_api_scope_is_denied_without_disclosure"",""tests/contract/test_governed_hybrid_api.py::test_hybrid_api_rejects_body_scope_mismatch_before_admission"",""tests/contract/test_spatial_truth_api.py::test_assertion_reads_require_project_authorization_even_without_linked_evidence"",""tests/contract/test_spatial_truth_api.py::test_derivation_api_idempotency_is_tenant_scoped"",""tests/contract/test_spatial_truth_api.py::test_evidence_and_assertion_reads_enforce_server_side_audience_purpose_and_scope"",""tests/unit/test_assets_policy.py::test_arciam_001_server_side_tenant_project_purpose_and_sensitive_policy""]","[""build/reports/test-matrix.json"",""build/reports/tests/contract.xml"",""build/reports/tests/unit.xml""]","[""DATA-002""]","[""IAM-001""]","Verified in the deterministic local reference profile by the exact linked automated test(s) and retained evidence; no external hardware, cloud, GPU, legal, or customer-pilot result is inferred."
ARCIAM-002,P0,NOT_STARTED,20-architecture/206_identity_tenancy_permissions.md,37,4. Normative requirements,Service identities shall use short-lived credentials and cannot impersonate users without explicit delegated context.,Controlled verification,UNASSIGNED,FIRST_PRODUCTION_BLOCKING,NOT_REQUIRED,NONE,,[],"[""REQ-ARCIAM-002""]",[],"[""DATA-002""]","[""IAM-001""]",
ARCIAM-003,P1,NOT_STARTED,20-architecture/206_identity_tenancy_permissions.md,38,4. Normative requirements,"Tenant isolation tests shall cover database, object storage, queues, caches, search, logs, and GPU scratch.",Controlled verification,UNASSIGNED,CONTROLLED_POST_P0_MILESTONE,NOT_REQUIRED,NONE,,[],"[""REQ-ARCIAM-003""]",[],"[""DATA-002""]","[""IAM-001""]",
ARCIAM-004,P1,NOT_STARTED,20-architecture/206_identity_tenancy_permissions.md,39,4. Normative requirements,"Share links shall have scope, expiry, revocation, watermark policy, and access logs.",Controlled verification,UNASSIGNED,CONTROLLED_POST_P0_MILESTONE,NOT_REQUIRED,NONE,,[],"[""REQ-ARCIAM-004""]",[],"[""DATA-002""]","[""IAM-001""]",
ARCIAM-005,P1,NOT_STARTED,20-architecture/206_identity_tenancy_permissions.md,40,4. Normative requirements,Permission changes shall invalidate cached access decisions within a bounded interval.,Automated test,UNASSIGNED,CONTROLLED_POST_P0_MILESTONE,NOT_REQUIRED,NONE,,[],"[""REQ-ARCIAM-005""]",[],"[""DATA-002""]","[""IAM-001""]",
ARCSYNC-001,P0,NOT_STARTED,20-architecture/207_offline_first_sync.md,36,4. Normative requirements,The mobile app shall survive termination after every finalized frame/segment boundary without losing accepted data.,Controlled verification,UNASSIGNED,FIRST_PRODUCTION_BLOCKING,NOT_REQUIRED,NONE,,[],"[""REQ-ARCSYNC-001""]",[],"[""CAP-003"",""DATA-001"",""DATA-002"",""IAM-001""]","[""CAP-006"",""PLT-001""]",
ARCSYNC-002,P0,VERIFIED,20-architecture/207_offline_first_sync.md,37,4. Normative requirements,Upload shall resume without retransmitting verified chunks.,Controlled verification,SIP Engineering,FIRST_PRODUCTION_BLOCKING,NOT_REQUIRED,NONE,,"[""src/sip/assets.py"",""src/sip/api.py"",""src/sip/database.py""]","[""tests/unit/test_assets_policy.py::test_multipart_upload_records_verified_chunks_resumes_and_blocks_unverified_publication""]","[""build/reports/test-matrix.json"",""build/reports/tests/unit.xml""]","[""CAP-003"",""DATA-001"",""DATA-002"",""IAM-001""]","[""CAP-006"",""PLT-001""]","Verified in the deterministic local reference profile by the exact linked automated test(s) and retained evidence; no external hardware, cloud, GPU, legal, or customer-pilot result is inferred."
ARCSYNC-003,P1,NOT_STARTED,20-architecture/207_offline_first_sync.md,38,4. Normative requirements,The server shall deduplicate identical assets without exposing cross-tenant existence information.,Controlled verification,UNASSIGNED,CONTROLLED_POST_P0_MILESTONE,NOT_REQUIRED,NONE,,[],"[""REQ-ARCSYNC-003""]",[],"[""CAP-003"",""DATA-001"",""DATA-002"",""IAM-001""]","[""CAP-006"",""PLT-001""]",
ARCSYNC-004,P1,NOT_STARTED,20-architecture/207_offline_first_sync.md,39,4. Normative requirements,A device shall verify server receipt and root-manifest integrity before offering local purge.,Controlled verification,UNASSIGNED,CONTROLLED_POST_P0_MILESTONE,NOT_REQUIRED,NONE,,[],"[""REQ-ARCSYNC-004""]",[],"[""CAP-003"",""DATA-001"",""DATA-002"",""IAM-001""]","[""CAP-006"",""PLT-001""]",
ARCSYNC-005,P1,NOT_STARTED,20-architecture/207_offline_first_sync.md,40,4. Normative requirements,Clock drift and time-zone ambiguity shall be recorded rather than silently normalized.,Controlled verification,UNASSIGNED,CONTROLLED_POST_P0_MILESTONE,NOT_REQUIRED,NONE,,[],"[""REQ-ARCSYNC-005""]",[],"[""CAP-003"",""DATA-001"",""DATA-002"",""IAM-001""]","[""CAP-006"",""PLT-001""]",
ARCOBS-001,P0,VERIFIED,20-architecture/208_observability.md,36,4. Normative requirements,"Logs shall be structured and include release, service, tenant-safe context, trace, operation, outcome, and stable error code.",Controlled verification,SIP Engineering,FIRST_PRODUCTION_BLOCKING,NOT_REQUIRED,NONE,,"[""src/sip/observability.py"",""src/sip/api.py"",""src/sip/operations.py"",""infrastructure/observability""]","[""tests/contract/test_observability.py::test_error_responses_include_safe_correlation_and_retryability"",""tests/contract/test_observability.py::test_log_redaction_removes_credentials_and_large_binary_payloads"",""tests/contract/test_observability.py::test_metrics_use_route_templates_and_security_headers"",""tests/contract/test_observability.py::test_structured_logs_include_required_safe_context_without_raw_identifiers"",""tests/contract/test_observability_infrastructure.py::test_local_collector_is_non_exporting_and_privacy_filtered"",""tests/contract/test_observability_infrastructure.py::test_observability_profile_is_hardened_and_digest_pinned""]","[""build/reports/infrastructure-static-validation.json"",""build/reports/test-matrix.json"",""build/reports/tests/contract.xml""]","[""PLT-001"",""REC-001""]","[""OPS-002""]","Verified in the deterministic local reference profile by the exact linked automated test(s) and retained evidence; no external hardware, cloud, GPU, legal, or customer-pilot result is inferred."
ARCOBS-002,P0,VERIFIED,20-architecture/208_observability.md,37,4. Normative requirements,Metrics shall identify model/checkpoint and capture profile without leaking personal or facility-identifying values.,Controlled verification,SIP Engineering,FIRST_PRODUCTION_BLOCKING,NOT_REQUIRED,NONE,,"[""src/sip/observability.py"",""src/sip/api.py"",""src/sip/operations.py"",""infrastructure/observability""]","[""tests/contract/test_observability.py::test_invalid_request_id_and_content_length_are_bounded"",""tests/contract/test_observability.py::test_metrics_use_route_templates_and_security_headers"",""tests/contract/test_observability.py::test_operation_depth_inflight_and_retry_metrics_are_governed"",""tests/contract/test_observability.py::test_worker_and_quality_metrics_use_only_governed_low_cardinality_labels"",""tests/contract/test_observability_infrastructure.py::test_kubernetes_workers_are_scrapeable_only_through_observability_policy"",""tests/contract/test_observability_infrastructure.py::test_prometheus_scrapes_every_api_and_isolated_worker"",""tests/contract/test_observability_infrastructure.py::test_workers_publish_metrics_without_broadening_compute_permissions""]","[""build/reports/infrastructure-static-validation.json"",""build/reports/test-matrix.json"",""build/reports/tests/contract.xml""]","[""PLT-001"",""REC-001""]","[""OPS-002""]","Verified in the deterministic local reference profile by the exact linked automated test(s) and retained evidence; no external hardware, cloud, GPU, legal, or customer-pilot result is inferred."
ARCOBS-003,P1,VERIFIED,20-architecture/208_observability.md,38,4. Normative requirements,"Distributed traces shall connect ingest, orchestration, worker, storage, validation, and publication.",Controlled verification,SIP Engineering,CONTROLLED_POST_P0_MILESTONE,NOT_REQUIRED,NONE,,"[""src/sip/observability.py"",""src/sip/api.py"",""src/sip/operations.py"",""infrastructure/observability""]","[""tests/contract/test_worker_protocol.py::test_invalid_trace_context_is_rejected_before_operation_persistence"",""tests/contract/test_worker_protocol.py::test_trace_context_is_durable_and_cryptographically_bound_to_worker_lease""]","[""build/reports/infrastructure-static-validation.json"",""build/reports/test-matrix.json"",""build/reports/tests/contract.xml""]","[""PLT-001"",""REC-001""]","[""OPS-002""]","Verified in the deterministic local reference profile by the exact linked automated test(s) and retained evidence; no external hardware, cloud, GPU, legal, or customer-pilot result is inferred."
ARCOBS-004,P1,VERIFIED,20-architecture/208_observability.md,39,4. Normative requirements,"Quality dashboards shall show drift, coverage, residuals, confidence distribution, failed regions, and comparison to prior versions.",Controlled verification,SIP Engineering,CONTROLLED_POST_P0_MILESTONE,NOT_REQUIRED,NONE,,"[""src/sip/observability.py"",""src/sip/api.py"",""src/sip/operations.py"",""infrastructure/observability""]","[""tests/contract/test_observability.py::test_worker_and_quality_metrics_use_only_governed_low_cardinality_labels"",""tests/contract/test_observability_infrastructure.py::test_quality_dashboard_and_alerts_cover_required_operational_signals""]","[""build/reports/infrastructure-static-validation.json"",""build/reports/test-matrix.json"",""build/reports/tests/contract.xml""]","[""PLT-001"",""REC-001""]","[""OPS-002""]","Verified in the deterministic local reference profile by the exact linked automated test(s) and retained evidence; no external hardware, cloud, GPU, legal, or customer-pilot result is inferred."
ARCOBS-005,P1,NOT_STARTED,20-architecture/208_observability.md,40,4. Normative requirements,Audit events shall be append-only and protected from ordinary support modification.,Automated test,UNASSIGNED,CONTROLLED_POST_P0_MILESTONE,NOT_REQUIRED,NONE,,[],"[""REQ-ARCOBS-005""]",[],"[""PLT-001"",""REC-001""]","[""OPS-002""]",
ARCRES-001,P0,NOT_STARTED,20-architecture/209_failure_domains_and_resilience.md,36,4. Normative requirements,"Each component shall declare blast radius, retry safety, recovery point, recovery time, and degraded behavior.",Controlled verification,UNASSIGNED,FIRST_PRODUCTION_BLOCKING,NOT_REQUIRED,NONE,,[],"[""REQ-ARCRES-001""]",[],"[""OPS-001"",""OPS-003"",""PLT-001"",""REC-001""]","[""OPS-002"",""OPS-004""]",
ARCRES-002,P0,NOT_STARTED,20-architecture/209_failure_domains_and_resilience.md,37,4. Normative requirements,Worker resource exhaustion shall terminate the job without terminating shared control-plane services.,Controlled verification,UNASSIGNED,FIRST_PRODUCTION_BLOCKING,NOT_REQUIRED,NONE,,[],"[""REQ-ARCRES-002""]",[],"[""OPS-001"",""OPS-003"",""PLT-001"",""REC-001""]","[""OPS-002"",""OPS-004""]",
ARCRES-003,P1,NOT_STARTED,20-architecture/209_failure_domains_and_resilience.md,38,4. Normative requirements,Object-store write success shall be followed by hash verification before database publication.,Automated test,UNASSIGNED,CONTROLLED_POST_P0_MILESTONE,NOT_REQUIRED,NONE,,[],"[""REQ-ARCRES-003""]",[],"[""OPS-001"",""OPS-003"",""PLT-001"",""REC-001""]","[""OPS-002"",""OPS-004""]",
ARCRES-004,P1,NOT_STARTED,20-architecture/209_failure_domains_and_resilience.md,39,4. Normative requirements,Index outage shall fall back to bounded metadata navigation rather than returning unauthorized or stale results.,Controlled verification,UNASSIGNED,CONTROLLED_POST_P0_MILESTONE,NOT_REQUIRED,NONE,,[],"[""REQ-ARCRES-004""]",[],"[""OPS-001"",""OPS-003"",""PLT-001"",""REC-001""]","[""OPS-002"",""OPS-004""]",
ARCRES-005,P1,NOT_STARTED,20-architecture/209_failure_domains_and_resilience.md,40,4. Normative requirements,Provider-region failure shall not trigger unapproved cross-region data movement.,Controlled verification,UNASSIGNED,CONTROLLED_POST_P0_MILESTONE,NOT_REQUIRED,NONE,,[],"[""REQ-ARCRES-005""]",[],"[""OPS-001"",""OPS-003"",""PLT-001"",""REC-001""]","[""OPS-002"",""OPS-004""]",
ARCADR-001,P0,VERIFIED,20-architecture/210_architecture_decisions.md,36,4. Normative requirements,"An ADR shall link to requirements, risks, benchmarks, and source evidence.",Controlled verification,SIP Engineering,FIRST_PRODUCTION_BLOCKING,NOT_REQUIRED,NONE,,"[""docs/adr"",""docs/adr/index.json"",""governance/risk-register.json""]","[""tests/contract/test_governance_registers.py::test_adr_index_links_requirements_risks_benchmarks_source_and_exit_strategy""]","[""build/reports/governance-check.json"",""build/reports/test-matrix.json"",""build/reports/tests/contract.xml"",""docs/adr/index.json""]",[],"[""FND-001""]","Verified in the deterministic local reference profile by the exact linked automated test(s) and retained evidence; no external hardware, cloud, GPU, legal, or customer-pilot result is inferred."
ARCADR-002,P0,VERIFIED,20-architecture/210_architecture_decisions.md,37,4. Normative requirements,A vendor choice shall include an exit and export strategy.,Controlled verification,SIP Engineering,FIRST_PRODUCTION_BLOCKING,NOT_REQUIRED,NONE,,"[""docs/adr"",""docs/adr/index.json"",""governance/risk-register.json""]","[""tests/contract/test_governance_registers.py::test_adr_index_links_requirements_risks_benchmarks_source_and_exit_strategy""]","[""build/reports/governance-check.json"",""build/reports/test-matrix.json"",""build/reports/tests/contract.xml"",""docs/adr/index.json""]",[],"[""FND-001""]","Verified in the deterministic local reference profile by the exact linked automated test(s) and retained evidence; no external hardware, cloud, GPU, legal, or customer-pilot result is inferred."
ARCADR-003,P1,VERIFIED,20-architecture/210_architecture_decisions.md,38,4. Normative requirements,"A model ADR shall include license, checkpoint, hardware, benchmark, operating envelope, and fallback.",Controlled verification,SIP Engineering,CONTROLLED_POST_P0_MILESTONE,NOT_REQUIRED,NONE,,"[""docs/adr"",""docs/adr/index.json"",""governance/risk-register.json""]","[""tests/contract/test_governance_registers.py::test_adr_index_links_requirements_risks_benchmarks_source_and_exit_strategy""]","[""build/reports/governance-check.json"",""build/reports/test-matrix.json"",""build/reports/tests/contract.xml"",""docs/adr/index.json""]",[],"[""FND-001""]","Verified in the deterministic local reference profile by the exact linked automated test(s) and retained evidence; no external hardware, cloud, GPU, legal, or customer-pilot result is inferred."
ARCADR-004,P1,NOT_STARTED,20-architecture/210_architecture_decisions.md,39,4. Normative requirements,Security and privacy reviewers shall approve decisions that expand data use or trust boundaries.,Controlled verification,UNASSIGNED,CONTROLLED_POST_P0_MILESTONE,NOT_REQUIRED,NONE,,[],"[""REQ-ARCADR-004""]",[],[],"[""FND-001""]",
ARCADR-005,P1,VERIFIED,20-architecture/210_architecture_decisions.md,40,4. Normative requirements,CI shall validate ADR identifiers and links referenced by schemas or code ownership files.,Automated test,SIP Engineering,CONTROLLED_POST_P0_MILESTONE,NOT_REQUIRED,NONE,,"[""docs/adr"",""docs/adr/index.json"",""governance/risk-register.json""]","[""tests/contract/test_governance_registers.py::test_adr_index_links_requirements_risks_benchmarks_source_and_exit_strategy""]","[""build/reports/governance-check.json"",""build/reports/test-matrix.json"",""build/reports/tests/contract.xml"",""docs/adr/index.json""]",[],"[""FND-001""]","Verified in the deterministic local reference profile by the exact linked automated test(s) and retained evidence; no external hardware, cloud, GPU, legal, or customer-pilot result is inferred."
ARCHHYB-001,P0,IMPLEMENTED_UNVERIFIED,20-architecture/211_hybrid_representation_services.md,162,9. Normative requirements,"SIP shall implement hybrid representation through isolated control, provider, quarantine, validation, publication, and runtime boundaries.",Architecture and deployment test,SIP Engineering,FIRST_PRODUCTION_BLOCKING,NOT_REQUIRED,NONE,,"[""src/sip/hybrid.py"",""src/sip/representations.py"",""src/sip/operations.py"",""src/sip/api.py"",""src/sip/database.py"",""services/provider-registry"",""services/representation-api"",""migrations/versions/0011_governed_hybrid_representation.py""]","[""tests/contract/test_governed_hybrid_api.py::test_hybrid_service_manifests_isolate_provider_control_publication_and_runtime_boundaries""]","[""build/reports/test-matrix.json"",""build/reports/tests/contract.xml"",""build/reports/tests/integration.xml"",""schemas/events/event-catalog.json""]","[""DATA-001"",""DATA-002"",""GOV-001"",""GOV-002"",""PLT-001"",""PLT-002"",""REC-005"",""REC-007"",""REC-008"",""REC-009"",""SCN-001""]","[""DATA-003"",""REC-008"",""PLT-004"",""GOV-002""]","Implementation and automated checks exist, but production-environment or full-scope evidence is incomplete; this requirement is intentionally not marked verified."
ARCHHYB-002,P0,IMPLEMENTED_UNVERIFIED,20-architecture/211_hybrid_representation_services.md,163,9. Normative requirements,"Only the representation publisher shall attach an accepted derivative to a scene commit, and publication shall be atomic.",Authorization and transaction test,SIP Engineering,FIRST_PRODUCTION_BLOCKING,NOT_REQUIRED,NONE,,"[""src/sip/hybrid.py"",""src/sip/representations.py"",""src/sip/operations.py"",""src/sip/api.py"",""src/sip/database.py"",""services/provider-registry"",""services/representation-api"",""migrations/versions/0011_governed_hybrid_representation.py""]","[""tests/contract/test_governed_hybrid_api.py::test_hybrid_service_manifests_isolate_provider_control_publication_and_runtime_boundaries"",""tests/integration/test_governed_hybrid.py::test_quarantine_independent_validation_atomic_publication_and_view_reauthorization""]","[""build/reports/test-matrix.json"",""build/reports/tests/contract.xml"",""build/reports/tests/integration.xml"",""schemas/events/event-catalog.json""]","[""DATA-001"",""DATA-002"",""GOV-001"",""GOV-002"",""PLT-001"",""PLT-002"",""REC-005"",""REC-007"",""REC-008"",""REC-009"",""SCN-001""]","[""DATA-003"",""REC-008"",""PLT-004"",""GOV-002""]","Implementation and automated checks exist, but production-environment or full-scope evidence is incomplete; this requirement is intentionally not marked verified."
ARCHHYB-003,P0,IMPLEMENTED_UNVERIFIED,20-architecture/211_hybrid_representation_services.md,164,9. Normative requirements,"Provider workers shall have no permission to modify source evidence, assertions, consent, authority labels, or accepted scene revisions.",Least-privilege test,SIP Engineering,FIRST_PRODUCTION_BLOCKING,NOT_REQUIRED,NONE,,"[""src/sip/hybrid.py"",""src/sip/representations.py"",""src/sip/operations.py"",""src/sip/api.py"",""src/sip/database.py"",""services/provider-registry"",""services/representation-api"",""migrations/versions/0011_governed_hybrid_representation.py""]","[""tests/contract/test_governed_hybrid_api.py::test_governed_hybrid_api_admits_quarantines_validates_publishes_and_issues_binding_only_view"",""tests/integration/test_governed_hybrid.py::test_conversion_admission_worker_scope_progress_idempotency_and_cancel""]","[""build/reports/test-matrix.json"",""build/reports/tests/contract.xml"",""build/reports/tests/integration.xml"",""schemas/events/event-catalog.json""]","[""DATA-001"",""DATA-002"",""GOV-001"",""GOV-002"",""PLT-001"",""PLT-002"",""REC-005"",""REC-007"",""REC-008"",""REC-009"",""SCN-001""]","[""DATA-003"",""REC-008"",""PLT-004"",""GOV-002""]","Implementation and automated checks exist, but production-environment or full-scope evidence is incomplete; this requirement is intentionally not marked verified."
ARCHHYB-004,P0,IMPLEMENTED_UNVERIFIED,20-architecture/211_hybrid_representation_services.md,165,9. Normative requirements,"Unknown, expired, or incompatible provider policy shall fail closed before source asset access.",Negative policy test,SIP Engineering,FIRST_PRODUCTION_BLOCKING,NOT_REQUIRED,NONE,,"[""src/sip/hybrid.py"",""src/sip/representations.py"",""src/sip/operations.py"",""src/sip/api.py"",""src/sip/database.py"",""services/provider-registry"",""services/representation-api"",""migrations/versions/0011_governed_hybrid_representation.py""]","[""tests/integration/test_governed_hybrid.py::test_provider_admission_denials_fail_closed_and_retain_safe_evidence"",""tests/integration/test_governed_hybrid.py::test_provider_descriptor_revision_promotion_and_tamper_fail_closed""]","[""build/reports/test-matrix.json"",""build/reports/tests/contract.xml"",""build/reports/tests/integration.xml"",""schemas/events/event-catalog.json""]","[""DATA-001"",""DATA-002"",""GOV-001"",""GOV-002"",""PLT-001"",""PLT-002"",""REC-005"",""REC-007"",""REC-008"",""REC-009"",""SCN-001""]","[""DATA-003"",""REC-008"",""PLT-004"",""GOV-002""]","Implementation and automated checks exist, but production-environment or full-scope evidence is incomplete; this requirement is intentionally not marked verified."
ARCHHYB-005,P0,IMPLEMENTED_UNVERIFIED,20-architecture/211_hybrid_representation_services.md,166,9. Normative requirements,Generated outputs shall enter a quarantine store and shall not be served to customer runtimes before validation.,Security integration test,SIP Engineering,FIRST_PRODUCTION_BLOCKING,NOT_REQUIRED,NONE,,"[""src/sip/hybrid.py"",""src/sip/representations.py"",""src/sip/operations.py"",""src/sip/api.py"",""src/sip/database.py"",""services/provider-registry"",""services/representation-api"",""migrations/versions/0011_governed_hybrid_representation.py""]","[""tests/integration/test_governed_hybrid.py::test_candidate_role_size_validation_and_profile_integrity_fail_closed"",""tests/integration/test_governed_hybrid.py::test_quarantine_independent_validation_atomic_publication_and_view_reauthorization""]","[""build/reports/test-matrix.json"",""build/reports/tests/contract.xml"",""build/reports/tests/integration.xml"",""schemas/events/event-catalog.json""]","[""DATA-001"",""DATA-002"",""GOV-001"",""GOV-002"",""PLT-001"",""PLT-002"",""REC-005"",""REC-007"",""REC-008"",""REC-009"",""SCN-001""]","[""DATA-003"",""REC-008"",""PLT-004"",""GOV-002""]","Implementation and automated checks exist, but production-environment or full-scope evidence is incomplete; this requirement is intentionally not marked verified."
ARCHHYB-006,P0,IMPLEMENTED_UNVERIFIED,20-architecture/211_hybrid_representation_services.md,167,9. Normative requirements,Sensitive construction and LiveForever data shall remain within an approved deployment and egress boundary.,Data-flow and egress test,SIP Engineering,FIRST_PRODUCTION_BLOCKING,NOT_REQUIRED,NONE,,"[""src/sip/hybrid.py"",""src/sip/representations.py"",""src/sip/operations.py"",""src/sip/api.py"",""src/sip/database.py"",""services/provider-registry"",""services/representation-api"",""migrations/versions/0011_governed_hybrid_representation.py""]","[""tests/integration/test_governed_hybrid.py::test_provider_admission_denials_fail_closed_and_retain_safe_evidence"",""tests/integration/test_governed_hybrid.py::test_spatial_classification_signals_raise_the_floor_and_block_sensitive_external_egress""]","[""build/reports/test-matrix.json"",""build/reports/tests/contract.xml"",""build/reports/tests/integration.xml"",""schemas/events/event-catalog.json""]","[""DATA-001"",""DATA-002"",""GOV-001"",""GOV-002"",""PLT-001"",""PLT-002"",""REC-005"",""REC-007"",""REC-008"",""REC-009"",""SCN-001""]","[""DATA-003"",""REC-008"",""PLT-004"",""GOV-002""]","Implementation and automated checks exist, but production-environment or full-scope evidence is incomplete; this requirement is intentionally not marked verified."
ARCHHYB-007,P0,IMPLEMENTED_UNVERIFIED,20-architecture/211_hybrid_representation_services.md,168,9. Normative requirements,A provider or compiler failure shall not mutate canonical source assets or the last accepted representation.,Fault-injection and rollback test,SIP Engineering,FIRST_PRODUCTION_BLOCKING,NOT_REQUIRED,NONE,,"[""src/sip/hybrid.py"",""src/sip/representations.py"",""src/sip/operations.py"",""src/sip/api.py"",""src/sip/database.py"",""services/provider-registry"",""services/representation-api"",""migrations/versions/0011_governed_hybrid_representation.py""]","[""tests/integration/test_governed_hybrid.py::test_provider_failure_retains_cleanup_evidence_and_preserves_published_binding""]","[""build/reports/test-matrix.json"",""build/reports/tests/contract.xml"",""build/reports/tests/integration.xml"",""schemas/events/event-catalog.json""]","[""DATA-001"",""DATA-002"",""GOV-001"",""GOV-002"",""PLT-001"",""PLT-002"",""REC-005"",""REC-007"",""REC-008"",""REC-009"",""SCN-001""]","[""DATA-003"",""REC-008"",""PLT-004"",""GOV-002""]","Implementation and automated checks exist, but production-environment or full-scope evidence is incomplete; this requirement is intentionally not marked verified."
ARCHHYB-008,P1,NOT_STARTED,20-architecture/211_hybrid_representation_services.md,169,9. Normative requirements,"The runtime shall select assets by role, branch, audience, device capability, and intended use rather than file extension.",Runtime selection test,UNASSIGNED,CONTROLLED_POST_P0_MILESTONE,NOT_REQUIRED,NONE,,[],"[""REQ-ARCHHYB-008""]",[],"[""DATA-001"",""DATA-002"",""GOV-001"",""GOV-002"",""PLT-001"",""PLT-002"",""REC-005"",""REC-007"",""REC-008"",""REC-009"",""SCN-001""]","[""DATA-003"",""REC-008"",""PLT-004"",""GOV-002""]",
ARCHHYB-009,P1,NOT_STARTED,20-architecture/211_hybrid_representation_services.md,170,9. Normative requirements,"Collision, navigation, occlusion, and display derivatives shall be independently replaceable and versioned.",Component replacement test,UNASSIGNED,CONTROLLED_POST_P0_MILESTONE,NOT_REQUIRED,NONE,,[],"[""REQ-ARCHHYB-009""]",[],"[""DATA-001"",""DATA-002"",""GOV-001"",""GOV-002"",""PLT-001"",""PLT-002"",""REC-005"",""REC-007"",""REC-008"",""REC-009"",""SCN-001""]","[""DATA-003"",""REC-008"",""PLT-004"",""GOV-002""]",
ARCHHYB-010,P1,NOT_STARTED,20-architecture/211_hybrid_representation_services.md,171,9. Normative requirements,Provider adapters shall remain outside domain schemas and shall conform to a stable provider SDK.,Adapter conformance test,UNASSIGNED,CONTROLLED_POST_P0_MILESTONE,NOT_REQUIRED,NONE,,[],"[""REQ-ARCHHYB-010""]",[],"[""DATA-001"",""DATA-002"",""GOV-001"",""GOV-002"",""PLT-001"",""PLT-002"",""REC-005"",""REC-007"",""REC-008"",""REC-009"",""SCN-001""]","[""DATA-003"",""REC-008"",""PLT-004"",""GOV-002""]",
ARCHHYB-011,P1,NOT_STARTED,20-architecture/211_hybrid_representation_services.md,172,9. Normative requirements,"Local-only, hybrid, managed-cloud, and manual-external modes shall share the same operation and provenance contracts.",Cross-profile contract test,UNASSIGNED,CONTROLLED_POST_P0_MILESTONE,NOT_REQUIRED,NONE,,[],"[""REQ-ARCHHYB-011""]",[],"[""DATA-001"",""DATA-002"",""GOV-001"",""GOV-002"",""PLT-001"",""PLT-002"",""REC-005"",""REC-007"",""REC-008"",""REC-009"",""SCN-001""]","[""DATA-003"",""REC-008"",""PLT-004"",""GOV-002""]",
ARCHHYB-012,P1,NOT_STARTED,20-architecture/211_hybrid_representation_services.md,173,9. Normative requirements,Hybrid-representation events shall avoid embedding unrestricted source geometry and shall use separately authorized asset references.,Event privacy test,UNASSIGNED,CONTROLLED_POST_P0_MILESTONE,NOT_REQUIRED,NONE,,[],"[""REQ-ARCHHYB-012""]",[],"[""DATA-001"",""DATA-002"",""GOV-001"",""GOV-002"",""PLT-001"",""PLT-002"",""REC-005"",""REC-007"",""REC-008"",""REC-009"",""SCN-001""]","[""DATA-003"",""REC-008"",""PLT-004"",""GOV-002""]",
ARCHHYB-013,P1,NOT_STARTED,20-architecture/211_hybrid_representation_services.md,174,9. Normative requirements,"The platform shall expose operational metrics for queueing, compute, validation, publication, cache behavior, and runtime performance without requiring raw-scene inspection.",Observability test,UNASSIGNED,CONTROLLED_POST_P0_MILESTONE,NOT_REQUIRED,NONE,,[],"[""REQ-ARCHHYB-013""]",[],"[""DATA-001"",""DATA-002"",""GOV-001"",""GOV-002"",""PLT-001"",""PLT-002"",""REC-005"",""REC-007"",""REC-008"",""REC-009"",""SCN-001""]","[""DATA-003"",""REC-008"",""PLT-004"",""GOV-002""]",
ARCHHYB-014,P1,NOT_STARTED,20-architecture/211_hybrid_representation_services.md,175,9. Normative requirements,"A provider replacement or deprecation shall not require migration of semantic entities, evidence, consent, or stable public APIs.",Provider substitution test,UNASSIGNED,CONTROLLED_POST_P0_MILESTONE,NOT_REQUIRED,NONE,,[],"[""REQ-ARCHHYB-014""]",[],"[""DATA-001"",""DATA-002"",""GOV-001"",""GOV-002"",""PLT-001"",""PLT-002"",""REC-005"",""REC-007"",""REC-008"",""REC-009"",""SCN-001""]","[""DATA-003"",""REC-008"",""PLT-004"",""GOV-002""]",
CAPSTRAT-001,P0,NOT_STARTED,30-capture/300_capture_strategy.md,36,4. Normative requirements,Every adapter shall output the same minimum manifest or declare unsupported fields explicitly.,Controlled verification,UNASSIGNED,FIRST_PRODUCTION_BLOCKING,NOT_REQUIRED,NONE,,[],"[""REQ-CAPSTRAT-001""]",[],"[""CAP-001"",""DATA-001"",""DATA-002"",""IAM-001""]","[""CAP-001"",""CAP-003""]",
CAPSTRAT-002,P0,NOT_STARTED,30-capture/300_capture_strategy.md,37,4. Normative requirements,The ingest service shall retain the source-native package alongside normalized data when policy permits.,Controlled verification,UNASSIGNED,FIRST_PRODUCTION_BLOCKING,NOT_REQUIRED,NONE,,[],"[""REQ-CAPSTRAT-002""]",[],"[""CAP-001"",""DATA-001"",""DATA-002"",""IAM-001""]","[""CAP-001"",""CAP-003""]",
CAPSTRAT-003,P1,IMPLEMENTED_UNVERIFIED,30-capture/300_capture_strategy.md,38,4. Normative requirements,"Capture profiles shall specify required sensors, resolution, frame rate, operator pattern, expected range, quality thresholds, and storage budget.",Controlled verification,SIP Engineering,CONTROLLED_POST_P0_MILESTONE,NOT_REQUIRED,NONE,,"[""apps/ios-capture/Sources"",""apps/ios-capture/Tests/CaptureCoreTests""]","[""apps/ios-capture/Tests/CaptureCoreTests/CaptureCoreTests.swift::swift-test-9:CAPSTRAT-003 CAPSTRAT-004 profiles cannot claim accuracy without validation evidence""]","[""build/evidence/swift-test-linux.log"",""build/reports/swift-test-report.json"",""build/reports/test-matrix.json""]","[""CAP-001"",""DATA-001"",""DATA-002"",""IAM-001""]","[""CAP-001"",""CAP-003""]","Implementation and automated checks exist, but production-environment or full-scope evidence is incomplete; this requirement is intentionally not marked verified."
CAPSTRAT-004,P1,IMPLEMENTED_UNVERIFIED,30-capture/300_capture_strategy.md,39,4. Normative requirements,The app shall not claim a profile's target accuracy until calibration and field validation demonstrate it.,Controlled verification,SIP Engineering,CONTROLLED_POST_P0_MILESTONE,NOT_REQUIRED,NONE,,"[""apps/ios-capture/Sources"",""apps/ios-capture/Tests/CaptureCoreTests""]","[""apps/ios-capture/Tests/CaptureCoreTests/CaptureCoreTests.swift::swift-test-9:CAPSTRAT-003 CAPSTRAT-004 profiles cannot claim accuracy without validation evidence""]","[""build/evidence/swift-test-linux.log"",""build/reports/swift-test-report.json"",""build/reports/test-matrix.json""]","[""CAP-001"",""DATA-001"",""DATA-002"",""IAM-001""]","[""CAP-001"",""CAP-003""]","Implementation and automated checks exist, but production-environment or full-scope evidence is incomplete; this requirement is intentionally not marked verified."
CAPSTRAT-005,P1,NOT_STARTED,30-capture/300_capture_strategy.md,40,4. Normative requirements,A source adapter shall be testable against fixed fixtures without access to the original application.,Controlled verification,UNASSIGNED,CONTROLLED_POST_P0_MILESTONE,NOT_REQUIRED,NONE,,[],"[""REQ-CAPSTRAT-005""]",[],"[""CAP-001"",""DATA-001"",""DATA-002"",""IAM-001""]","[""CAP-001"",""CAP-003""]",
CAPIOS-001,P0,IMPLEMENTED_UNVERIFIED,30-capture/301_ios_app.md,36,4. Normative requirements,"The app shall implement states for setup, calibration check, ready, capturing, paused, tracking recovery, segment finalization, session finalization, upload, verified, and failed-recoverable.",Controlled verification,SIP Engineering,FIRST_PRODUCTION_BLOCKING,NOT_REQUIRED,NONE,,"[""apps/ios-capture/Sources"",""apps/ios-capture/Tests"",""schemas/jsonschema""]","[""apps/ios-capture/Tests/CaptureCoreTests/CaptureCoreTests.swift::swift-test-1:CAPIOS-001 state machine covers required persisted states and rejects invalid transitions""]","[""build/evidence/swift-test-linux.log"",""build/reports/swift-test-report.json"",""build/reports/test-matrix.json""]","[""CAP-001"",""IAM-001""]","[""CAP-003""]","Implementation and automated checks exist, but production-environment or full-scope evidence is incomplete; this requirement is intentionally not marked verified."
CAPIOS-002,P0,NOT_STARTED,30-capture/301_ios_app.md,37,4. Normative requirements,The app shall capture RGB/depth/pose/intrinsics/IMU timestamps without blocking the AR session render loop.,Controlled verification,UNASSIGNED,FIRST_PRODUCTION_BLOCKING,NOT_REQUIRED,NONE,,[],"[""REQ-CAPIOS-002""]",[],"[""CAP-001"",""IAM-001""]","[""CAP-003""]",
CAPIOS-003,P0,IMPLEMENTED_UNVERIFIED,30-capture/301_ios_app.md,38,4. Normative requirements,The app shall persist an append-only journal sufficient to recover after crash or device restart.,Automated test,SIP Engineering,FIRST_PRODUCTION_BLOCKING,NOT_REQUIRED,NONE,,"[""apps/ios-capture/Sources"",""apps/ios-capture/Tests"",""schemas/jsonschema""]","[""apps/ios-capture/Tests/CaptureCoreTests/CaptureCoreTests.swift::swift-test-2:CAPIOS-003 CAPREC-001 append-only journal recovers and detects tampering""]","[""build/evidence/swift-test-linux.log"",""build/reports/swift-test-report.json"",""build/reports/test-matrix.json""]","[""CAP-001"",""IAM-001""]","[""CAP-003""]","Implementation and automated checks exist, but production-environment or full-scope evidence is incomplete; this requirement is intentionally not marked verified."
CAPIOS-004,P1,IMPLEMENTED_UNVERIFIED,30-capture/301_ios_app.md,39,4. Normative requirements,"Thermal, storage, battery, and memory pressure shall trigger controlled quality degradation or pause with user explanation.",Controlled verification,SIP Engineering,CONTROLLED_POST_P0_MILESTONE,NOT_REQUIRED,NONE,,"[""apps/ios-capture/Sources"",""apps/ios-capture/Tests"",""schemas/jsonschema""]","[""apps/ios-capture/Tests/CaptureCoreTests/CaptureCoreTests.swift::swift-test-6:CAPIOS-004 CAPREC-004 resource pressure degrades safely before filesystem exhaustion""]","[""build/evidence/swift-test-linux.log"",""build/reports/swift-test-report.json"",""build/reports/test-matrix.json""]","[""CAP-001"",""IAM-001""]","[""CAP-003""]","Implementation and automated checks exist, but production-environment or full-scope evidence is incomplete; this requirement is intentionally not marked verified."
CAPIOS-005,P1,IMPLEMENTED_UNVERIFIED,30-capture/301_ios_app.md,40,4. Normative requirements,"The app shall support project policy bundles that disable audio, location, cloud transfer, or particular sensors.",Controlled verification,SIP Engineering,CONTROLLED_POST_P0_MILESTONE,NOT_REQUIRED,NONE,,"[""apps/ios-capture/Sources"",""apps/ios-capture/Tests"",""schemas/jsonschema""]","[""apps/ios-capture/Tests/CaptureCoreTests/CaptureCoreTests.swift::swift-test-7:CAPIOS-005 CAPIOS-006 policy disables sensors and purge fails closed""]","[""build/evidence/swift-test-linux.log"",""build/reports/swift-test-report.json"",""build/reports/test-matrix.json""]","[""CAP-001"",""IAM-001""]","[""CAP-003""]","Implementation and automated checks exist, but production-environment or full-scope evidence is incomplete; this requirement is intentionally not marked verified."
CAPIOS-006,P1,IMPLEMENTED_UNVERIFIED,30-capture/301_ios_app.md,41,4. Normative requirements,The app shall never delete local originals until package integrity and destination receipt are verified and the user or policy authorizes purge.,Controlled verification,SIP Engineering,CONTROLLED_POST_P0_MILESTONE,NOT_REQUIRED,NONE,,"[""apps/ios-capture/Sources"",""apps/ios-capture/Tests"",""schemas/jsonschema""]","[""apps/ios-capture/Tests/CaptureCoreTests/CaptureCoreTests.swift::swift-test-7:CAPIOS-005 CAPIOS-006 policy disables sensors and purge fails closed"",""apps/ios-capture/Tests/CaptureTransferTests/CaptureTransferTests.swift::swift-test-1:CAPIOS-006 resumable transfer persists chunk checkpoints and verifies destination receipt""]","[""build/evidence/swift-test-linux.log"",""build/reports/swift-test-report.json"",""build/reports/test-matrix.json""]","[""CAP-001"",""IAM-001""]","[""CAP-003""]","Implementation and automated checks exist, but production-environment or full-scope evidence is incomplete; this requirement is intentionally not marked verified."
CAPSENS-001,P0,IMPLEMENTED_UNVERIFIED,30-capture/302_arkit_lidar_rgb_imu.md,36,4. Normative requirements,"Each frame record shall include timestamps, image asset, depth asset when present, confidence asset, camera transform, intrinsics, image resolution, tracking state, exposure, and orientation metadata.",Controlled verification,SIP Engineering,FIRST_PRODUCTION_BLOCKING,NOT_REQUIRED,NONE,,"[""apps/ios-capture/Sources/CaptureSensors"",""apps/ios-capture/Tests/CaptureCoreTests""]","[""apps/ios-capture/Tests/CaptureCoreTests/CaptureCoreTests.swift::swift-test-3:CAPSENS-001 CAPSENS-002 frame metadata preserves invalid depth semantics""]","[""build/evidence/swift-test-linux.log"",""build/reports/swift-test-report.json"",""build/reports/test-matrix.json""]","[""CAP-003""]","[""CAP-004""]","Implementation and automated checks exist, but production-environment or full-scope evidence is incomplete; this requirement is intentionally not marked verified."
CAPSENS-002,P0,IMPLEMENTED_UNVERIFIED,30-capture/302_arkit_lidar_rgb_imu.md,37,4. Normative requirements,The capture layer shall preserve invalid depth and confidence values without converting them into zero-distance surfaces.,Controlled verification,SIP Engineering,FIRST_PRODUCTION_BLOCKING,NOT_REQUIRED,NONE,,"[""apps/ios-capture/Sources/CaptureSensors"",""apps/ios-capture/Tests/CaptureCoreTests""]","[""apps/ios-capture/Tests/CaptureCoreTests/CaptureCoreTests.swift::swift-test-3:CAPSENS-001 CAPSENS-002 frame metadata preserves invalid depth semantics""]","[""build/evidence/swift-test-linux.log"",""build/reports/swift-test-report.json"",""build/reports/test-matrix.json""]","[""CAP-003""]","[""CAP-004""]","Implementation and automated checks exist, but production-environment or full-scope evidence is incomplete; this requirement is intentionally not marked verified."
CAPSENS-003,P0,IMPLEMENTED_UNVERIFIED,30-capture/302_arkit_lidar_rgb_imu.md,38,4. Normative requirements,"ARKit relocalization, world-origin changes, interruptions, and limited-tracking reasons shall create explicit events.",Automated test,SIP Engineering,FIRST_PRODUCTION_BLOCKING,NOT_REQUIRED,NONE,,"[""apps/ios-capture/Sources/CaptureSensors"",""apps/ios-capture/Tests/CaptureCoreTests""]","[""apps/ios-capture/Tests/CaptureCoreTests/CaptureCoreTests.swift::swift-test-4:CAPSENS-003 CAPSENS-005 fixture adapter emits explicit tracking events and bounded drops""]","[""build/evidence/swift-test-linux.log"",""build/reports/swift-test-report.json"",""build/reports/test-matrix.json""]","[""CAP-003""]","[""CAP-004""]","Implementation and automated checks exist, but production-environment or full-scope evidence is incomplete; this requirement is intentionally not marked verified."
CAPSENS-004,P1,NOT_STARTED,30-capture/302_arkit_lidar_rgb_imu.md,39,4. Normative requirements,Mesh-anchor add/update/remove operations shall be journaled with identifiers and transforms.,Controlled verification,UNASSIGNED,CONTROLLED_POST_P0_MILESTONE,NOT_REQUIRED,NONE,,[],"[""REQ-CAPSENS-004""]",[],"[""CAP-003""]","[""CAP-004""]",
CAPSENS-005,P1,IMPLEMENTED_UNVERIFIED,30-capture/302_arkit_lidar_rgb_imu.md,40,4. Normative requirements,Sensor sampling shall use bounded queues and record dropped frames with cause.,Controlled verification,SIP Engineering,CONTROLLED_POST_P0_MILESTONE,NOT_REQUIRED,NONE,,"[""apps/ios-capture/Sources/CaptureSensors"",""apps/ios-capture/Tests/CaptureCoreTests""]","[""apps/ios-capture/Tests/CaptureCoreTests/CaptureCoreTests.swift::swift-test-4:CAPSENS-003 CAPSENS-005 fixture adapter emits explicit tracking events and bounded drops""]","[""build/evidence/swift-test-linux.log"",""build/reports/swift-test-report.json"",""build/reports/test-matrix.json""]","[""CAP-003""]","[""CAP-004""]","Implementation and automated checks exist, but production-environment or full-scope evidence is incomplete; this requirement is intentionally not marked verified."
CAPSENS-006,P1,NOT_STARTED,30-capture/302_arkit_lidar_rgb_imu.md,41,4. Normative requirements,"Device model, OS, app build, sensor availability, and calibration-relevant camera identity shall be stored in the package manifest.",Controlled verification,UNASSIGNED,CONTROLLED_POST_P0_MILESTONE,NOT_REQUIRED,NONE,,[],"[""REQ-CAPSENS-006""]",[],"[""CAP-003""]","[""CAP-004""]",
CAPPOLY-001,P0,NOT_STARTED,30-capture/303_polycam_adapter.md,36,4. Normative requirements,"The adapter shall validate `raw.glb`, media, `mesh_info.json`, camera JSON, depth, confidence, and corrected variants independently.",Automated test,UNASSIGNED,FIRST_PRODUCTION_BLOCKING,NOT_REQUIRED,NONE,,[],"[""REQ-CAPPOLY-001""]",[],"[""CAP-001""]","[""CAP-002""]",
CAPPOLY-002,P0,NOT_STARTED,30-capture/303_polycam_adapter.md,37,4. Normative requirements,Missing corrected poses shall not be synthesized or mislabeled as Polycam optimization output.,Controlled verification,UNASSIGNED,FIRST_PRODUCTION_BLOCKING,NOT_REQUIRED,NONE,,[],"[""REQ-CAPPOLY-002""]",[],"[""CAP-001""]","[""CAP-002""]",
CAPPOLY-003,P0,NOT_STARTED,30-capture/303_polycam_adapter.md,38,4. Normative requirements,The adapter shall map Polycam's right-handed gravity-aligned coordinate convention into a named source frame before any SIP transform.,Controlled verification,UNASSIGNED,FIRST_PRODUCTION_BLOCKING,NOT_REQUIRED,NONE,,[],"[""REQ-CAPPOLY-003""]",[],"[""CAP-001""]","[""CAP-002""]",
CAPPOLY-004,P1,NOT_STARTED,30-capture/303_polycam_adapter.md,39,4. Normative requirements,"Depth resolution, units, invalid encoding, and confidence interpretation shall be recorded from the export metadata or marked unknown.",Controlled verification,UNASSIGNED,CONTROLLED_POST_P0_MILESTONE,NOT_REQUIRED,NONE,,[],"[""REQ-CAPPOLY-004""]",[],"[""CAP-001""]","[""CAP-002""]",
CAPPOLY-005,P1,NOT_STARTED,30-capture/303_polycam_adapter.md,40,4. Normative requirements,"The adapter shall produce a conversion report listing accepted, skipped, malformed, and unmatched files.",Controlled verification,UNASSIGNED,CONTROLLED_POST_P0_MILESTONE,NOT_REQUIRED,NONE,,[],"[""REQ-CAPPOLY-005""]",[],"[""CAP-001""]","[""CAP-002""]",
CAPPOLY-006,P1,NOT_STARTED,30-capture/303_polycam_adapter.md,41,4. Normative requirements,"Regression fixtures shall cover small optimized captures, large ARKit-only captures, missing depth, partial exports, and corrupted archives.",Controlled verification,UNASSIGNED,CONTROLLED_POST_P0_MILESTONE,NOT_REQUIRED,NONE,,[],"[""REQ-CAPPOLY-006""]",[],"[""CAP-001""]","[""CAP-002""]",
CAPCSCP-001,P0,IMPLEMENTED_UNVERIFIED,30-capture/304_canonical_capture_package.md,36,4. Normative requirements,"The root manifest shall include schema version, session ID, tenant/project when known, source adapter, device, time range, coordinate frames, segments, asset index, root hash, and signature status.",Automated test,SIP Engineering,FIRST_PRODUCTION_BLOCKING,NOT_REQUIRED,NONE,,"[""apps/ios-capture/Tests/CaptureCoreTests"",""src/sip/capture.py""]","[""apps/ios-capture/Tests/CaptureCoreTests/CaptureCoreTests.swift::swift-test-12:CAPCSCP-001 through CAPCSCP-005 package hashing is deterministic and validation rejects corruption""]","[""build/evidence/swift-test-linux.log"",""build/reports/swift-test-report.json"",""build/reports/test-matrix.json""]","[""DATA-001"",""DATA-002""]","[""CAP-001""]","Implementation and automated checks exist, but production-environment or full-scope evidence is incomplete; this requirement is intentionally not marked verified."
CAPCSCP-002,P0,NOT_STARTED,30-capture/304_canonical_capture_package.md,37,4. Normative requirements,"Every asset entry shall include path/reference, media type, byte size, SHA-256, creation source, encryption status, and retention class.",Automated test,UNASSIGNED,FIRST_PRODUCTION_BLOCKING,NOT_REQUIRED,NONE,,[],"[""REQ-CAPCSCP-002""]",[],"[""DATA-001"",""DATA-002""]","[""CAP-001""]",
CAPCSCP-003,P0,NOT_STARTED,30-capture/304_canonical_capture_package.md,38,4. Normative requirements,"Every frame shall reference an image and may reference depth, confidence, pose, intrinsics, mesh observations, audio time range, quality events, and privacy regions.",Automated test,UNASSIGNED,FIRST_PRODUCTION_BLOCKING,NOT_REQUIRED,NONE,,[],"[""REQ-CAPCSCP-003""]",[],"[""DATA-001"",""DATA-002""]","[""CAP-001""]",
CAPCSCP-004,P1,NOT_STARTED,30-capture/304_canonical_capture_package.md,39,4. Normative requirements,"The validator shall detect missing assets, duplicate identifiers, hash mismatch, transform cycles, non-monotonic timestamps, impossible dimensions, and unsupported major versions.",Automated test,UNASSIGNED,CONTROLLED_POST_P0_MILESTONE,NOT_REQUIRED,NONE,,[],"[""REQ-CAPCSCP-004""]",[],"[""DATA-001"",""DATA-002""]","[""CAP-001""]",
CAPCSCP-005,P1,IMPLEMENTED_UNVERIFIED,30-capture/304_canonical_capture_package.md,40,4. Normative requirements,Package normalization shall be deterministic so identical logical manifests produce identical canonical hashes.,Automated test,SIP Engineering,CONTROLLED_POST_P0_MILESTONE,NOT_REQUIRED,NONE,,"[""apps/ios-capture/Tests/CaptureCoreTests"",""src/sip/capture.py""]","[""apps/ios-capture/Tests/CaptureCoreTests/CaptureCoreTests.swift::swift-test-12:CAPCSCP-001 through CAPCSCP-005 package hashing is deterministic and validation rejects corruption""]","[""build/evidence/swift-test-linux.log"",""build/reports/swift-test-report.json"",""build/reports/test-matrix.json""]","[""DATA-001"",""DATA-002""]","[""CAP-001""]","Implementation and automated checks exist, but production-environment or full-scope evidence is incomplete; this requirement is intentionally not marked verified."
CAPCSCP-006,P1,NOT_STARTED,30-capture/304_canonical_capture_package.md,41,4. Normative requirements,Unknown optional fields shall be retained when re-serializing a compatible package.,Controlled verification,UNASSIGNED,CONTROLLED_POST_P0_MILESTONE,NOT_REQUIRED,NONE,,[],"[""REQ-CAPCSCP-006""]",[],"[""DATA-001"",""DATA-002""]","[""CAP-001""]",
CAPCAL-001,P0,NOT_STARTED,30-capture/305_calibration.md,36,4. Normative requirements,"A calibration record shall state method, equipment/target, environment, operator, date, software, residuals, units, and validity criteria.",Controlled verification,UNASSIGNED,FIRST_PRODUCTION_BLOCKING,NOT_REQUIRED,NONE,,[],"[""REQ-CAPCAL-001""]",[],"[""CAP-004""]","[""CAP-005""]",
CAPCAL-002,P0,NOT_STARTED,30-capture/305_calibration.md,37,4. Normative requirements,The app shall reject or warn when a required calibration check fails.,Automated test,UNASSIGNED,FIRST_PRODUCTION_BLOCKING,NOT_REQUIRED,NONE,,[],"[""REQ-CAPCAL-002""]",[],"[""CAP-004""]","[""CAP-005""]",
CAPCAL-003,P0,NOT_STARTED,30-capture/305_calibration.md,38,4. Normative requirements,"Control points shall include coordinate frame, uncertainty, method, verifier, and evidence.",Controlled verification,UNASSIGNED,FIRST_PRODUCTION_BLOCKING,NOT_REQUIRED,NONE,,[],"[""REQ-CAPCAL-003""]",[],"[""CAP-004""]","[""CAP-005""]",
CAPCAL-004,P1,NOT_STARTED,30-capture/305_calibration.md,39,4. Normative requirements,"Verified dimensions used as optimization constraints shall retain endpoints, measurement tool, uncertainty, and responsible person.",Controlled verification,UNASSIGNED,CONTROLLED_POST_P0_MILESTONE,NOT_REQUIRED,NONE,,[],"[""REQ-CAPCAL-004""]",[],"[""CAP-004""]","[""CAP-005""]",
CAPCAL-005,P1,NOT_STARTED,30-capture/305_calibration.md,40,4. Normative requirements,Calibration expiry or device/OS/camera changes shall trigger revalidation according to profile policy.,Controlled verification,UNASSIGNED,CONTROLLED_POST_P0_MILESTONE,NOT_REQUIRED,NONE,,[],"[""REQ-CAPCAL-005""]",[],"[""CAP-004""]","[""CAP-005""]",
CAPCAL-006,P1,NOT_STARTED,30-capture/305_calibration.md,41,4. Normative requirements,The optimizer shall report how strongly control constraints changed the unconstrained solution.,Controlled verification,UNASSIGNED,CONTROLLED_POST_P0_MILESTONE,NOT_REQUIRED,NONE,,[],"[""REQ-CAPCAL-006""]",[],"[""CAP-004""]","[""CAP-005""]",
CAPTIME-001,P0,NOT_STARTED,30-capture/306_time_sync.md,36,4. Normative requirements,"Every timestamped stream shall declare clock identifier, units, epoch/zero, monotonicity, and conversion to session time.",Controlled verification,UNASSIGNED,FIRST_PRODUCTION_BLOCKING,NOT_REQUIRED,NONE,,[],"[""REQ-CAPTIME-001""]",[],"[""CAP-003""]","[""CAP-004""]",
CAPTIME-002,P0,NOT_STARTED,30-capture/306_time_sync.md,37,4. Normative requirements,Interpolated poses or IMU values shall be labeled and include maximum temporal gap.,Controlled verification,UNASSIGNED,FIRST_PRODUCTION_BLOCKING,NOT_REQUIRED,NONE,,[],"[""REQ-CAPTIME-002""]",[],"[""CAP-003""]","[""CAP-004""]",
CAPTIME-003,P1,NOT_STARTED,30-capture/306_time_sync.md,38,4. Normative requirements,The pipeline shall reject synchronization gaps beyond profile limits for tightly coupled fusion.,Automated test,UNASSIGNED,CONTROLLED_POST_P0_MILESTONE,NOT_REQUIRED,NONE,,[],"[""REQ-CAPTIME-003""]",[],"[""CAP-003""]","[""CAP-004""]",
CAPTIME-004,P1,NOT_STARTED,30-capture/306_time_sync.md,39,4. Normative requirements,Audio and transcript anchors shall preserve sample-accurate or bounded time mapping to source media.,Controlled verification,UNASSIGNED,CONTROLLED_POST_P0_MILESTONE,NOT_REQUIRED,NONE,,[],"[""REQ-CAPTIME-004""]",[],"[""CAP-003""]","[""CAP-004""]",
CAPTIME-005,P1,NOT_STARTED,30-capture/306_time_sync.md,40,4. Normative requirements,Cross-device offset and drift estimates shall include residual and confidence.,Controlled verification,UNASSIGNED,CONTROLLED_POST_P0_MILESTONE,NOT_REQUIRED,NONE,,[],"[""REQ-CAPTIME-005""]",[],"[""CAP-003""]","[""CAP-004""]",
CAPQUAL-001,P0,IMPLEMENTED_UNVERIFIED,30-capture/307_capture_guidance_quality.md,36,4. Normative requirements,"The app shall compute lightweight blur, exposure, motion, tracking, depth-coverage, and viewpoint-diversity signals during capture.",Controlled verification,SIP Engineering,FIRST_PRODUCTION_BLOCKING,NOT_REQUIRED,NONE,,"[""apps/ios-capture/Tests/CaptureCoreTests""]","[""apps/ios-capture/Tests/CaptureCoreTests/CaptureCoreTests.swift::swift-test-5:CAPQUAL-001 CAPQUAL-003 quality warnings state cause consequence and corrective action""]","[""build/evidence/swift-test-linux.log"",""build/reports/swift-test-report.json"",""build/reports/test-matrix.json""]","[""CAP-004""]","[""CAP-005""]","Implementation and automated checks exist, but production-environment or full-scope evidence is incomplete; this requirement is intentionally not marked verified."
CAPQUAL-002,P0,NOT_STARTED,30-capture/307_capture_guidance_quality.md,37,4. Normative requirements,The app shall identify unvisited or weakly observed surfaces in the local map when feasible.,Controlled verification,UNASSIGNED,FIRST_PRODUCTION_BLOCKING,NOT_REQUIRED,NONE,,[],"[""REQ-CAPQUAL-002""]",[],"[""CAP-004""]","[""CAP-005""]",
CAPQUAL-003,P0,IMPLEMENTED_UNVERIFIED,30-capture/307_capture_guidance_quality.md,38,4. Normative requirements,"A quality warning shall state cause, consequence, and corrective action.",Controlled verification,SIP Engineering,FIRST_PRODUCTION_BLOCKING,NOT_REQUIRED,NONE,,"[""apps/ios-capture/Tests/CaptureCoreTests""]","[""apps/ios-capture/Tests/CaptureCoreTests/CaptureCoreTests.swift::swift-test-5:CAPQUAL-001 CAPQUAL-003 quality warnings state cause consequence and corrective action""]","[""build/evidence/swift-test-linux.log"",""build/reports/swift-test-report.json"",""build/reports/test-matrix.json""]","[""CAP-004""]","[""CAP-005""]","Implementation and automated checks exist, but production-environment or full-scope evidence is incomplete; this requirement is intentionally not marked verified."
CAPQUAL-004,P1,NOT_STARTED,30-capture/307_capture_guidance_quality.md,39,4. Normative requirements,Operator overrides shall be recorded with reason and cannot relabel degraded data as passing.,Controlled verification,UNASSIGNED,CONTROLLED_POST_P0_MILESTONE,NOT_REQUIRED,NONE,,[],"[""REQ-CAPQUAL-004""]",[],"[""CAP-004""]","[""CAP-005""]",
CAPQUAL-005,P1,NOT_STARTED,30-capture/307_capture_guidance_quality.md,40,4. Normative requirements,Finalization shall generate a room/segment quality summary and recommended recapture list.,Controlled verification,UNASSIGNED,CONTROLLED_POST_P0_MILESTONE,NOT_REQUIRED,NONE,,[],"[""REQ-CAPQUAL-005""]",[],"[""CAP-004""]","[""CAP-005""]",
CAPQUAL-006,P1,NOT_STARTED,30-capture/307_capture_guidance_quality.md,41,4. Normative requirements,Quality thresholds shall be versioned by capture profile and device class.,Controlled verification,UNASSIGNED,CONTROLLED_POST_P0_MILESTONE,NOT_REQUIRED,NONE,,[],"[""REQ-CAPQUAL-006""]",[],"[""CAP-004""]","[""CAP-005""]",
CAPREC-001,P0,IMPLEMENTED_UNVERIFIED,30-capture/308_session_resume_recovery.md,36,4. Normative requirements,The app shall fsync or otherwise durably commit finalized asset and journal records at bounded intervals.,Controlled verification,SIP Engineering,FIRST_PRODUCTION_BLOCKING,NOT_REQUIRED,NONE,,"[""apps/ios-capture/Sources/CaptureCore"",""apps/ios-capture/Tests/CaptureCoreTests""]","[""apps/ios-capture/Tests/CaptureCoreTests/CaptureCoreTests.swift::swift-test-2:CAPIOS-003 CAPREC-001 append-only journal recovers and detects tampering""]","[""build/evidence/swift-test-linux.log"",""build/reports/swift-test-report.json"",""build/reports/test-matrix.json""]","[""CAP-001"",""CAP-003"",""DATA-001"",""IAM-001""]","[""CAP-003"",""CAP-006""]","Implementation and automated checks exist, but production-environment or full-scope evidence is incomplete; this requirement is intentionally not marked verified."
CAPREC-002,P0,IMPLEMENTED_UNVERIFIED,30-capture/308_session_resume_recovery.md,37,4. Normative requirements,"On restart, the app shall verify recent hashes and offer resume, finalize-partial, export-for-repair, or discard with confirmation.",Automated test,SIP Engineering,FIRST_PRODUCTION_BLOCKING,NOT_REQUIRED,NONE,,"[""apps/ios-capture/Sources/CaptureCore"",""apps/ios-capture/Tests/CaptureCoreTests""]","[""apps/ios-capture/Tests/CaptureCoreTests/CaptureCoreTests.swift::swift-test-10:CAPREC-002 CAPREC-005 recovery offers safe actions and explicit repair lineage""]","[""build/evidence/swift-test-linux.log"",""build/reports/swift-test-report.json"",""build/reports/test-matrix.json""]","[""CAP-001"",""CAP-003"",""DATA-001"",""IAM-001""]","[""CAP-003"",""CAP-006""]","Implementation and automated checks exist, but production-environment or full-scope evidence is incomplete; this requirement is intentionally not marked verified."
CAPREC-003,P1,NOT_STARTED,30-capture/308_session_resume_recovery.md,38,4. Normative requirements,Tracking loss shall not append poses as if they were valid world observations.,Controlled verification,UNASSIGNED,CONTROLLED_POST_P0_MILESTONE,NOT_REQUIRED,NONE,,[],"[""REQ-CAPREC-003""]",[],"[""CAP-001"",""CAP-003"",""DATA-001"",""IAM-001""]","[""CAP-003"",""CAP-006""]",
CAPREC-004,P1,IMPLEMENTED_UNVERIFIED,30-capture/308_session_resume_recovery.md,39,4. Normative requirements,Low storage shall stop before filesystem exhaustion and preserve an exportable package.,Controlled verification,SIP Engineering,CONTROLLED_POST_P0_MILESTONE,NOT_REQUIRED,NONE,,"[""apps/ios-capture/Sources/CaptureCore"",""apps/ios-capture/Tests/CaptureCoreTests""]","[""apps/ios-capture/Tests/CaptureCoreTests/CaptureCoreTests.swift::swift-test-6:CAPIOS-004 CAPREC-004 resource pressure degrades safely before filesystem exhaustion""]","[""build/evidence/swift-test-linux.log"",""build/reports/swift-test-report.json"",""build/reports/test-matrix.json""]","[""CAP-001"",""CAP-003"",""DATA-001"",""IAM-001""]","[""CAP-003"",""CAP-006""]","Implementation and automated checks exist, but production-environment or full-scope evidence is incomplete; this requirement is intentionally not marked verified."
CAPREC-005,P1,IMPLEMENTED_UNVERIFIED,30-capture/308_session_resume_recovery.md,40,4. Normative requirements,Repair tools shall create a new package revision with explicit lineage to the original.,Controlled verification,SIP Engineering,CONTROLLED_POST_P0_MILESTONE,NOT_REQUIRED,NONE,,"[""apps/ios-capture/Sources/CaptureCore"",""apps/ios-capture/Tests/CaptureCoreTests""]","[""apps/ios-capture/Tests/CaptureCoreTests/CaptureCoreTests.swift::swift-test-10:CAPREC-002 CAPREC-005 recovery offers safe actions and explicit repair lineage""]","[""build/evidence/swift-test-linux.log"",""build/reports/swift-test-report.json"",""build/reports/test-matrix.json""]","[""CAP-001"",""CAP-003"",""DATA-001"",""IAM-001""]","[""CAP-003"",""CAP-006""]","Implementation and automated checks exist, but production-environment or full-scope evidence is incomplete; this requirement is intentionally not marked verified."
CAPPRIV-001,P0,NOT_STARTED,30-capture/309_privacy_redaction_at_capture.md,36,4. Normative requirements,The app shall display capture/recording status and consent context appropriate to the project.,Controlled verification,UNASSIGNED,FIRST_PRODUCTION_BLOCKING,NOT_REQUIRED,NONE,,[],"[""REQ-CAPPRIV-001""]",[],"[""CAP-004"",""DATA-002""]","[""CAP-005"",""IAM-001""]",
CAPPRIV-002,P0,IMPLEMENTED_UNVERIFIED,30-capture/309_privacy_redaction_at_capture.md,37,4. Normative requirements,"Operators shall be able to mark faces, screens, documents, license plates, security equipment, rooms, or arbitrary regions as restricted.",Controlled verification,SIP Engineering,FIRST_PRODUCTION_BLOCKING,NOT_REQUIRED,NONE,,"[""apps/ios-capture/Sources"",""apps/ios-capture/Tests/CaptureCoreTests""]","[""apps/ios-capture/Tests/CaptureCoreTests/CaptureCoreTests.swift::swift-test-8:CAPPRIV-002 CAPPRIV-003 CAPPRIV-005 detector suggestions remain reviewable and broad export fails closed""]","[""build/evidence/swift-test-linux.log"",""build/reports/swift-test-report.json"",""build/reports/test-matrix.json""]","[""CAP-004"",""DATA-002""]","[""CAP-005"",""IAM-001""]","Implementation and automated checks exist, but production-environment or full-scope evidence is incomplete; this requirement is intentionally not marked verified."
CAPPRIV-003,P0,IMPLEMENTED_UNVERIFIED,30-capture/309_privacy_redaction_at_capture.md,38,4. Normative requirements,"Automatic detectors shall create reviewable suggestions, not irreversible deletions.",Controlled verification,SIP Engineering,FIRST_PRODUCTION_BLOCKING,NOT_REQUIRED,NONE,,"[""apps/ios-capture/Sources"",""apps/ios-capture/Tests/CaptureCoreTests""]","[""apps/ios-capture/Tests/CaptureCoreTests/CaptureCoreTests.swift::swift-test-8:CAPPRIV-002 CAPPRIV-003 CAPPRIV-005 detector suggestions remain reviewable and broad export fails closed""]","[""build/evidence/swift-test-linux.log"",""build/reports/swift-test-report.json"",""build/reports/test-matrix.json""]","[""CAP-004"",""DATA-002""]","[""CAP-005"",""IAM-001""]","Implementation and automated checks exist, but production-environment or full-scope evidence is incomplete; this requirement is intentionally not marked verified."
CAPPRIV-004,P1,NOT_STARTED,30-capture/309_privacy_redaction_at_capture.md,39,4. Normative requirements,Derived redacted media shall link to the source and exact redaction operations.,Controlled verification,UNASSIGNED,CONTROLLED_POST_P0_MILESTONE,NOT_REQUIRED,NONE,,[],"[""REQ-CAPPRIV-004""]",[],"[""CAP-004"",""DATA-002""]","[""CAP-005"",""IAM-001""]",
CAPPRIV-005,P1,IMPLEMENTED_UNVERIFIED,30-capture/309_privacy_redaction_at_capture.md,40,4. Normative requirements,A public or broad-share export shall fail closed when required redactions are unresolved.,Controlled verification,SIP Engineering,CONTROLLED_POST_P0_MILESTONE,NOT_REQUIRED,NONE,,"[""apps/ios-capture/Sources"",""apps/ios-capture/Tests/CaptureCoreTests""]","[""apps/ios-capture/Tests/CaptureCoreTests/CaptureCoreTests.swift::swift-test-8:CAPPRIV-002 CAPPRIV-003 CAPPRIV-005 detector suggestions remain reviewable and broad export fails closed""]","[""build/evidence/swift-test-linux.log"",""build/reports/swift-test-report.json"",""build/reports/test-matrix.json""]","[""CAP-004"",""DATA-002""]","[""CAP-005"",""IAM-001""]","Implementation and automated checks exist, but production-environment or full-scope evidence is incomplete; this requirement is intentionally not marked verified."
CAPPRIV-006,P1,NOT_STARTED,30-capture/309_privacy_redaction_at_capture.md,41,4. Normative requirements,Private audio notes shall not be included in ordinary scene playback without explicit publication.,Controlled verification,UNASSIGNED,CONTROLLED_POST_P0_MILESTONE,NOT_REQUIRED,NONE,,[],"[""REQ-CAPPRIV-006""]",[],"[""CAP-004"",""DATA-002""]","[""CAP-005"",""IAM-001""]",
CAPFUT-001,P0,NOT_STARTED,30-capture/310_multi_sensor_future.md,36,4. Normative requirements,"A sensor adapter shall document units, axes, timestamp semantics, calibration, uncertainty, invalid values, and operating envelope.",Controlled verification,UNASSIGNED,FIRST_PRODUCTION_BLOCKING,NOT_REQUIRED,NONE,,[],"[""REQ-CAPFUT-001""]",[],"[""DATA-001"",""DATA-002""]","[""CAP-001""]",
CAPFUT-002,P0,NOT_STARTED,30-capture/310_multi_sensor_future.md,37,4. Normative requirements,The fusion pipeline shall be able to exclude a source without rebuilding unrelated derivatives.,Controlled verification,UNASSIGNED,FIRST_PRODUCTION_BLOCKING,NOT_REQUIRED,NONE,,[],"[""REQ-CAPFUT-002""]",[],"[""DATA-001"",""DATA-002""]","[""CAP-001""]",
CAPFUT-003,P1,NOT_STARTED,30-capture/310_multi_sensor_future.md,38,4. Normative requirements,External survey imports shall preserve source coordinate reference systems and transformation evidence.,Controlled verification,UNASSIGNED,CONTROLLED_POST_P0_MILESTONE,NOT_REQUIRED,NONE,,[],"[""REQ-CAPFUT-003""]",[],"[""DATA-001"",""DATA-002""]","[""CAP-001""]",
CAPFUT-004,P1,NOT_STARTED,30-capture/310_multi_sensor_future.md,39,4. Normative requirements,"Thermal and other non-visible imagery shall be stored as registered observations, not painted into RGB truth by default.",Controlled verification,UNASSIGNED,CONTROLLED_POST_P0_MILESTONE,NOT_REQUIRED,NONE,,[],"[""REQ-CAPFUT-004""]",[],"[""DATA-001"",""DATA-002""]","[""CAP-001""]",
CAPFUT-005,P1,NOT_STARTED,30-capture/310_multi_sensor_future.md,40,4. Normative requirements,Drone and robotics integrations shall remain read-only with respect to actuation in the initial platform.,Controlled verification,UNASSIGNED,CONTROLLED_POST_P0_MILESTONE,NOT_REQUIRED,NONE,,[],"[""REQ-CAPFUT-005""]",[],"[""DATA-001"",""DATA-002""]","[""CAP-001""]",
CAPSOP-001,P0,IMPLEMENTED_UNVERIFIED,30-capture/311_field_capture_sops.md,36,4. Normative requirements,"The preflight shall verify device readiness, profile, project, permissions, storage, calibration requirement, safety, and consent.",Controlled verification,SIP Engineering,FIRST_PRODUCTION_BLOCKING,NOT_REQUIRED,NONE,,"[""apps/ios-capture/Sources"",""apps/ios-capture/Tests/CaptureCoreTests""]","[""apps/ios-capture/Tests/CaptureCoreTests/CaptureCoreTests.swift::swift-test-11:CAPSOP-001 CAPSOP-004 field SOP preflight and closeout fail visibly""]","[""build/evidence/swift-test-linux.log"",""build/reports/swift-test-report.json"",""build/reports/test-matrix.json""]","[""CAP-004""]","[""CAP-005""]","Implementation and automated checks exist, but production-environment or full-scope evidence is incomplete; this requirement is intentionally not marked verified."
CAPSOP-002,P0,NOT_STARTED,30-capture/311_field_capture_sops.md,37,4. Normative requirements,Every segment shall begin and end with adequate overlap or explicit control for later registration.,Controlled verification,UNASSIGNED,FIRST_PRODUCTION_BLOCKING,NOT_REQUIRED,NONE,,[],"[""REQ-CAPSOP-002""]",[],"[""CAP-004""]","[""CAP-005""]",
CAPSOP-003,P1,NOT_STARTED,30-capture/311_field_capture_sops.md,38,4. Normative requirements,"Operators shall avoid unsafe walking, ladders, restricted zones, active work, and viewing the screen while moving through hazards.",Controlled verification,UNASSIGNED,CONTROLLED_POST_P0_MILESTONE,NOT_REQUIRED,NONE,,[],"[""REQ-CAPSOP-003""]",[],"[""CAP-004""]","[""CAP-005""]",
CAPSOP-004,P1,IMPLEMENTED_UNVERIFIED,30-capture/311_field_capture_sops.md,39,4. Normative requirements,"The closeout checklist shall review tracking events, coverage, details, privacy marks, notes, and package finalization.",Automated test,SIP Engineering,CONTROLLED_POST_P0_MILESTONE,NOT_REQUIRED,NONE,,"[""apps/ios-capture/Sources"",""apps/ios-capture/Tests/CaptureCoreTests""]","[""apps/ios-capture/Tests/CaptureCoreTests/CaptureCoreTests.swift::swift-test-11:CAPSOP-001 CAPSOP-004 field SOP preflight and closeout fail visibly""]","[""build/evidence/swift-test-linux.log"",""build/reports/swift-test-report.json"",""build/reports/test-matrix.json""]","[""CAP-004""]","[""CAP-005""]","Implementation and automated checks exist, but production-environment or full-scope evidence is incomplete; this requirement is intentionally not marked verified."
CAPSOP-005,P1,NOT_STARTED,30-capture/311_field_capture_sops.md,40,4. Normative requirements,"Training shall include failure examples such as mirrors, glass, featureless walls, repeated corridors, darkness, crowds, and moving machinery.",Controlled verification,UNASSIGNED,CONTROLLED_POST_P0_MILESTONE,NOT_REQUIRED,NONE,,[],"[""REQ-CAPSOP-005""]",[],"[""CAP-004""]","[""CAP-005""]",
RECLING-001,P0,NOT_STARTED,40-reconstruction/400_lingbot_integration.md,37,4. Normative requirements,"Every run shall record source commit, container digest, Python/PyTorch/CUDA versions, attention backend, checkpoint hash, dtype, input resolution, frame selection, keyframe interval, mode, window size, overlap, camera iterations, masking models, and random seeds where relevant.",Automated test,UNASSIGNED,FIRST_PRODUCTION_BLOCKING,NOT_REQUIRED,NONE,,[],"[""REQ-RECLING-001""]",[],"[""CAP-001"",""GOV-001"",""PLT-001""]","[""REC-001""]",
RECLING-002,P0,NOT_STARTED,40-reconstruction/400_lingbot_integration.md,38,4. Normative requirements,The adapter shall normalize output transform direction and coordinate convention before exposing results downstream.,Controlled verification,UNASSIGNED,FIRST_PRODUCTION_BLOCKING,NOT_REQUIRED,NONE,,[],"[""REQ-RECLING-002""]",[],"[""CAP-001"",""GOV-001"",""PLT-001""]","[""REC-001""]",
RECLING-003,P0,NOT_STARTED,40-reconstruction/400_lingbot_integration.md,39,4. Normative requirements,"The adapter shall persist per-frame output, confidence, frame mapping, window membership, scale phase, warnings, and timing.",Automated test,UNASSIGNED,FIRST_PRODUCTION_BLOCKING,NOT_REQUIRED,NONE,,[],"[""REQ-RECLING-003""]",[],"[""CAP-001"",""GOV-001"",""PLT-001""]","[""REC-001""]",
RECLING-004,P1,NOT_STARTED,40-reconstruction/400_lingbot_integration.md,40,4. Normative requirements,The adapter shall reject implicit network downloads in production; checkpoints and auxiliary models must be pre-approved and content-addressed.,Automated test,UNASSIGNED,CONTROLLED_POST_P0_MILESTONE,NOT_REQUIRED,NONE,,[],"[""REQ-RECLING-004""]",[],"[""CAP-001"",""GOV-001"",""PLT-001""]","[""REC-001""]",
RECLING-005,P1,NOT_STARTED,40-reconstruction/400_lingbot_integration.md,41,4. Normative requirements,The adapter shall support cancellation and resume at completed window boundaries.,Controlled verification,UNASSIGNED,CONTROLLED_POST_P0_MILESTONE,NOT_REQUIRED,NONE,,[],"[""REQ-RECLING-005""]",[],"[""CAP-001"",""GOV-001"",""PLT-001""]","[""REC-001""]",
RECLING-006,P1,NOT_STARTED,40-reconstruction/400_lingbot_integration.md,42,4. Normative requirements,"An upstream upgrade shall run fixed regression scenes and compare trajectory, depth, completeness, runtime, memory, and failure behavior.",Controlled verification,UNASSIGNED,CONTROLLED_POST_P0_MILESTONE,NOT_REQUIRED,NONE,,[],"[""REQ-RECLING-006""]",[],"[""CAP-001"",""GOV-001"",""PLT-001""]","[""REC-001""]",
RECLIM-001,P0,NOT_STARTED,40-reconstruction/401_lingbot_limitations_guardrails.md,36,4. Normative requirements,"The scheduler shall select fixed-cache, keyframe, or windowed execution from a versioned policy based on frame count, scene length, motion, and hardware.",Controlled verification,UNASSIGNED,FIRST_PRODUCTION_BLOCKING,NOT_REQUIRED,NONE,,[],"[""REQ-RECLIM-001""]",[],"[""CAP-001"",""FND-001"",""GOV-001"",""PLT-001""]","[""REC-001"",""GOV-001""]",
RECLIM-002,P0,NOT_STARTED,40-reconstruction/401_lingbot_limitations_guardrails.md,37,4. Normative requirements,The pipeline shall detect cache/window discontinuities through shared-frame residuals and geometry overlap.,Controlled verification,UNASSIGNED,FIRST_PRODUCTION_BLOCKING,NOT_REQUIRED,NONE,,[],"[""REQ-RECLIM-002""]",[],"[""CAP-001"",""FND-001"",""GOV-001"",""PLT-001""]","[""REC-001"",""GOV-001""]",
RECLIM-003,P0,NOT_STARTED,40-reconstruction/401_lingbot_limitations_guardrails.md,38,4. Normative requirements,"The validator shall compare learned trajectory to ARKit, IMU gravity, controls, and physical speed/acceleration bounds when available.",Controlled verification,UNASSIGNED,FIRST_PRODUCTION_BLOCKING,NOT_REQUIRED,NONE,,[],"[""REQ-RECLIM-003""]",[],"[""CAP-001"",""FND-001"",""GOV-001"",""PLT-001""]","[""REC-001"",""GOV-001""]",
RECLIM-004,P1,NOT_STARTED,40-reconstruction/401_lingbot_limitations_guardrails.md,39,4. Normative requirements,"A run shall be marked outside operating envelope when its input exceeds validated distance, resolution, device motion, dynamic occupancy, or scene category.",Automated test,UNASSIGNED,CONTROLLED_POST_P0_MILESTONE,NOT_REQUIRED,NONE,,[],"[""REQ-RECLIM-004""]",[],"[""CAP-001"",""FND-001"",""GOV-001"",""PLT-001""]","[""REC-001"",""GOV-001""]",
RECLIM-005,P1,NOT_STARTED,40-reconstruction/401_lingbot_limitations_guardrails.md,40,4. Normative requirements,Product UI shall not expose unsupported scenes as verified simply because a point cloud rendered successfully.,Controlled verification,UNASSIGNED,CONTROLLED_POST_P0_MILESTONE,NOT_REQUIRED,NONE,,[],"[""REQ-RECLIM-005""]",[],"[""CAP-001"",""FND-001"",""GOV-001"",""PLT-001""]","[""REC-001"",""GOV-001""]",
RECLIM-006,P1,NOT_STARTED,40-reconstruction/401_lingbot_limitations_guardrails.md,41,4. Normative requirements,"Benchmarks shall include long repeated corridors, loops, stairs, elevators, glass, mirrors, low texture, outdoor sky, and moving people.",Controlled verification,UNASSIGNED,CONTROLLED_POST_P0_MILESTONE,NOT_REQUIRED,NONE,,[],"[""REQ-RECLIM-006""]",[],"[""CAP-001"",""FND-001"",""GOV-001"",""PLT-001""]","[""REC-001"",""GOV-001""]",
RECALIGN-001,P0,VERIFIED,40-reconstruction/402_pose_alignment_scale.md,36,4. Normative requirements,The alignment solver shall support SE(3) and Sim(3) and state which was used.,Controlled verification,SIP Engineering,FIRST_PRODUCTION_BLOCKING,NOT_REQUIRED,NONE,,"[""src/sip/geometry.py"",""src/sip/provider_sdk.py"",""tools/run_benchmarks.py""]","[""tests/property/test_geometry_properties.py::test_similarity_estimator_round_trips_seeded_metric_transforms""]","[""build/reports/benchmark-report.json"",""build/reports/test-matrix.json"",""build/reports/tests/property.xml""]","[""REC-001"",""REC-002""]","[""REC-003""]","Verified in the deterministic local reference profile by the exact linked automated test(s) and retained evidence; no external hardware, cloud, GPU, legal, or customer-pilot result is inferred."
RECALIGN-002,P0,NOT_STARTED,40-reconstruction/402_pose_alignment_scale.md,37,4. Normative requirements,At least three non-collinear constraints or an equivalent trajectory/geometry basis shall be required for free 3D similarity alignment.,Controlled verification,UNASSIGNED,FIRST_PRODUCTION_BLOCKING,NOT_REQUIRED,NONE,,[],"[""REQ-RECALIGN-002""]",[],"[""REC-001"",""REC-002""]","[""REC-003""]",
RECALIGN-003,P0,NOT_STARTED,40-reconstruction/402_pose_alignment_scale.md,38,4. Normative requirements,"Robust estimation shall reject outliers and report inlier count, distribution, and residual statistics.",Automated test,UNASSIGNED,FIRST_PRODUCTION_BLOCKING,NOT_REQUIRED,NONE,,[],"[""REQ-RECALIGN-003""]",[],"[""REC-001"",""REC-002""]","[""REC-003""]",
RECALIGN-004,P1,NOT_STARTED,40-reconstruction/402_pose_alignment_scale.md,39,4. Normative requirements,"Transform direction, source frame, target frame, units, handedness, and axis convention shall be machine-readable.",Controlled verification,UNASSIGNED,CONTROLLED_POST_P0_MILESTONE,NOT_REQUIRED,NONE,,[],"[""REQ-RECALIGN-004""]",[],"[""REC-001"",""REC-002""]","[""REC-003""]",
RECALIGN-005,P1,NOT_STARTED,40-reconstruction/402_pose_alignment_scale.md,40,4. Normative requirements,Alignment acceptance thresholds shall depend on capture profile and intended use.,Controlled verification,UNASSIGNED,CONTROLLED_POST_P0_MILESTONE,NOT_REQUIRED,NONE,,[],"[""REQ-RECALIGN-005""]",[],"[""REC-001"",""REC-002""]","[""REC-003""]",
RECALIGN-006,P1,NOT_STARTED,40-reconstruction/402_pose_alignment_scale.md,41,4. Normative requirements,A transform revision shall not mutate prior observation coordinates; it creates a new solution graph.,Controlled verification,UNASSIGNED,CONTROLLED_POST_P0_MILESTONE,NOT_REQUIRED,NONE,,[],"[""REQ-RECALIGN-006""]",[],"[""REC-001"",""REC-002""]","[""REC-003""]",
RECGRAPH-001,P0,NOT_STARTED,40-reconstruction/403_factor_graph_loop_closure.md,36,4. Normative requirements,"The graph shall represent pose nodes, optional landmarks/planes, priors, relative-pose factors, loop factors, gravity, scale, control, and cross-session constraints.",Controlled verification,UNASSIGNED,FIRST_PRODUCTION_BLOCKING,NOT_REQUIRED,NONE,,[],"[""REQ-RECGRAPH-001""]",[],"[""REC-003""]","[""REC-004""]",
RECGRAPH-002,P0,NOT_STARTED,40-reconstruction/403_factor_graph_loop_closure.md,37,4. Normative requirements,"Each factor shall identify source, covariance or weight rationale, timestamp/frame association, and evidence.",Controlled verification,UNASSIGNED,FIRST_PRODUCTION_BLOCKING,NOT_REQUIRED,NONE,,[],"[""REQ-RECGRAPH-002""]",[],"[""REC-003""]","[""REC-004""]",
RECGRAPH-003,P0,NOT_STARTED,40-reconstruction/403_factor_graph_loop_closure.md,38,4. Normative requirements,"The optimizer shall report convergence, cost history, residual distributions by factor type, rejected/suppressed factors, and gauge fixing.",Automated test,UNASSIGNED,FIRST_PRODUCTION_BLOCKING,NOT_REQUIRED,NONE,,[],"[""REQ-RECGRAPH-003""]",[],"[""REC-003""]","[""REC-004""]",
RECGRAPH-004,P1,NOT_STARTED,40-reconstruction/403_factor_graph_loop_closure.md,39,4. Normative requirements,Large changes from a prior accepted solution shall trigger review rather than automatic publication.,Controlled verification,UNASSIGNED,CONTROLLED_POST_P0_MILESTONE,NOT_REQUIRED,NONE,,[],"[""REQ-RECGRAPH-004""]",[],"[""REC-003""]","[""REC-004""]",
RECGRAPH-005,P1,NOT_STARTED,40-reconstruction/403_factor_graph_loop_closure.md,40,4. Normative requirements,Loop detection shall enforce temporal/spatial separation and geometric verification after descriptor retrieval.,Controlled verification,UNASSIGNED,CONTROLLED_POST_P0_MILESTONE,NOT_REQUIRED,NONE,,[],"[""REQ-RECGRAPH-005""]",[],"[""REC-003""]","[""REC-004""]",
RECGRAPH-006,P1,NOT_STARTED,40-reconstruction/403_factor_graph_loop_closure.md,41,4. Normative requirements,Incremental and batch optimization results shall be comparable on fixed regression scenes.,Controlled verification,UNASSIGNED,CONTROLLED_POST_P0_MILESTONE,NOT_REQUIRED,NONE,,[],"[""REQ-RECGRAPH-006""]",[],"[""REC-003""]","[""REC-004""]",
RECDEPTH-001,P0,NOT_STARTED,40-reconstruction/404_depth_fusion.md,36,4. Normative requirements,"Each depth map shall declare encoding, units/scale, camera model, intrinsics, pose, timestamp, valid mask, confidence model, and source manifest.",Controlled verification,UNASSIGNED,FIRST_PRODUCTION_BLOCKING,NOT_REQUIRED,NONE,,[],"[""REQ-RECDEPTH-001""]",[],"[""CAP-001"",""PLT-001"",""REC-002"",""REC-004""]","[""REC-002"",""REC-005""]",
RECDEPTH-002,P0,NOT_STARTED,40-reconstruction/404_depth_fusion.md,37,4. Normative requirements,Unprojection shall be tested with synthetic cameras and known planes for every supported source convention.,Controlled verification,UNASSIGNED,FIRST_PRODUCTION_BLOCKING,NOT_REQUIRED,NONE,,[],"[""REQ-RECDEPTH-002""]",[],"[""CAP-001"",""PLT-001"",""REC-002"",""REC-004""]","[""REC-002"",""REC-005""]",
RECDEPTH-003,P0,NOT_STARTED,40-reconstruction/404_depth_fusion.md,38,4. Normative requirements,"Weights shall account for range, confidence, viewing angle, motion, temporal agreement, calibration, and source class.",Controlled verification,UNASSIGNED,FIRST_PRODUCTION_BLOCKING,NOT_REQUIRED,NONE,,[],"[""REQ-RECDEPTH-003""]",[],"[""CAP-001"",""PLT-001"",""REC-002"",""REC-004""]","[""REC-002"",""REC-005""]",
RECDEPTH-004,P1,NOT_STARTED,40-reconstruction/404_depth_fusion.md,39,4. Normative requirements,The pipeline shall retain source-contribution statistics per voxel/surface region.,Controlled verification,UNASSIGNED,CONTROLLED_POST_P0_MILESTONE,NOT_REQUIRED,NONE,,[],"[""REQ-RECDEPTH-004""]",[],"[""CAP-001"",""PLT-001"",""REC-002"",""REC-004""]","[""REC-002"",""REC-005""]",
RECDEPTH-005,P1,NOT_STARTED,40-reconstruction/404_depth_fusion.md,40,4. Normative requirements,Depth discontinuities shall not be blurred across semantic or edge boundaries without explicit algorithm behavior.,Controlled verification,UNASSIGNED,CONTROLLED_POST_P0_MILESTONE,NOT_REQUIRED,NONE,,[],"[""REQ-RECDEPTH-005""]",[],"[""CAP-001"",""PLT-001"",""REC-002"",""REC-004""]","[""REC-002"",""REC-005""]",
RECDEPTH-006,P1,NOT_STARTED,40-reconstruction/404_depth_fusion.md,41,4. Normative requirements,Fusion shall be repeatable from immutable normalized observations and a versioned policy.,Controlled verification,UNASSIGNED,CONTROLLED_POST_P0_MILESTONE,NOT_REQUIRED,NONE,,[],"[""REQ-RECDEPTH-006""]",[],"[""CAP-001"",""PLT-001"",""REC-002"",""REC-004""]","[""REC-002"",""REC-005""]",
RECTSDF-001,P0,NOT_STARTED,40-reconstruction/405_tsdf_voxel_fusion.md,36,4. Normative requirements,"The volume manifest shall record bounds, voxel/truncation parameters, coordinate frame, accepted observation set, weighting policy, and implementation version.",Controlled verification,UNASSIGNED,FIRST_PRODUCTION_BLOCKING,NOT_REQUIRED,NONE,,[],"[""REQ-RECTSDF-001""]",[],"[""REC-002"",""REC-004""]","[""REC-005""]",
RECTSDF-002,P0,NOT_STARTED,40-reconstruction/405_tsdf_voxel_fusion.md,37,4. Normative requirements,Spatial chunks shall have stable keys and boundary-overlap rules to avoid visible seams.,Controlled verification,UNASSIGNED,FIRST_PRODUCTION_BLOCKING,NOT_REQUIRED,NONE,,[],"[""REQ-RECTSDF-002""]",[],"[""REC-002"",""REC-004""]","[""REC-005""]",
RECTSDF-003,P0,NOT_STARTED,40-reconstruction/405_tsdf_voxel_fusion.md,38,4. Normative requirements,Incremental fusion shall produce the same result within tolerance as full rebuild for the same accepted inputs and deterministic mode.,Controlled verification,UNASSIGNED,FIRST_PRODUCTION_BLOCKING,NOT_REQUIRED,NONE,,[],"[""REQ-RECTSDF-003""]",[],"[""REC-002"",""REC-004""]","[""REC-005""]",
RECTSDF-004,P1,NOT_STARTED,40-reconstruction/405_tsdf_voxel_fusion.md,39,4. Normative requirements,"The system shall support invalidating contributions from a revoked, miscalibrated, or unlicensed source and rebuilding affected chunks.",Controlled verification,UNASSIGNED,CONTROLLED_POST_P0_MILESTONE,NOT_REQUIRED,NONE,,[],"[""REQ-RECTSDF-004""]",[],"[""REC-002"",""REC-004""]","[""REC-005""]",
RECTSDF-005,P1,NOT_STARTED,40-reconstruction/405_tsdf_voxel_fusion.md,40,4. Normative requirements,"Mesh extraction shall report watertightness, non-manifold elements, holes, component sizes, and repair operations.",Controlled verification,UNASSIGNED,CONTROLLED_POST_P0_MILESTONE,NOT_REQUIRED,NONE,,[],"[""REQ-RECTSDF-005""]",[],"[""REC-002"",""REC-004""]","[""REC-005""]",
RECTSDF-006,P1,NOT_STARTED,40-reconstruction/405_tsdf_voxel_fusion.md,41,4. Normative requirements,No hole-filling operation shall be represented as directly observed geometry.,Controlled verification,UNASSIGNED,CONTROLLED_POST_P0_MILESTONE,NOT_REQUIRED,NONE,,[],"[""REQ-RECTSDF-006""]",[],"[""REC-002"",""REC-004""]","[""REC-005""]",
RECMESH-001,P0,NOT_STARTED,40-reconstruction/406_meshing_texturing_lod.md,36,4. Normative requirements,"Every mesh shall declare source volume/point set, coordinate frame, units, topology metrics, processing operations, and hash.",Automated test,UNASSIGNED,FIRST_PRODUCTION_BLOCKING,NOT_REQUIRED,NONE,,[],"[""REQ-RECMESH-001""]",[],"[""GOV-001"",""REC-002"",""REC-004"",""REC-005""]","[""REC-005"",""REC-006""]",
RECMESH-002,P0,NOT_STARTED,40-reconstruction/406_meshing_texturing_lod.md,37,4. Normative requirements,Decimation shall be evaluated for surface error and preservation of protected semantic edges and anchor regions.,Controlled verification,UNASSIGNED,FIRST_PRODUCTION_BLOCKING,NOT_REQUIRED,NONE,,[],"[""REQ-RECMESH-002""]",[],"[""GOV-001"",""REC-002"",""REC-004"",""REC-005""]","[""REC-005"",""REC-006""]",
RECMESH-003,P0,NOT_STARTED,40-reconstruction/406_meshing_texturing_lod.md,38,4. Normative requirements,Texturing shall avoid using redacted or unauthorized frames for broader-access derivatives.,Controlled verification,UNASSIGNED,FIRST_PRODUCTION_BLOCKING,NOT_REQUIRED,NONE,,[],"[""REQ-RECMESH-003""]",[],"[""GOV-001"",""REC-002"",""REC-004"",""REC-005""]","[""REC-005"",""REC-006""]",
RECMESH-004,P1,NOT_STARTED,40-reconstruction/406_meshing_texturing_lod.md,39,4. Normative requirements,"Viewer LOD switches shall not change measurement results, which are computed from approved metric geometry.",Controlled verification,UNASSIGNED,CONTROLLED_POST_P0_MILESTONE,NOT_REQUIRED,NONE,,[],"[""REQ-RECMESH-004""]",[],"[""GOV-001"",""REC-002"",""REC-004"",""REC-005""]","[""REC-005"",""REC-006""]",
RECMESH-005,P1,NOT_STARTED,40-reconstruction/406_meshing_texturing_lod.md,40,4. Normative requirements,Tiling shall preserve stable global coordinates and entity-to-tile mappings.,Controlled verification,UNASSIGNED,CONTROLLED_POST_P0_MILESTONE,NOT_REQUIRED,NONE,,[],"[""REQ-RECMESH-005""]",[],"[""GOV-001"",""REC-002"",""REC-004"",""REC-005""]","[""REC-005"",""REC-006""]",
RECMESH-006,P1,NOT_STARTED,40-reconstruction/406_meshing_texturing_lod.md,41,4. Normative requirements,Exports shall include provenance sidecars when the target format cannot carry SIP metadata.,Controlled verification,UNASSIGNED,CONTROLLED_POST_P0_MILESTONE,NOT_REQUIRED,NONE,,[],"[""REQ-RECMESH-006""]",[],"[""GOV-001"",""REC-002"",""REC-004"",""REC-005""]","[""REC-005"",""REC-006""]",
RECMESH-007,P0,NOT_STARTED,40-reconstruction/406_meshing_texturing_lod.md,138,15. Version 1.1 interaction derivatives,"Metric, visual, interaction, collision, navigation, occlusion, and preservation meshes shall use distinct roles and authority ceilings.",Schema/policy test,UNASSIGNED,FIRST_PRODUCTION_BLOCKING,NOT_REQUIRED,NONE,,[],"[""REQ-RECMESH-007""]",[],"[""GOV-001"",""REC-002"",""REC-004"",""REC-005""]","[""REC-005"",""REC-006""]",
RECMESH-008,P0,NOT_STARTED,40-reconstruction/406_meshing_texturing_lod.md,139,15. Version 1.1 interaction derivatives,A render mesh shall not be approved for collision or navigation without separate profile-specific validation.,Acceptance test,UNASSIGNED,FIRST_PRODUCTION_BLOCKING,NOT_REQUIRED,NONE,,[],"[""REQ-RECMESH-008""]",[],"[""GOV-001"",""REC-002"",""REC-004"",""REC-005""]","[""REC-005"",""REC-006""]",
RECMESH-009,P0,NOT_STARTED,40-reconstruction/406_meshing_texturing_lod.md,140,15. Version 1.1 interaction derivatives,"Repair, decimation, and LOD shall test protected construction, memory, safety, and privacy regions.",Benchmark test,UNASSIGNED,FIRST_PRODUCTION_BLOCKING,NOT_REQUIRED,NONE,,[],"[""REQ-RECMESH-009""]",[],"[""GOV-001"",""REC-002"",""REC-004"",""REC-005""]","[""REC-005"",""REC-006""]",
RECMESH-010,P1,VERIFIED,40-reconstruction/406_meshing_texturing_lod.md,141,15. Version 1.1 interaction derivatives,Every remesh shall generate support-map results and identify unresolved semantic anchors.,Remesh regression test,SIP Engineering,CONTROLLED_POST_P0_MILESTONE,NOT_REQUIRED,NONE,,"[""src/sip/geometry.py"",""src/sip/representations.py"",""src/sip/scene.py"",""tools/run_demo.py""]","[""tests/e2e/test_platform_demonstrations.py::test_hybrid_representation_demonstration""]","[""build/evidence/demos/hybrid.json"",""build/reports/test-matrix.json"",""build/reports/tests/e2e.xml""]","[""GOV-001"",""REC-002"",""REC-004"",""REC-005""]","[""REC-005"",""REC-006""]","Verified in the deterministic local reference profile by the exact linked automated test(s) and retained evidence; no external hardware, cloud, GPU, legal, or customer-pilot result is inferred."
RECMESH-011,P1,NOT_STARTED,40-reconstruction/406_meshing_texturing_lod.md,142,15. Version 1.1 interaction derivatives,Collision/navigation derivatives shall be replaceable without replacing the visual or metric source.,Component test,UNASSIGNED,CONTROLLED_POST_P0_MILESTONE,NOT_REQUIRED,NONE,,[],"[""REQ-RECMESH-011""]",[],"[""GOV-001"",""REC-002"",""REC-004"",""REC-005""]","[""REC-005"",""REC-006""]",
RECMESH-012,P1,NOT_STARTED,40-reconstruction/406_meshing_texturing_lod.md,143,15. Version 1.1 interaction derivatives,"Mesh exports shall include role, authority, intended-use, limitations, transform, and derivation sidecars.",Export/import test,UNASSIGNED,CONTROLLED_POST_P0_MILESTONE,NOT_REQUIRED,NONE,,[],"[""REQ-RECMESH-012""]",[],"[""GOV-001"",""REC-002"",""REC-004"",""REC-005""]","[""REC-005"",""REC-006""]",
RECSPLAT-001,P0,NOT_STARTED,40-reconstruction/407_gaussian_splats.md,36,4. Normative requirements,"A splat run shall record engine commit/package, license approval, input images, masks, pose solution, calibration, training parameters, seed, hardware, checkpoints, and output hash.",Automated test,UNASSIGNED,FIRST_PRODUCTION_BLOCKING,NOT_REQUIRED,NONE,,[],"[""REQ-RECSPLAT-001""]",[],"[""GOV-001"",""REC-004"",""REC-005""]","[""REC-006""]",
RECSPLAT-002,P0,NOT_STARTED,40-reconstruction/407_gaussian_splats.md,37,4. Normative requirements,The pipeline shall support excluding sensitive frames and regions before training.,Controlled verification,UNASSIGNED,FIRST_PRODUCTION_BLOCKING,NOT_REQUIRED,NONE,,[],"[""REQ-RECSPLAT-002""]",[],"[""GOV-001"",""REC-004"",""REC-005""]","[""REC-006""]",
RECSPLAT-003,P0,NOT_STARTED,40-reconstruction/407_gaussian_splats.md,38,4. Normative requirements,The viewer shall display a visual-reconstruction label and provide an evidence/geometry toggle.,Controlled verification,UNASSIGNED,FIRST_PRODUCTION_BLOCKING,NOT_REQUIRED,NONE,,[],"[""REQ-RECSPLAT-003""]",[],"[""GOV-001"",""REC-004"",""REC-005""]","[""REC-006""]",
RECSPLAT-004,P1,NOT_STARTED,40-reconstruction/407_gaussian_splats.md,39,4. Normative requirements,"Splat quality tests shall include held-out views, floaters, temporal artifacts, thin structures, and browser/device performance.",Controlled verification,UNASSIGNED,CONTROLLED_POST_P0_MILESTONE,NOT_REQUIRED,NONE,,[],"[""REQ-RECSPLAT-004""]",[],"[""GOV-001"",""REC-004"",""REC-005""]","[""REC-006""]",
RECSPLAT-005,P1,NOT_STARTED,40-reconstruction/407_gaussian_splats.md,40,4. Normative requirements,Generated inpainting or relighting shall be separate transformations with persistent labels.,Automated test,UNASSIGNED,CONTROLLED_POST_P0_MILESTONE,NOT_REQUIRED,NONE,,[],"[""REQ-RECSPLAT-005""]",[],"[""GOV-001"",""REC-004"",""REC-005""]","[""REC-006""]",
RECSPLAT-006,P1,NOT_STARTED,40-reconstruction/407_gaussian_splats.md,41,4. Normative requirements,Export shall use approved open or documented formats and retain a fallback rendered archive for preservation.,Controlled verification,UNASSIGNED,CONTROLLED_POST_P0_MILESTONE,NOT_REQUIRED,NONE,,[],"[""REQ-RECSPLAT-006""]",[],"[""GOV-001"",""REC-004"",""REC-005""]","[""REC-006""]",
RECSPLAT-007,P0,NOT_STARTED,40-reconstruction/407_gaussian_splats.md,138,15. Version 1.1 hybrid use,A surface extracted from a splat shall be a separately versioned derivative with non-authoritative default authority.,Lineage/policy test,UNASSIGNED,FIRST_PRODUCTION_BLOCKING,NOT_REQUIRED,NONE,,[],"[""REQ-RECSPLAT-007""]",[],"[""GOV-001"",""REC-004"",""REC-005""]","[""REC-006""]",
RECSPLAT-008,P0,NOT_STARTED,40-reconstruction/407_gaussian_splats.md,139,15. Version 1.1 hybrid use,"Splat processing shall retain generation, redaction, consent, classification, and source-policy dependencies.",Policy propagation test,UNASSIGNED,FIRST_PRODUCTION_BLOCKING,NOT_REQUIRED,NONE,,[],"[""REQ-RECSPLAT-008""]",[],"[""GOV-001"",""REC-004"",""REC-005""]","[""REC-006""]",
RECSPLAT-009,P0,NOT_STARTED,40-reconstruction/407_gaussian_splats.md,140,15. Version 1.1 hybrid use,Unapproved hosted/manual tools shall be denied sensitive scene assets before export.,Security test,UNASSIGNED,FIRST_PRODUCTION_BLOCKING,NOT_REQUIRED,NONE,,[],"[""REQ-RECSPLAT-009""]",[],"[""GOV-001"",""REC-004"",""REC-005""]","[""REC-006""]",
RECSPLAT-010,P1,NOT_STARTED,40-reconstruction/407_gaussian_splats.md,141,15. Version 1.1 hybrid use,Native hybrid splat-plus-mesh rendering shall remain a supported path when extraction is unnecessary or rejected.,Viewer compatibility test,UNASSIGNED,CONTROLLED_POST_P0_MILESTONE,NOT_REQUIRED,NONE,,[],"[""REQ-RECSPLAT-010""]",[],"[""GOV-001"",""REC-004"",""REC-005""]","[""REC-006""]",
RECSPLAT-011,P1,NOT_STARTED,40-reconstruction/407_gaussian_splats.md,142,15. Version 1.1 hybrid use,Splat LOD or format conversion shall preserve coordinate alignment and semantic support within declared tolerances.,Interop test,UNASSIGNED,CONTROLLED_POST_P0_MILESTONE,NOT_REQUIRED,NONE,,[],"[""REQ-RECSPLAT-011""]",[],"[""GOV-001"",""REC-004"",""REC-005""]","[""REC-006""]",
RECSPLAT-012,P1,NOT_STARTED,40-reconstruction/407_gaussian_splats.md,143,15. Version 1.1 hybrid use,The preservation package shall include a documented non-splat fallback when long-term renderer support is uncertain.,Preservation test,UNASSIGNED,CONTROLLED_POST_P0_MILESTONE,NOT_REQUIRED,NONE,,[],"[""REQ-RECSPLAT-012""]",[],"[""GOV-001"",""REC-004"",""REC-005""]","[""REC-006""]",
RECDYN-001,P0,NOT_STARTED,40-reconstruction/408_dynamic_objects.md,36,4. Normative requirements,The pipeline shall preserve original frames before masking.,Controlled verification,UNASSIGNED,FIRST_PRODUCTION_BLOCKING,NOT_REQUIRED,NONE,,[],"[""REQ-RECDYN-001""]",[],"[""DATA-002"",""GOV-001"",""REC-004"",""REC-005""]","[""REC-006"",""SCN-001""]",
RECDYN-002,P0,NOT_STARTED,40-reconstruction/408_dynamic_objects.md,37,4. Normative requirements,"Dynamic detections shall include model manifest, class, track, mask, confidence, and review state.",Controlled verification,UNASSIGNED,FIRST_PRODUCTION_BLOCKING,NOT_REQUIRED,NONE,,[],"[""REQ-RECDYN-002""]",[],"[""DATA-002"",""GOV-001"",""REC-004"",""REC-005""]","[""REC-006"",""SCN-001""]",
RECDYN-003,P0,NOT_STARTED,40-reconstruction/408_dynamic_objects.md,38,4. Normative requirements,Static fusion shall exclude accepted dynamic pixels and report excluded coverage.,Controlled verification,UNASSIGNED,FIRST_PRODUCTION_BLOCKING,NOT_REQUIRED,NONE,,[],"[""REQ-RECDYN-003""]",[],"[""DATA-002"",""GOV-001"",""REC-004"",""REC-005""]","[""REC-006"",""SCN-001""]",
RECDYN-004,P1,NOT_STARTED,40-reconstruction/408_dynamic_objects.md,39,4. Normative requirements,The system shall distinguish unknown motion from sensor/pose error.,Controlled verification,UNASSIGNED,CONTROLLED_POST_P0_MILESTONE,NOT_REQUIRED,NONE,,[],"[""REQ-RECDYN-004""]",[],"[""DATA-002"",""GOV-001"",""REC-004"",""REC-005""]","[""REC-006"",""SCN-001""]",
RECDYN-005,P1,NOT_STARTED,40-reconstruction/408_dynamic_objects.md,40,4. Normative requirements,A person identity shall not be inferred or published solely from spatial track continuity.,Controlled verification,UNASSIGNED,CONTROLLED_POST_P0_MILESTONE,NOT_REQUIRED,NONE,,[],"[""REQ-RECDYN-005""]",[],"[""DATA-002"",""GOV-001"",""REC-004"",""REC-005""]","[""REC-006"",""SCN-001""]",
RECDYN-006,P1,NOT_STARTED,40-reconstruction/408_dynamic_objects.md,41,4. Normative requirements,Construction change detection shall not report ordinary temporary workers or equipment as structural changes by default.,Controlled verification,UNASSIGNED,CONTROLLED_POST_P0_MILESTONE,NOT_REQUIRED,NONE,,[],"[""REQ-RECDYN-006""]",[],"[""DATA-002"",""GOV-001"",""REC-004"",""REC-005""]","[""REC-006"",""SCN-001""]",
RECXREG-001,P0,NOT_STARTED,40-reconstruction/409_cross_session_registration.md,36,4. Normative requirements,The system shall generate candidate place matches using approved descriptors or manual selection and verify them geometrically.,Controlled verification,UNASSIGNED,FIRST_PRODUCTION_BLOCKING,NOT_REQUIRED,NONE,,[],"[""REQ-RECXREG-001""]",[],"[""REC-001"",""REC-002"",""REC-003""]","[""REC-003"",""REC-004""]",
RECXREG-002,P0,NOT_STARTED,40-reconstruction/409_cross_session_registration.md,37,4. Normative requirements,"Cross-session transforms shall report overlap, inliers, residuals, scale, uncertainty, and changed-region masks.",Controlled verification,UNASSIGNED,FIRST_PRODUCTION_BLOCKING,NOT_REQUIRED,NONE,,[],"[""REQ-RECXREG-002""]",[],"[""REC-001"",""REC-002"",""REC-003""]","[""REC-003"",""REC-004""]",
RECXREG-003,P0,NOT_STARTED,40-reconstruction/409_cross_session_registration.md,38,4. Normative requirements,The optimizer shall avoid using known changed objects as rigid constraints.,Controlled verification,UNASSIGNED,FIRST_PRODUCTION_BLOCKING,NOT_REQUIRED,NONE,,[],"[""REQ-RECXREG-003""]",[],"[""REC-001"",""REC-002"",""REC-003""]","[""REC-003"",""REC-004""]",
RECXREG-004,P1,NOT_STARTED,40-reconstruction/409_cross_session_registration.md,39,4. Normative requirements,"Manual correspondence tools shall support points, planes, lines, semantic objects, and image-to-scene anchors.",Controlled verification,UNASSIGNED,CONTROLLED_POST_P0_MILESTONE,NOT_REQUIRED,NONE,,[],"[""REQ-RECXREG-004""]",[],"[""REC-001"",""REC-002"",""REC-003""]","[""REC-003"",""REC-004""]",
RECXREG-005,P1,NOT_STARTED,40-reconstruction/409_cross_session_registration.md,40,4. Normative requirements,Registration failures shall leave sessions independently viewable and reviewable.,Controlled verification,UNASSIGNED,CONTROLLED_POST_P0_MILESTONE,NOT_REQUIRED,NONE,,[],"[""REQ-RECXREG-005""]",[],"[""REC-001"",""REC-002"",""REC-003""]","[""REC-003"",""REC-004""]",
RECXREG-006,P1,NOT_STARTED,40-reconstruction/409_cross_session_registration.md,41,4. Normative requirements,A global-place revision shall preserve every contributing session and transform solution.,Controlled verification,UNASSIGNED,CONTROLLED_POST_P0_MILESTONE,NOT_REQUIRED,NONE,,[],"[""REQ-RECXREG-006""]",[],"[""REC-001"",""REC-002"",""REC-003""]","[""REC-003"",""REC-004""]",
RECCHANG-001,P0,IMPLEMENTED_UNVERIFIED,40-reconstruction/410_change_detection.md,36,4. Normative requirements,"Every change result shall identify compared commits, comparable region, registration quality, thresholds, evidence frames, and algorithm version.",Controlled verification,SIP Engineering,FIRST_PRODUCTION_BLOCKING,NOT_REQUIRED,NONE,,"[""src/sip/scene_runtime.py"",""src/sip/database.py"",""src/sip/api.py"",""migrations/versions/0012_scene_runtime_review.py"",""schemas/events""]","[""tests/contract/test_scene_runtime_api.py::test_scene_runtime_openapi_and_authenticated_viewer_session_contract"",""tests/e2e/test_platform_demonstrations.py::test_scene_runtime_review_demonstration"",""tests/integration/test_scene_runtime_review.py::test_temporal_change_review_suppresses_unobserved_removal_and_requires_independent_review""]","[""build/evidence/demos/scene-runtime.json"",""build/reports/test-matrix.json"",""build/reports/tests/contract.xml"",""build/reports/tests/e2e.xml"",""build/reports/tests/integration.xml"",""schemas/events/event-catalog.json""]","[""GOV-001"",""REC-004"",""REC-005"",""SCN-001""]","[""REC-006"",""SCN-002""]","Implementation and automated checks exist, but production-environment or full-scope evidence is incomplete; this requirement is intentionally not marked verified."
RECCHANG-002,P0,IMPLEMENTED_UNVERIFIED,40-reconstruction/410_change_detection.md,37,4. Normative requirements,"The detector shall suppress differences caused by LOD, lighting, exposure, dynamic objects, and missing coverage where possible.",Controlled verification,SIP Engineering,FIRST_PRODUCTION_BLOCKING,NOT_REQUIRED,NONE,,"[""src/sip/scene_runtime.py"",""src/sip/database.py"",""src/sip/api.py"",""migrations/versions/0012_scene_runtime_review.py"",""schemas/events""]","[""tests/e2e/test_platform_demonstrations.py::test_scene_runtime_review_demonstration"",""tests/integration/test_scene_runtime_review.py::test_temporal_change_review_suppresses_unobserved_removal_and_requires_independent_review""]","[""build/evidence/demos/scene-runtime.json"",""build/reports/test-matrix.json"",""build/reports/tests/e2e.xml"",""build/reports/tests/integration.xml"",""schemas/events/event-catalog.json""]","[""GOV-001"",""REC-004"",""REC-005"",""SCN-001""]","[""REC-006"",""SCN-002""]","Implementation and automated checks exist, but production-environment or full-scope evidence is incomplete; this requirement is intentionally not marked verified."
RECCHANG-003,P0,IMPLEMENTED_UNVERIFIED,40-reconstruction/410_change_detection.md,38,4. Normative requirements,Unobserved regions shall not be reported as removed.,Controlled verification,SIP Engineering,FIRST_PRODUCTION_BLOCKING,NOT_REQUIRED,NONE,,"[""src/sip/scene_runtime.py"",""src/sip/database.py"",""src/sip/api.py"",""migrations/versions/0012_scene_runtime_review.py"",""schemas/events""]","[""tests/e2e/test_platform_demonstrations.py::test_scene_runtime_review_demonstration"",""tests/integration/test_scene_runtime_review.py::test_temporal_change_review_suppresses_unobserved_removal_and_requires_independent_review""]","[""build/evidence/demos/scene-runtime.json"",""build/reports/test-matrix.json"",""build/reports/tests/e2e.xml"",""build/reports/tests/integration.xml"",""schemas/events/event-catalog.json""]","[""GOV-001"",""REC-004"",""REC-005"",""SCN-001""]","[""REC-006"",""SCN-002""]","Implementation and automated checks exist, but production-environment or full-scope evidence is incomplete; this requirement is intentionally not marked verified."
RECCHANG-004,P1,IMPLEMENTED_UNVERIFIED,40-reconstruction/410_change_detection.md,39,4. Normative requirements,A reviewer shall be able to inspect synchronized views and source evidence before accepting a change.,Controlled verification,SIP Engineering,CONTROLLED_POST_P0_MILESTONE,NOT_REQUIRED,NONE,,"[""src/sip/scene_runtime.py"",""src/sip/database.py"",""src/sip/api.py"",""migrations/versions/0012_scene_runtime_review.py"",""schemas/events""]","[""tests/e2e/test_platform_demonstrations.py::test_scene_runtime_review_demonstration"",""tests/integration/test_scene_runtime_review.py::test_temporal_change_review_suppresses_unobserved_removal_and_requires_independent_review""]","[""build/evidence/demos/scene-runtime.json"",""build/reports/test-matrix.json"",""build/reports/tests/e2e.xml"",""build/reports/tests/integration.xml"",""schemas/events/event-catalog.json""]","[""GOV-001"",""REC-004"",""REC-005"",""SCN-001""]","[""REC-006"",""SCN-002""]","Implementation and automated checks exist, but production-environment or full-scope evidence is incomplete; this requirement is intentionally not marked verified."
RECCHANG-005,P1,IMPLEMENTED_UNVERIFIED,40-reconstruction/410_change_detection.md,40,4. Normative requirements,Accepted changes shall create semantic events and may update entity revisions through a controlled commit.,Automated test,SIP Engineering,CONTROLLED_POST_P0_MILESTONE,NOT_REQUIRED,NONE,,"[""src/sip/scene_runtime.py"",""src/sip/database.py"",""src/sip/api.py"",""migrations/versions/0012_scene_runtime_review.py"",""schemas/events""]","[""tests/integration/test_scene_runtime_review.py::test_semantic_change_application_is_atomic_and_retry_is_idempotent"",""tests/integration/test_scene_runtime_review.py::test_temporal_change_review_suppresses_unobserved_removal_and_requires_independent_review""]","[""build/evidence/demos/scene-runtime.json"",""build/reports/test-matrix.json"",""build/reports/tests/integration.xml"",""schemas/events/event-catalog.json""]","[""GOV-001"",""REC-004"",""REC-005"",""SCN-001""]","[""REC-006"",""SCN-002""]","Implementation and automated checks exist, but production-environment or full-scope evidence is incomplete; this requirement is intentionally not marked verified."
RECCHANG-006,P1,IMPLEMENTED_UNVERIFIED,40-reconstruction/410_change_detection.md,41,4. Normative requirements,"Benchmarks shall report precision, recall, localization error, and false-action rate by change class.",Controlled verification,SIP Engineering,CONTROLLED_POST_P0_MILESTONE,NOT_REQUIRED,NONE,,"[""src/sip/scene_runtime.py"",""src/sip/database.py"",""src/sip/api.py"",""migrations/versions/0012_scene_runtime_review.py"",""schemas/events""]","[""tests/integration/test_scene_runtime_review.py::test_temporal_change_review_suppresses_unobserved_removal_and_requires_independent_review""]","[""build/evidence/demos/scene-runtime.json"",""build/reports/test-matrix.json"",""build/reports/tests/integration.xml"",""schemas/events/event-catalog.json""]","[""GOV-001"",""REC-004"",""REC-005"",""SCN-001""]","[""REC-006"",""SCN-002""]","Implementation and automated checks exist, but production-environment or full-scope evidence is incomplete; this requirement is intentionally not marked verified."
RECUNC-001,P0,NOT_STARTED,40-reconstruction/411_quality_uncertainty.md,36,4. Normative requirements,"A scene revision shall carry trajectory, alignment, coverage, surface, source-contribution, semantic, and provenance quality summaries.",Controlled verification,UNASSIGNED,FIRST_PRODUCTION_BLOCKING,NOT_REQUIRED,NONE,,[],"[""REQ-RECUNC-001""]",[],"[""CAP-005"",""GOV-001"",""REC-005""]","[""QA-001""]",
RECUNC-002,P0,NOT_STARTED,40-reconstruction/411_quality_uncertainty.md,37,4. Normative requirements,"Quality metrics shall define units, calculation, calibration, thresholds, and known blind spots.",Controlled verification,UNASSIGNED,FIRST_PRODUCTION_BLOCKING,NOT_REQUIRED,NONE,,[],"[""REQ-RECUNC-002""]",[],"[""CAP-005"",""GOV-001"",""REC-005""]","[""QA-001""]",
RECUNC-003,P0,NOT_STARTED,40-reconstruction/411_quality_uncertainty.md,38,4. Normative requirements,A downstream workflow shall declare the minimum acceptance state it consumes.,Controlled verification,UNASSIGNED,FIRST_PRODUCTION_BLOCKING,NOT_REQUIRED,NONE,,[],"[""REQ-RECUNC-003""]",[],"[""CAP-005"",""GOV-001"",""REC-005""]","[""QA-001""]",
RECUNC-004,P1,NOT_STARTED,40-reconstruction/411_quality_uncertainty.md,39,4. Normative requirements,The UI shall reveal region-level uncertainty and source coverage rather than only a project-level badge.,Controlled verification,UNASSIGNED,CONTROLLED_POST_P0_MILESTONE,NOT_REQUIRED,NONE,,[],"[""REQ-RECUNC-004""]",[],"[""CAP-005"",""GOV-001"",""REC-005""]","[""QA-001""]",
RECUNC-005,P1,NOT_STARTED,40-reconstruction/411_quality_uncertainty.md,40,4. Normative requirements,"Human review shall record reviewer, evidence examined, decision, scope, and limitations.",Controlled verification,UNASSIGNED,CONTROLLED_POST_P0_MILESTONE,NOT_REQUIRED,NONE,,[],"[""REQ-RECUNC-005""]",[],"[""CAP-005"",""GOV-001"",""REC-005""]","[""QA-001""]",
RECUNC-006,P1,NOT_STARTED,40-reconstruction/411_quality_uncertainty.md,41,4. Normative requirements,"Verification shall never be inferred from elapsed time, customer payment, or absence of complaints.",Controlled verification,UNASSIGNED,CONTROLLED_POST_P0_MILESTONE,NOT_REQUIRED,NONE,,[],"[""REQ-RECUNC-006""]",[],"[""CAP-005"",""GOV-001"",""REC-005""]","[""QA-001""]",
RECBENCH-001,P0,NOT_STARTED,40-reconstruction/412_benchmarking.md,36,4. Normative requirements,"The benchmark suite shall include trajectory ground truth, known dimensions, high-quality reference scans, semantic inventory, and change events where applicable.",Automated test,UNASSIGNED,FIRST_PRODUCTION_BLOCKING,NOT_REQUIRED,NONE,,[],"[""REQ-RECBENCH-001""]",[],"[""CAP-005"",""GOV-001"",""REC-005""]","[""QA-001""]",
RECBENCH-002,P0,NOT_STARTED,40-reconstruction/412_benchmarking.md,37,4. Normative requirements,"Every result shall record source code, model/checkpoint hash, environment, hardware, parameters, and input hashes.",Automated test,UNASSIGNED,FIRST_PRODUCTION_BLOCKING,NOT_REQUIRED,NONE,,[],"[""REQ-RECBENCH-002""]",[],"[""CAP-005"",""GOV-001"",""REC-005""]","[""QA-001""]",
RECBENCH-003,P0,NOT_STARTED,40-reconstruction/412_benchmarking.md,38,4. Normative requirements,"Metrics shall include ATE/RPE, point-to-surface distance, completeness, normal error, scale drift, loop residual, change precision/recall, runtime, peak memory, and cost.",Controlled verification,UNASSIGNED,FIRST_PRODUCTION_BLOCKING,NOT_REQUIRED,NONE,,[],"[""REQ-RECBENCH-003""]",[],"[""CAP-005"",""GOV-001"",""REC-005""]","[""QA-001""]",
RECBENCH-004,P1,NOT_STARTED,40-reconstruction/412_benchmarking.md,39,4. Normative requirements,Regressions beyond declared tolerances shall block release or require an explicit scoped waiver.,Controlled verification,UNASSIGNED,CONTROLLED_POST_P0_MILESTONE,NOT_REQUIRED,NONE,,[],"[""REQ-RECBENCH-004""]",[],"[""CAP-005"",""GOV-001"",""REC-005""]","[""QA-001""]",
RECBENCH-005,P1,NOT_STARTED,40-reconstruction/412_benchmarking.md,40,4. Normative requirements,"Benchmark datasets with people or homes shall document consent, access, retention, and publication restrictions.",Controlled verification,UNASSIGNED,CONTROLLED_POST_P0_MILESTONE,NOT_REQUIRED,NONE,,[],"[""REQ-RECBENCH-005""]",[],"[""CAP-005"",""GOV-001"",""REC-005""]","[""QA-001""]",
RECBENCH-006,P1,NOT_STARTED,40-reconstruction/412_benchmarking.md,41,4. Normative requirements,Results shall be stratified by scene type and not averaged into a misleading single number.,Controlled verification,UNASSIGNED,CONTROLLED_POST_P0_MILESTONE,NOT_REQUIRED,NONE,,[],"[""REQ-RECBENCH-006""]",[],"[""CAP-005"",""GOV-001"",""REC-005""]","[""QA-001""]",
RECGPU-001,P0,NOT_STARTED,40-reconstruction/413_gpu_compute_profiles.md,36,4. Normative requirements,"Each compute profile shall pin resolution, dtype, backend, model, window policy, memory limit, timeout, output class, and expected quality tier.",Controlled verification,UNASSIGNED,FIRST_PRODUCTION_BLOCKING,NOT_REQUIRED,NONE,,[],"[""REQ-RECGPU-001""]",[],"[""CAP-001"",""GOV-001"",""PLT-001"",""REC-001""]","[""REC-001"",""OPS-002""]",
RECGPU-002,P0,NOT_STARTED,40-reconstruction/413_gpu_compute_profiles.md,37,4. Normative requirements,The scheduler shall prevent incompatible CUDA/driver/container combinations.,Automated test,UNASSIGNED,FIRST_PRODUCTION_BLOCKING,NOT_REQUIRED,NONE,,[],"[""REQ-RECGPU-002""]",[],"[""CAP-001"",""GOV-001"",""PLT-001"",""REC-001""]","[""REC-001"",""OPS-002""]",
RECGPU-003,P0,NOT_STARTED,40-reconstruction/413_gpu_compute_profiles.md,38,4. Normative requirements,GPU workers shall run one tenant security context per isolated job or approved batch boundary.,Controlled verification,UNASSIGNED,FIRST_PRODUCTION_BLOCKING,NOT_REQUIRED,NONE,,[],"[""REQ-RECGPU-003""]",[],"[""CAP-001"",""GOV-001"",""PLT-001"",""REC-001""]","[""REC-001"",""OPS-002""]",
RECGPU-004,P1,NOT_STARTED,40-reconstruction/413_gpu_compute_profiles.md,39,4. Normative requirements,OOM fallback shall be explicit and recorded; silent parameter reduction is prohibited.,Controlled verification,UNASSIGNED,CONTROLLED_POST_P0_MILESTONE,NOT_REQUIRED,NONE,,[],"[""REQ-RECGPU-004""]",[],"[""CAP-001"",""GOV-001"",""PLT-001"",""REC-001""]","[""REC-001"",""OPS-002""]",
RECGPU-005,P1,NOT_STARTED,40-reconstruction/413_gpu_compute_profiles.md,40,4. Normative requirements,"Cost estimation shall include decode, inference, optimization, fusion, splat, semantic processing, storage, and egress.",Controlled verification,UNASSIGNED,CONTROLLED_POST_P0_MILESTONE,NOT_REQUIRED,NONE,,[],"[""REQ-RECGPU-005""]",[],"[""CAP-001"",""GOV-001"",""PLT-001"",""REC-001""]","[""REC-001"",""OPS-002""]",
RECGPU-006,P1,NOT_STARTED,40-reconstruction/413_gpu_compute_profiles.md,41,4. Normative requirements,Preempted jobs shall resume from verified checkpoints when supported.,Controlled verification,UNASSIGNED,CONTROLLED_POST_P0_MILESTONE,NOT_REQUIRED,NONE,,[],"[""REQ-RECGPU-006""]",[],"[""CAP-001"",""GOV-001"",""PLT-001"",""REC-001""]","[""REC-001"",""OPS-002""]",
RECREPRO-001,P0,NOT_STARTED,40-reconstruction/414_pipeline_reproducibility.md,36,4. Normative requirements,"The run manifest shall include inputs, software commits, images, packages, container digest, hardware, driver/runtime, model manifests, parameters, seeds, locale/timezone, outputs, logs, metrics, and validation.",Controlled verification,UNASSIGNED,FIRST_PRODUCTION_BLOCKING,NOT_REQUIRED,NONE,,[],"[""REQ-RECREPRO-001""]",[],"[""CAP-005"",""DATA-001"",""DATA-002"",""GOV-001"",""IAM-001"",""REC-005""]","[""QA-001"",""PLT-001""]",
RECREPRO-002,P0,NOT_STARTED,40-reconstruction/414_pipeline_reproducibility.md,37,4. Normative requirements,The platform shall verify every referenced hash before executing a reproducibility claim.,Automated test,UNASSIGNED,FIRST_PRODUCTION_BLOCKING,NOT_REQUIRED,NONE,,[],"[""REQ-RECREPRO-002""]",[],"[""CAP-005"",""DATA-001"",""DATA-002"",""GOV-001"",""IAM-001"",""REC-005""]","[""QA-001"",""PLT-001""]",
RECREPRO-003,P0,NOT_STARTED,40-reconstruction/414_pipeline_reproducibility.md,38,4. Normative requirements,"A comparison report shall classify identical, within tolerance, materially different, and incomparable outputs.",Controlled verification,UNASSIGNED,FIRST_PRODUCTION_BLOCKING,NOT_REQUIRED,NONE,,[],"[""REQ-RECREPRO-003""]",[],"[""CAP-005"",""DATA-001"",""DATA-002"",""GOV-001"",""IAM-001"",""REC-005""]","[""QA-001"",""PLT-001""]",
RECREPRO-004,P1,NOT_STARTED,40-reconstruction/414_pipeline_reproducibility.md,39,4. Normative requirements,Non-deterministic algorithms shall document expected variance and benchmark it.,Controlled verification,UNASSIGNED,CONTROLLED_POST_P0_MILESTONE,NOT_REQUIRED,NONE,,[],"[""REQ-RECREPRO-004""]",[],"[""CAP-005"",""DATA-001"",""DATA-002"",""GOV-001"",""IAM-001"",""REC-005""]","[""QA-001"",""PLT-001""]",
RECREPRO-005,P1,NOT_STARTED,40-reconstruction/414_pipeline_reproducibility.md,40,4. Normative requirements,"Expired or revoked dependencies shall not prevent reading old manifests, but may prevent execution until isolated approval.",Automated test,UNASSIGNED,CONTROLLED_POST_P0_MILESTONE,NOT_REQUIRED,NONE,,[],"[""REQ-RECREPRO-005""]",[],"[""CAP-005"",""DATA-001"",""DATA-002"",""GOV-001"",""IAM-001"",""REC-005""]","[""QA-001"",""PLT-001""]",
RECREPRO-006,P1,NOT_STARTED,40-reconstruction/414_pipeline_reproducibility.md,41,4. Normative requirements,Release acceptance shall reproduce representative runs in a clean environment.,Controlled verification,UNASSIGNED,CONTROLLED_POST_P0_MILESTONE,NOT_REQUIRED,NONE,,[],"[""REQ-RECREPRO-006""]",[],"[""CAP-005"",""DATA-001"",""DATA-002"",""GOV-001"",""IAM-001"",""REC-005""]","[""QA-001"",""PLT-001""]",
RECHYB-001,P0,NOT_STARTED,40-reconstruction/415_splat_surface_hybrid_representation.md,139,12. Normative requirements,"SIP shall store metric, visual, interaction, design, and evidence roles independently while registering them to explicit coordinate frames.",Schema and integration test,UNASSIGNED,FIRST_PRODUCTION_BLOCKING,NOT_REQUIRED,NONE,,[],"[""REQ-RECHYB-001""]",[],"[""DATA-001"",""DATA-002"",""PLT-002"",""REC-008"",""REC-009"",""SCN-001""]","[""DATA-003"",""PLT-004""]",
RECHYB-002,P0,VERIFIED,40-reconstruction/415_splat_surface_hybrid_representation.md,140,12. Normative requirements,Every interaction proxy shall carry authority class `derived_non_authoritative` and shall be ineligible for verified measurement by itself.,Policy test,SIP Engineering,FIRST_PRODUCTION_BLOCKING,NOT_REQUIRED,NONE,,"[""src/sip/representations.py"",""src/sip/scene.py"",""apps/web"",""tools/run_demo.py""]","[""tests/contract/test_generated_contracts.py::test_representation_contract_rejects_authority_drift_for_interaction_proxies"",""tests/contract/test_worker_protocol.py::test_interaction_candidate_package_requires_exact_non_authoritative_ceiling_and_disposable"",""tests/e2e/test_platform_demonstrations.py::test_hybrid_representation_demonstration"",""tests/integration/test_scene_representation.py::test_hybrid_provider_quarantine_quality_publisher_and_proxy_measurement_guard"",""tests/migration/test_migrations.py::test_upgrade_reclassifies_legacy_interaction_representations_without_promoting_others""]","[""build/evidence/demos/hybrid.json"",""build/reports/test-matrix.json"",""build/reports/tests/contract.xml"",""build/reports/tests/e2e.xml"",""build/reports/tests/integration.xml"",""build/reports/tests/migration.xml""]","[""DATA-001"",""DATA-002"",""PLT-002"",""REC-008"",""REC-009"",""SCN-001""]","[""DATA-003"",""PLT-004""]","Verified in the deterministic local reference profile by the exact linked automated test(s) and retained evidence; no external hardware, cloud, GPU, legal, or customer-pilot result is inferred."
RECHYB-003,P0,NOT_STARTED,40-reconstruction/415_splat_surface_hybrid_representation.md,141,12. Normative requirements,"A splat-to-surface operation shall preserve immutable source hashes, provider identity, exact version, parameters, environment, output hashes, validation, and publication decision.",Provenance test,UNASSIGNED,FIRST_PRODUCTION_BLOCKING,NOT_REQUIRED,NONE,,[],"[""REQ-RECHYB-003""]",[],"[""DATA-001"",""DATA-002"",""PLT-002"",""REC-008"",""REC-009"",""SCN-001""]","[""DATA-003"",""PLT-004""]",
RECHYB-004,P0,NOT_STARTED,40-reconstruction/415_splat_surface_hybrid_representation.md,142,12. Normative requirements,"The system shall validate transform, scale, coverage, topology, collision behavior, and intended-use suitability before proxy publication.",Benchmark gate,UNASSIGNED,FIRST_PRODUCTION_BLOCKING,NOT_REQUIRED,NONE,,[],"[""REQ-RECHYB-004""]",[],"[""DATA-001"",""DATA-002"",""PLT-002"",""REC-008"",""REC-009"",""SCN-001""]","[""DATA-003"",""PLT-004""]",
RECHYB-005,P0,VERIFIED,40-reconstruction/415_splat_surface_hybrid_representation.md,143,12. Normative requirements,Construction measurements initiated from a proxy shall resolve to eligible metric evidence or remain explicitly approximate and unverified.,End-to-end test,SIP Engineering,FIRST_PRODUCTION_BLOCKING,NOT_REQUIRED,NONE,,"[""src/sip/representations.py"",""src/sip/scene.py"",""apps/web"",""tools/run_demo.py""]","[""tests/e2e/test_platform_demonstrations.py::test_hybrid_representation_demonstration"",""tests/integration/test_governed_hybrid.py::test_candidate_role_size_validation_and_profile_integrity_fail_closed"",""tests/integration/test_governed_hybrid.py::test_quarantine_independent_validation_atomic_publication_and_view_reauthorization"",""tests/integration/test_scene_representation.py::test_hybrid_provider_quarantine_quality_publisher_and_proxy_measurement_guard""]","[""build/evidence/demos/hybrid.json"",""build/reports/test-matrix.json"",""build/reports/tests/e2e.xml"",""build/reports/tests/integration.xml""]","[""DATA-001"",""DATA-002"",""PLT-002"",""REC-008"",""REC-009"",""SCN-001""]","[""DATA-003"",""PLT-004""]","Verified in the deterministic local reference profile by the exact linked automated test(s) and retained evidence; no external hardware, cloud, GPU, legal, or customer-pilot result is inferred."
RECHYB-006,P0,NOT_STARTED,40-reconstruction/415_splat_surface_hybrid_representation.md,144,12. Normative requirements,Sensitive scenes shall not leave an approved trust boundary through a manual or hosted provider without a matching policy approval.,Security test,UNASSIGNED,FIRST_PRODUCTION_BLOCKING,NOT_REQUIRED,NONE,,[],"[""REQ-RECHYB-006""]",[],"[""DATA-001"",""DATA-002"",""PLT-002"",""REC-008"",""REC-009"",""SCN-001""]","[""DATA-003"",""PLT-004""]",
RECHYB-007,P0,NOT_STARTED,40-reconstruction/415_splat_surface_hybrid_representation.md,145,12. Normative requirements,Semantic anchors shall not depend solely on provider-local triangle indices that may change after remeshing or decimation.,Remesh regression test,UNASSIGNED,FIRST_PRODUCTION_BLOCKING,NOT_REQUIRED,NONE,,[],"[""REQ-RECHYB-007""]",[],"[""DATA-001"",""DATA-002"",""PLT-002"",""REC-008"",""REC-009"",""SCN-001""]","[""DATA-003"",""PLT-004""]",
RECHYB-008,P0,NOT_STARTED,40-reconstruction/415_splat_surface_hybrid_representation.md,146,12. Normative requirements,"Provider failure or rejection shall not modify the accepted metric scene, source splat, or prior published proxy.",Transaction and rollback test,UNASSIGNED,FIRST_PRODUCTION_BLOCKING,NOT_REQUIRED,NONE,,[],"[""REQ-RECHYB-008""]",[],"[""DATA-001"",""DATA-002"",""PLT-002"",""REC-008"",""REC-009"",""SCN-001""]","[""DATA-003"",""PLT-004""]",
RECHYB-009,P1,NOT_STARTED,40-reconstruction/415_splat_surface_hybrid_representation.md,147,12. Normative requirements,"The pipeline shall support separate derivatives for display, collision, navigation, occlusion, and spatial audio when one mesh cannot satisfy all budgets.",Integration test,UNASSIGNED,CONTROLLED_POST_P0_MILESTONE,NOT_REQUIRED,NONE,,[],"[""REQ-RECHYB-009""]",[],"[""DATA-001"",""DATA-002"",""PLT-002"",""REC-008"",""REC-009"",""SCN-001""]","[""DATA-003"",""PLT-004""]",
RECHYB-010,P1,NOT_STARTED,40-reconstruction/415_splat_surface_hybrid_representation.md,148,12. Normative requirements,"Building-scale scenes shall support tiled processing, overlap validation, seam checks, and independent partition regeneration.",Large-scene test,UNASSIGNED,CONTROLLED_POST_P0_MILESTONE,NOT_REQUIRED,NONE,,[],"[""REQ-RECHYB-010""]",[],"[""DATA-001"",""DATA-002"",""PLT-002"",""REC-008"",""REC-009"",""SCN-001""]","[""DATA-003"",""PLT-004""]",
RECHYB-011,P1,NOT_STARTED,40-reconstruction/415_splat_surface_hybrid_representation.md,149,12. Normative requirements,"The viewer shall provide an authorized diagnostic mode exposing layer roles, authority, provider, coverage, and limitations.",UI acceptance test,UNASSIGNED,CONTROLLED_POST_P0_MILESTONE,NOT_REQUIRED,NONE,,[],"[""REQ-RECHYB-011""]",[],"[""DATA-001"",""DATA-002"",""PLT-002"",""REC-008"",""REC-009"",""SCN-001""]","[""DATA-003"",""PLT-004""]",
RECHYB-012,P1,NOT_STARTED,40-reconstruction/415_splat_surface_hybrid_representation.md,150,12. Normative requirements,"The runtime shall provide component-level fallbacks when proxy picking, collision, navigation, or occlusion is unavailable.",Fault-injection test,UNASSIGNED,CONTROLLED_POST_P0_MILESTONE,NOT_REQUIRED,NONE,,[],"[""REQ-RECHYB-012""]",[],"[""DATA-001"",""DATA-002"",""PLT-002"",""REC-008"",""REC-009"",""SCN-001""]","[""DATA-003"",""PLT-004""]",
RECHYB-013,P1,NOT_STARTED,40-reconstruction/415_splat_surface_hybrid_representation.md,151,12. Normative requirements,Surface quality gates shall be selected by intended use rather than a single global pass/fail score.,Policy and benchmark test,UNASSIGNED,CONTROLLED_POST_P0_MILESTONE,NOT_REQUIRED,NONE,,[],"[""REQ-RECHYB-013""]",[],"[""DATA-001"",""DATA-002"",""PLT-002"",""REC-008"",""REC-009"",""SCN-001""]","[""DATA-003"",""PLT-004""]",
RECHYB-014,P1,NOT_STARTED,40-reconstruction/415_splat_surface_hybrid_representation.md,152,12. Normative requirements,Manual cleanup shall be replayable or preserved as a separately versioned authored derivative with edit provenance.,Reproducibility test,UNASSIGNED,CONTROLLED_POST_P0_MILESTONE,NOT_REQUIRED,NONE,,[],"[""REQ-RECHYB-014""]",[],"[""DATA-001"",""DATA-002"",""PLT-002"",""REC-008"",""REC-009"",""SCN-001""]","[""DATA-003"",""PLT-004""]",
RECHYB-015,P1,NOT_STARTED,40-reconstruction/415_splat_surface_hybrid_representation.md,153,12. Normative requirements,A visual splat shall remain independently viewable and exportable when surface extraction is disabled or unsuccessful.,Compatibility test,UNASSIGNED,CONTROLLED_POST_P0_MILESTONE,NOT_REQUIRED,NONE,,[],"[""REQ-RECHYB-015""]",[],"[""DATA-001"",""DATA-002"",""PLT-002"",""REC-008"",""REC-009"",""SCN-001""]","[""DATA-003"",""PLT-004""]",
RECHYB-016,P1,NOT_STARTED,40-reconstruction/415_splat_surface_hybrid_representation.md,154,12. Normative requirements,Every published proxy shall retain a machine-readable limitations statement and support-map reference.,Schema test,UNASSIGNED,CONTROLLED_POST_P0_MILESTONE,NOT_REQUIRED,NONE,,[],"[""REQ-RECHYB-016""]",[],"[""DATA-001"",""DATA-002"",""PLT-002"",""REC-008"",""REC-009"",""SCN-001""]","[""DATA-003"",""PLT-004""]",
RECPROV-001,P0,IMPLEMENTED_UNVERIFIED,40-reconstruction/416_splat_surface_provider_contract.md,279,12. Normative requirements,"Every provider shall register a signed capability, execution, coordinate, security, license, and benchmark descriptor before source-data access.",Registry schema and admission test,SIP Engineering,FIRST_PRODUCTION_BLOCKING,NOT_REQUIRED,NONE,,"[""src/sip/hybrid.py"",""src/sip/contracts.py"",""src/sip/worker_runtime.py"",""src/sip/representations.py"",""src/sip/database.py"",""schemas/jsonschema/provider-capability.schema.json"",""migrations/versions/0011_governed_hybrid_representation.py""]","[""tests/integration/test_governed_hybrid.py::test_provider_descriptor_revision_promotion_and_tamper_fail_closed""]","[""build/reports/test-matrix.json"",""build/reports/tests/contract.xml"",""build/reports/tests/integration.xml"",""schemas/events/event-catalog.json""]","[""GOV-001"",""GOV-002"",""PLT-001"",""REC-005"",""REC-007""]","[""REC-008"",""GOV-002""]","Implementation and automated checks exist, but production-environment or full-scope evidence is incomplete; this requirement is intentionally not marked verified."
RECPROV-002,P0,IMPLEMENTED_UNVERIFIED,40-reconstruction/416_splat_surface_provider_contract.md,280,12. Normative requirements,Orchestration shall select providers by approved capabilities and policy envelope rather than by hard-coded product name.,Policy-selection test,SIP Engineering,FIRST_PRODUCTION_BLOCKING,NOT_REQUIRED,NONE,,"[""src/sip/hybrid.py"",""src/sip/contracts.py"",""src/sip/worker_runtime.py"",""src/sip/representations.py"",""src/sip/database.py"",""schemas/jsonschema/provider-capability.schema.json"",""migrations/versions/0011_governed_hybrid_representation.py""]","[""tests/integration/test_governed_hybrid.py::test_provider_descriptor_revision_promotion_and_tamper_fail_closed""]","[""build/reports/test-matrix.json"",""build/reports/tests/contract.xml"",""build/reports/tests/integration.xml"",""schemas/events/event-catalog.json""]","[""GOV-001"",""GOV-002"",""PLT-001"",""REC-005"",""REC-007""]","[""REC-008"",""GOV-002""]","Implementation and automated checks exist, but production-environment or full-scope evidence is incomplete; this requirement is intentionally not marked verified."
RECPROV-003,P0,IMPLEMENTED_UNVERIFIED,40-reconstruction/416_splat_surface_provider_contract.md,281,12. Normative requirements,"The immutable operation request shall identify source hashes, roles, coordinate frames, intended uses, constraints, classification, and idempotency key.",Contract test,SIP Engineering,FIRST_PRODUCTION_BLOCKING,NOT_REQUIRED,NONE,,"[""src/sip/hybrid.py"",""src/sip/contracts.py"",""src/sip/worker_runtime.py"",""src/sip/representations.py"",""src/sip/database.py"",""schemas/jsonschema/provider-capability.schema.json"",""migrations/versions/0011_governed_hybrid_representation.py""]","[""tests/integration/test_governed_hybrid.py::test_conversion_admission_worker_scope_progress_idempotency_and_cancel""]","[""build/reports/test-matrix.json"",""build/reports/tests/contract.xml"",""build/reports/tests/integration.xml"",""schemas/events/event-catalog.json""]","[""GOV-001"",""GOV-002"",""PLT-001"",""REC-005"",""REC-007""]","[""REC-008"",""GOV-002""]","Implementation and automated checks exist, but production-environment or full-scope evidence is incomplete; this requirement is intentionally not marked verified."
RECPROV-004,P0,IMPLEMENTED_UNVERIFIED,40-reconstruction/416_splat_surface_provider_contract.md,282,12. Normative requirements,"License, model, data-rights, consent, and transfer gates shall execute before provider access to decrypted source bytes.",Security and policy test,SIP Engineering,FIRST_PRODUCTION_BLOCKING,NOT_REQUIRED,NONE,,"[""src/sip/hybrid.py"",""src/sip/contracts.py"",""src/sip/worker_runtime.py"",""src/sip/representations.py"",""src/sip/database.py"",""schemas/jsonschema/provider-capability.schema.json"",""migrations/versions/0011_governed_hybrid_representation.py""]","[""tests/integration/test_governed_hybrid.py::test_provider_admission_denials_fail_closed_and_retain_safe_evidence"",""tests/integration/test_governed_hybrid.py::test_provider_descriptor_revision_promotion_and_tamper_fail_closed"",""tests/integration/test_governed_hybrid.py::test_worker_renewal_fails_when_admitted_provider_revision_is_no_longer_current""]","[""build/reports/test-matrix.json"",""build/reports/tests/contract.xml"",""build/reports/tests/integration.xml"",""schemas/events/event-catalog.json""]","[""GOV-001"",""GOV-002"",""PLT-001"",""REC-005"",""REC-007""]","[""REC-008"",""GOV-002""]","Implementation and automated checks exist, but production-environment or full-scope evidence is incomplete; this requirement is intentionally not marked verified."
RECPROV-005,P0,IMPLEMENTED_UNVERIFIED,40-reconstruction/416_splat_surface_provider_contract.md,283,12. Normative requirements,Provider-native validation shall not publish an output without independent SIP registration and intended-use validation.,End-to-end publication test,SIP Engineering,FIRST_PRODUCTION_BLOCKING,NOT_REQUIRED,NONE,,"[""src/sip/hybrid.py"",""src/sip/contracts.py"",""src/sip/worker_runtime.py"",""src/sip/representations.py"",""src/sip/database.py"",""schemas/jsonschema/provider-capability.schema.json"",""migrations/versions/0011_governed_hybrid_representation.py""]","[""tests/integration/test_governed_hybrid.py::test_candidate_role_size_validation_and_profile_integrity_fail_closed"",""tests/integration/test_governed_hybrid.py::test_quarantine_independent_validation_atomic_publication_and_view_reauthorization""]","[""build/reports/test-matrix.json"",""build/reports/tests/contract.xml"",""build/reports/tests/integration.xml"",""schemas/events/event-catalog.json""]","[""GOV-001"",""GOV-002"",""PLT-001"",""REC-005"",""REC-007""]","[""REC-008"",""GOV-002""]","Implementation and automated checks exist, but production-environment or full-scope evidence is incomplete; this requirement is intentionally not marked verified."
RECPROV-006,P0,IMPLEMENTED_UNVERIFIED,40-reconstruction/416_splat_surface_provider_contract.md,284,12. Normative requirements,"A provider shall not infer or discard scale, units, handedness, coordinate transforms, or authority class without an explicit machine-readable record.",Coordinate conformance test,SIP Engineering,FIRST_PRODUCTION_BLOCKING,NOT_REQUIRED,NONE,,"[""src/sip/hybrid.py"",""src/sip/contracts.py"",""src/sip/worker_runtime.py"",""src/sip/representations.py"",""src/sip/database.py"",""schemas/jsonschema/provider-capability.schema.json"",""migrations/versions/0011_governed_hybrid_representation.py""]","[""tests/integration/test_governed_hybrid.py::test_conversion_admission_worker_scope_progress_idempotency_and_cancel"",""tests/integration/test_governed_hybrid.py::test_provider_admission_denials_fail_closed_and_retain_safe_evidence""]","[""build/reports/test-matrix.json"",""build/reports/tests/contract.xml"",""build/reports/tests/integration.xml"",""schemas/events/event-catalog.json""]","[""GOV-001"",""GOV-002"",""PLT-001"",""REC-005"",""REC-007""]","[""REC-008"",""GOV-002""]","Implementation and automated checks exist, but production-environment or full-scope evidence is incomplete; this requirement is intentionally not marked verified."
RECPROV-007,P0,VERIFIED,40-reconstruction/416_splat_surface_provider_contract.md,285,12. Normative requirements,Publication shall be atomic and separate from execution so retries and worker failures cannot create competing accepted outputs.,Fault-injection and transaction test,SIP Engineering,FIRST_PRODUCTION_BLOCKING,NOT_REQUIRED,NONE,,"[""src/sip/hybrid.py"",""src/sip/contracts.py"",""src/sip/worker_runtime.py"",""src/sip/representations.py"",""src/sip/database.py"",""schemas/jsonschema/provider-capability.schema.json"",""migrations/versions/0011_governed_hybrid_representation.py""]","[""tests/integration/test_governed_hybrid.py::test_provider_or_validation_snapshot_changes_block_publication"",""tests/integration/test_governed_hybrid.py::test_quarantine_independent_validation_atomic_publication_and_view_reauthorization"",""tests/integration/test_worker_runtime.py::test_candidate_staging_is_idempotent_when_completion_fails_then_retries""]","[""build/reports/test-matrix.json"",""build/reports/tests/contract.xml"",""build/reports/tests/integration.xml"",""schemas/events/event-catalog.json""]","[""GOV-001"",""GOV-002"",""PLT-001"",""REC-005"",""REC-007""]","[""REC-008"",""GOV-002""]","Verified in the deterministic local reference profile by the exact linked automated test(s) and retained evidence; no external hardware, cloud, GPU, legal, or customer-pilot result is inferred."
RECPROV-008,P0,IMPLEMENTED_UNVERIFIED,40-reconstruction/416_splat_surface_provider_contract.md,286,12. Normative requirements,"Manual external conversion shall use controlled export, return receipt, hash verification, policy review, and independent validation.",Manual-provider procedure test,SIP Engineering,FIRST_PRODUCTION_BLOCKING,NOT_REQUIRED,NONE,,"[""src/sip/hybrid.py"",""src/sip/contracts.py"",""src/sip/worker_runtime.py"",""src/sip/representations.py"",""src/sip/database.py"",""schemas/jsonschema/provider-capability.schema.json"",""migrations/versions/0011_governed_hybrid_representation.py""]","[""tests/integration/test_governed_hybrid.py::test_manual_external_path_exports_only_non_authoritative_derivatives_and_retains_receipt""]","[""build/reports/test-matrix.json"",""build/reports/tests/contract.xml"",""build/reports/tests/integration.xml"",""schemas/events/event-catalog.json""]","[""GOV-001"",""GOV-002"",""PLT-001"",""REC-005"",""REC-007""]","[""REC-008"",""GOV-002""]","Implementation and automated checks exist, but production-environment or full-scope evidence is incomplete; this requirement is intentionally not marked verified."
RECPROV-009,P1,IMPLEMENTED_UNVERIFIED,40-reconstruction/416_splat_surface_provider_contract.md,287,12. Normative requirements,"Providers shall expose bounded cancellation, checkpoint, cleanup, and recovery behavior in the capability descriptor.",Recovery conformance test,SIP Engineering,CONTROLLED_POST_P0_MILESTONE,NOT_REQUIRED,NONE,,"[""src/sip/hybrid.py"",""src/sip/contracts.py"",""src/sip/worker_runtime.py"",""src/sip/representations.py"",""src/sip/database.py"",""schemas/jsonschema/provider-capability.schema.json"",""migrations/versions/0011_governed_hybrid_representation.py""]","[""tests/integration/test_governed_hybrid.py::test_manual_external_path_exports_only_non_authoritative_derivatives_and_retains_receipt"",""tests/integration/test_governed_hybrid.py::test_retryable_failure_resumes_only_after_verified_cleanup_and_policy_reauthorization""]","[""build/reports/test-matrix.json"",""build/reports/tests/contract.xml"",""build/reports/tests/integration.xml"",""schemas/events/event-catalog.json""]","[""GOV-001"",""GOV-002"",""PLT-001"",""REC-005"",""REC-007""]","[""REC-008"",""GOV-002""]","Implementation and automated checks exist, but production-environment or full-scope evidence is incomplete; this requirement is intentionally not marked verified."
RECPROV-010,P1,NOT_STARTED,40-reconstruction/416_splat_surface_provider_contract.md,288,12. Normative requirements,Progress shall report objective stage work units and last durable checkpoint rather than an unsupported global percentage.,Event-contract test,UNASSIGNED,CONTROLLED_POST_P0_MILESTONE,NOT_REQUIRED,NONE,,[],"[""REQ-RECPROV-010""]",[],"[""GOV-001"",""GOV-002"",""PLT-001"",""REC-005"",""REC-007""]","[""REC-008"",""GOV-002""]",
RECPROV-011,P1,NOT_STARTED,40-reconstruction/416_splat_surface_provider_contract.md,289,12. Normative requirements,"Provider promotion shall be scoped independently by data classification, scene class, output role, and intended use.",Promotion-policy test,UNASSIGNED,CONTROLLED_POST_P0_MILESTONE,NOT_REQUIRED,NONE,,[],"[""REQ-RECPROV-011""]",[],"[""GOV-001"",""GOV-002"",""PLT-001"",""REC-005"",""REC-007""]","[""REC-008"",""GOV-002""]",
RECPROV-012,P1,NOT_STARTED,40-reconstruction/416_splat_surface_provider_contract.md,290,12. Normative requirements,Deprecated provider versions shall remain addressable for reproducibility but shall receive no new production work.,Registry lifecycle test,UNASSIGNED,CONTROLLED_POST_P0_MILESTONE,NOT_REQUIRED,NONE,,[],"[""REQ-RECPROV-012""]",[],"[""GOV-001"",""GOV-002"",""PLT-001"",""REC-005"",""REC-007""]","[""REC-008"",""GOV-002""]",
RECPROV-013,P1,VERIFIED,40-reconstruction/416_splat_surface_provider_contract.md,291,12. Normative requirements,"Every candidate result shall include exact input, parameter, environment, provider, model, output, metric, limitation, and receipt records.",Provenance completeness test,SIP Engineering,CONTROLLED_POST_P0_MILESTONE,NOT_REQUIRED,NONE,,"[""src/sip/hybrid.py"",""src/sip/contracts.py"",""src/sip/worker_runtime.py"",""src/sip/representations.py"",""src/sip/database.py"",""schemas/jsonschema/provider-capability.schema.json"",""migrations/versions/0011_governed_hybrid_representation.py""]","[""tests/integration/test_worker_runtime.py::test_candidate_staging_is_idempotent_when_completion_fails_then_retries"",""tests/integration/test_worker_runtime.py::test_reference_fusion_worker_propagates_uncertainty""]","[""build/reports/test-matrix.json"",""build/reports/tests/contract.xml"",""build/reports/tests/integration.xml"",""schemas/events/event-catalog.json""]","[""GOV-001"",""GOV-002"",""PLT-001"",""REC-005"",""REC-007""]","[""REC-008"",""GOV-002""]","Verified in the deterministic local reference profile by the exact linked automated test(s) and retained evidence; no external hardware, cloud, GPU, legal, or customer-pilot result is inferred."
RECPROV-014,P1,NOT_STARTED,40-reconstruction/416_splat_surface_provider_contract.md,292,12. Normative requirements,Error responses shall use stable machine-readable codes and shall not leak restricted policy or scene information.,API and security test,UNASSIGNED,CONTROLLED_POST_P0_MILESTONE,NOT_REQUIRED,NONE,,[],"[""REQ-RECPROV-014""]",[],"[""GOV-001"",""GOV-002"",""PLT-001"",""REC-005"",""REC-007""]","[""REC-008"",""GOV-002""]",
RECPROV-015,P1,NOT_STARTED,40-reconstruction/416_splat_surface_provider_contract.md,293,12. Normative requirements,Resource and cost admission shall occur before execution and enforce tenant and project quotas throughout the job.,Capacity and cost test,UNASSIGNED,CONTROLLED_POST_P0_MILESTONE,NOT_REQUIRED,NONE,,[],"[""REQ-RECPROV-015""]",[],"[""GOV-001"",""GOV-002"",""PLT-001"",""REC-005"",""REC-007""]","[""REC-008"",""GOV-002""]",
RECPROV-016,P1,NOT_STARTED,40-reconstruction/416_splat_surface_provider_contract.md,294,12. Normative requirements,A provider upgrade shall enter shadow benchmarking and shall not replace an active version solely because it is newer.,Upgrade-promotion test,UNASSIGNED,CONTROLLED_POST_P0_MILESTONE,NOT_REQUIRED,NONE,,[],"[""REQ-RECPROV-016""]",[],"[""GOV-001"",""GOV-002"",""PLT-001"",""REC-005"",""REC-007""]","[""REC-008"",""GOV-002""]",
RECBIDI-001,P0,NOT_STARTED,40-reconstruction/417_bidirectional_mesh_splat_interop.md,171,12. Normative requirements,Mesh-splat and splat-surface conversions shall create new content-addressed derivatives and shall preserve every canonical source asset.,Asset-lineage test,UNASSIGNED,FIRST_PRODUCTION_BLOCKING,NOT_REQUIRED,NONE,,[],"[""REQ-RECBIDI-001""]",[],"[""DATA-003"",""REC-008"",""SCN-001""]","[""REC-009""]",
RECBIDI-002,P0,NOT_STARTED,40-reconstruction/417_bidirectional_mesh_splat_interop.md,172,12. Normative requirements,A conversion shall never assign an authority class higher than the source evidence permits.,Authority-policy test,UNASSIGNED,FIRST_PRODUCTION_BLOCKING,NOT_REQUIRED,NONE,,[],"[""REQ-RECBIDI-002""]",[],"[""DATA-003"",""REC-008"",""SCN-001""]","[""REC-009""]",
RECBIDI-003,P0,IN_PROGRESS,40-reconstruction/417_bidirectional_mesh_splat_interop.md,173,12. Normative requirements,"Every conversion shall record exact provider, version, model, parameters, environment, source/output hashes, coordinate transforms, and declared information losses.",Provenance-schema test,SIP Engineering,FIRST_PRODUCTION_BLOCKING,NOT_REQUIRED,NONE,,"[""src/sip/geometry.py"",""src/sip/provider_sdk.py"",""src/sip/representations.py"",""tools/run_demo.py""]","[""tests/e2e/test_platform_demonstrations.py::test_mesh_splat_surface_roundtrip_reports_irreversible_loss""]","[""build/evidence/demos/hybrid.json"",""build/reports/benchmark-report.json"",""build/reports/test-matrix.json"",""build/reports/tests/e2e.xml""]","[""DATA-003"",""REC-008"",""SCN-001""]","[""REC-009""]","A controlled implementation/test boundary exists, but the normative requirement is broader than the retained evidence and remains in progress."
RECBIDI-004,P0,NOT_STARTED,40-reconstruction/417_bidirectional_mesh_splat_interop.md,174,12. Normative requirements,Native hybrid composition shall be preferred when it meets the declared client and experience requirements without destructive conversion.,Architecture review and scenario test,UNASSIGNED,FIRST_PRODUCTION_BLOCKING,NOT_REQUIRED,NONE,,[],"[""REQ-RECBIDI-004""]",[],"[""DATA-003"",""REC-008"",""SCN-001""]","[""REC-009""]",
RECBIDI-005,P0,NOT_STARTED,40-reconstruction/417_bidirectional_mesh_splat_interop.md,175,12. Normative requirements,"Stable semantic entity identity shall remain in the scene graph and shall survive remeshing, decimation, retraining, and tiling.",Anchor-remapping regression test,UNASSIGNED,FIRST_PRODUCTION_BLOCKING,NOT_REQUIRED,NONE,,[],"[""REQ-RECBIDI-005""]",[],"[""DATA-003"",""REC-008"",""SCN-001""]","[""REC-009""]",
RECBIDI-006,P0,NOT_STARTED,40-reconstruction/417_bidirectional_mesh_splat_interop.md,176,12. Normative requirements,A visual derivative of design or generated content shall retain an inseparable design or generated truth label in all publishable manifests.,Viewer and export test,UNASSIGNED,FIRST_PRODUCTION_BLOCKING,NOT_REQUIRED,NONE,,[],"[""REQ-RECBIDI-006""]",[],"[""DATA-003"",""REC-008"",""SCN-001""]","[""REC-009""]",
RECBIDI-007,P0,NOT_STARTED,40-reconstruction/417_bidirectional_mesh_splat_interop.md,177,12. Normative requirements,A conversion shall not modify an accepted metric asset to improve visual alignment without creating and reviewing a separate derivative.,Immutability test,UNASSIGNED,FIRST_PRODUCTION_BLOCKING,NOT_REQUIRED,NONE,,[],"[""REQ-RECBIDI-007""]",[],"[""DATA-003"",""REC-008"",""SCN-001""]","[""REC-009""]",
RECBIDI-008,P1,IN_PROGRESS,40-reconstruction/417_bidirectional_mesh_splat_interop.md,178,12. Normative requirements,The platform shall support round-trip comparison that reports bounded intended-use metrics and irreversible information loss.,Benchmark test,SIP Engineering,CONTROLLED_POST_P0_MILESTONE,NOT_REQUIRED,NONE,,"[""src/sip/geometry.py"",""src/sip/provider_sdk.py"",""src/sip/representations.py"",""tools/run_demo.py""]","[""tests/e2e/test_platform_demonstrations.py::test_mesh_splat_surface_roundtrip_reports_irreversible_loss""]","[""build/evidence/demos/hybrid.json"",""build/reports/benchmark-report.json"",""build/reports/test-matrix.json"",""build/reports/tests/e2e.xml""]","[""DATA-003"",""REC-008"",""SCN-001""]","[""REC-009""]","A controlled implementation/test boundary exists, but the normative requirement is broader than the retained evidence and remains in progress."
RECBIDI-009,P1,NOT_STARTED,40-reconstruction/417_bidirectional_mesh_splat_interop.md,179,12. Normative requirements,"Conversion packages shall include open or documented target formats, transforms, support maps, limitations, validation, and redistribution notes.",Export/import conformance test,UNASSIGNED,CONTROLLED_POST_P0_MILESTONE,NOT_REQUIRED,NONE,,[],"[""REQ-RECBIDI-009""]",[],"[""DATA-003"",""REC-008"",""SCN-001""]","[""REC-009""]",
RECBIDI-010,P1,NOT_STARTED,40-reconstruction/417_bidirectional_mesh_splat_interop.md,180,12. Normative requirements,Spatial Git shall version conversion choices and semantic state without attempting binary line merges of meshes or splats.,Revision and merge test,UNASSIGNED,CONTROLLED_POST_P0_MILESTONE,NOT_REQUIRED,NONE,,[],"[""REQ-RECBIDI-010""]",[],"[""DATA-003"",""REC-008"",""SCN-001""]","[""REC-009""]",
RECBIDI-011,P1,NOT_STARTED,40-reconstruction/417_bidirectional_mesh_splat_interop.md,181,12. Normative requirements,"Design-to-observed alignment shall record coordinate source, control correspondences, residuals, approver, and validity interval.",Alignment audit test,UNASSIGNED,CONTROLLED_POST_P0_MILESTONE,NOT_REQUIRED,NONE,,[],"[""REQ-RECBIDI-011""]",[],"[""DATA-003"",""REC-008"",""SCN-001""]","[""REC-009""]",
RECBIDI-012,P1,NOT_STARTED,40-reconstruction/417_bidirectional_mesh_splat_interop.md,182,12. Normative requirements,Client fallback behavior shall not discard or conceal authority and truth labels when a preferred representation is unsupported.,Cross-client test,UNASSIGNED,CONTROLLED_POST_P0_MILESTONE,NOT_REQUIRED,NONE,,[],"[""REQ-RECBIDI-012""]",[],"[""DATA-003"",""REC-008"",""SCN-001""]","[""REC-009""]",
RECBIDI-013,P1,NOT_STARTED,40-reconstruction/417_bidirectional_mesh_splat_interop.md,183,12. Normative requirements,"Provider-specific identifiers shall be normalized behind canonical asset, frame, and semantic-support contracts.",Adapter conformance test,UNASSIGNED,CONTROLLED_POST_P0_MILESTONE,NOT_REQUIRED,NONE,,[],"[""REQ-RECBIDI-013""]",[],"[""DATA-003"",""REC-008"",""SCN-001""]","[""REC-009""]",
RECBIDI-014,P1,NOT_STARTED,40-reconstruction/417_bidirectional_mesh_splat_interop.md,184,12. Normative requirements,"A target asset shall inherit applicable consent, privacy, retention, legal-hold, export, and deletion dependencies from all sources.",Policy-propagation test,UNASSIGNED,CONTROLLED_POST_P0_MILESTONE,NOT_REQUIRED,NONE,,[],"[""REQ-RECBIDI-014""]",[],"[""DATA-003"",""REC-008"",""SCN-001""]","[""REC-009""]",
RECCLEAN-001,P0,NOT_STARTED,40-reconstruction/418_splat_editing_cleanup.md,131,11. Normative requirements,"Cleanup shall create derivatives and shall never overwrite canonical captures, splats, metric geometry, or design models.",Immutability test,UNASSIGNED,FIRST_PRODUCTION_BLOCKING,NOT_REQUIRED,NONE,,[],"[""REQ-RECCLEAN-001""]",[],"[""DATA-001"",""GOV-002"",""REC-005""]","[""REC-007""]",
RECCLEAN-002,P0,NOT_STARTED,40-reconstruction/418_splat_editing_cleanup.md,132,11. Normative requirements,"Every automated cleanup output shall record exact inputs, tool/container digest, parameters, seed, output hashes, and validation.",Reproducibility test,UNASSIGNED,FIRST_PRODUCTION_BLOCKING,NOT_REQUIRED,NONE,,[],"[""REQ-RECCLEAN-002""]",[],"[""DATA-001"",""GOV-002"",""REC-005""]","[""REC-007""]",
RECCLEAN-003,P0,NOT_STARTED,40-reconstruction/418_splat_editing_cleanup.md,133,11. Normative requirements,Manual edits shall use a replayable journal or be classified as non-reproducible authored derivatives with complete receipts.,Workflow audit,UNASSIGNED,FIRST_PRODUCTION_BLOCKING,NOT_REQUIRED,NONE,,[],"[""REQ-RECCLEAN-003""]",[],"[""DATA-001"",""GOV-002"",""REC-005""]","[""REC-007""]",
RECCLEAN-004,P0,IMPLEMENTED_UNVERIFIED,40-reconstruction/418_splat_editing_cleanup.md,134,11. Normative requirements,Hole filling and bridge creation shall be governed by declared purpose and shall not conceal openings relevant to construction or evidence.,Geometry and review test,SIP Engineering,FIRST_PRODUCTION_BLOCKING,NOT_REQUIRED,NONE,,"[""src/sip/hybrid.py"",""src/sip/representations.py"",""src/sip/geometry.py""]","[""tests/integration/test_governed_hybrid.py::test_manual_external_path_exports_only_non_authoritative_derivatives_and_retains_receipt""]","[""build/reports/test-matrix.json"",""build/reports/tests/integration.xml""]","[""DATA-001"",""GOV-002"",""REC-005""]","[""REC-007""]","Implementation and automated checks exist, but production-environment or full-scope evidence is incomplete; this requirement is intentionally not marked verified."
RECCLEAN-005,P0,NOT_STARTED,40-reconstruction/418_splat_editing_cleanup.md,135,11. Normative requirements,"Protected semantic and privacy regions shall be honored by automated removal, decimation, and fill operations.",Adversarial cleanup test,UNASSIGNED,FIRST_PRODUCTION_BLOCKING,NOT_REQUIRED,NONE,,[],"[""REQ-RECCLEAN-005""]",[],"[""DATA-001"",""GOV-002"",""REC-005""]","[""REC-007""]",
RECCLEAN-006,P0,NOT_STARTED,40-reconstruction/418_splat_editing_cleanup.md,136,11. Normative requirements,"Generated collision, navigation, display, and occlusion products shall remain separate assets with separate quality gates.",Asset contract test,UNASSIGNED,FIRST_PRODUCTION_BLOCKING,NOT_REQUIRED,NONE,,[],"[""REQ-RECCLEAN-006""]",[],"[""DATA-001"",""GOV-002"",""REC-005""]","[""REC-007""]",
RECCLEAN-007,P0,NOT_STARTED,40-reconstruction/418_splat_editing_cleanup.md,137,11. Normative requirements,"A cleaned or decimated derivative shall retain source lineage, coordinate-frame identity, authority, and limitations.",Lineage test,UNASSIGNED,FIRST_PRODUCTION_BLOCKING,NOT_REQUIRED,NONE,,[],"[""REQ-RECCLEAN-007""]",[],"[""DATA-001"",""GOV-002"",""REC-005""]","[""REC-007""]",
RECCLEAN-008,P1,NOT_STARTED,40-reconstruction/418_splat_editing_cleanup.md,138,11. Normative requirements,"The system shall support connected-component filtering, spatial cropping, invalid-value removal, decimation, reordering, tiling, and LOD generation through provider capabilities.",Capability test,UNASSIGNED,CONTROLLED_POST_P0_MILESTONE,NOT_REQUIRED,NONE,,[],"[""REQ-RECCLEAN-008""]",[],"[""DATA-001"",""GOV-002"",""REC-005""]","[""REC-007""]",
RECCLEAN-009,P1,NOT_STARTED,40-reconstruction/418_splat_editing_cleanup.md,139,11. Normative requirements,"Large scenes shall be partitioned deterministically and shall record overlap, seams, recomposition order, and tile hashes.",Building-scale test,UNASSIGNED,CONTROLLED_POST_P0_MILESTONE,NOT_REQUIRED,NONE,,[],"[""REQ-RECCLEAN-009""]",[],"[""DATA-001"",""GOV-002"",""REC-005""]","[""REC-007""]",
RECCLEAN-010,P1,NOT_STARTED,40-reconstruction/418_splat_editing_cleanup.md,140,11. Normative requirements,LOD switching shall preserve stable semantic anchors or create an explicit reattachment review task.,Anchor regression test,UNASSIGNED,CONTROLLED_POST_P0_MILESTONE,NOT_REQUIRED,NONE,,[],"[""REQ-RECCLEAN-010""]",[],"[""DATA-001"",""GOV-002"",""REC-005""]","[""REC-007""]",
RECCLEAN-011,P1,NOT_STARTED,40-reconstruction/418_splat_editing_cleanup.md,141,11. Normative requirements,"Review tooling shall expose removed, filled, repaired, redacted, and manually authored regions.",Reviewer UI test,UNASSIGNED,CONTROLLED_POST_P0_MILESTONE,NOT_REQUIRED,NONE,,[],"[""REQ-RECCLEAN-011""]",[],"[""DATA-001"",""GOV-002"",""REC-005""]","[""REC-007""]",
RECCLEAN-012,P1,NOT_STARTED,40-reconstruction/418_splat_editing_cleanup.md,142,11. Normative requirements,"Privacy presentation derivatives shall not be treated as fulfillment of source deletion, retention, or legal-hold obligations.",Privacy workflow test,UNASSIGNED,CONTROLLED_POST_P0_MILESTONE,NOT_REQUIRED,NONE,,[],"[""REQ-RECCLEAN-012""]",[],"[""DATA-001"",""GOV-002"",""REC-005""]","[""REC-007""]",
RECCLEAN-013,P1,NOT_STARTED,40-reconstruction/418_splat_editing_cleanup.md,143,11. Normative requirements,"The system shall classify reproducibility as deterministic, bounded-equivalent, or manual/non-reproducible and expose the classification.",Provenance UI test,UNASSIGNED,CONTROLLED_POST_P0_MILESTONE,NOT_REQUIRED,NONE,,[],"[""REQ-RECCLEAN-013""]",[],"[""DATA-001"",""GOV-002"",""REC-005""]","[""REC-007""]",
RECCLEAN-014,P1,NOT_STARTED,40-reconstruction/418_splat_editing_cleanup.md,144,11. Normative requirements,Cleanup acceptance thresholds shall be profile- and purpose-specific and shall be regression tested against protected features.,Benchmark policy test,UNASSIGNED,CONTROLLED_POST_P0_MILESTONE,NOT_REQUIRED,NONE,,[],"[""REQ-RECCLEAN-014""]",[],"[""DATA-001"",""GOV-002"",""REC-005""]","[""REC-007""]",
DATFRAME-001,P0,IMPLEMENTED_UNVERIFIED,50-data/500_coordinate_frames_units.md,36,4. Normative requirements,"A coordinate frame shall declare ID, semantic type, handedness, axis directions, units, origin, parent when applicable, and CRS/vertical datum when applicable.",Controlled verification,SIP Engineering,FIRST_PRODUCTION_BLOCKING,NOT_REQUIRED,NONE,,"[""src/sip/spatial_data.py"",""src/sip/contracts.py"",""src/sip/database.py"",""schemas/jsonschema/coordinate-frame.schema.json"",""migrations/versions/0010_spatial_truth_and_twin_controls.py""]","[""tests/contract/test_spatial_truth_api.py::test_spatial_truth_and_twin_contracts_are_authenticated_and_round_trip"",""tests/integration/test_spatial_truth_twin.py::test_datframe_known_basis_round_trip_temporal_transform_and_supersession""]","[""build/reports/test-matrix.json"",""build/reports/tests/contract.xml"",""build/reports/tests/integration.xml"",""schemas/events/event-catalog.json""]","[""FND-002"",""REC-001"",""REC-002""]","[""DATA-002"",""REC-003""]","Implementation and automated checks exist, but production-environment or full-scope evidence is incomplete; this requirement is intentionally not marked verified."
DATFRAME-002,P0,IMPLEMENTED_UNVERIFIED,50-data/500_coordinate_frames_units.md,37,4. Normative requirements,"A transform shall declare source, target, matrix layout, multiplication convention, direction, timestamp/validity, solver/source, and uncertainty.",Controlled verification,SIP Engineering,FIRST_PRODUCTION_BLOCKING,NOT_REQUIRED,NONE,,"[""src/sip/spatial_data.py"",""src/sip/contracts.py"",""src/sip/database.py"",""schemas/jsonschema/coordinate-frame.schema.json"",""migrations/versions/0010_spatial_truth_and_twin_controls.py""]","[""tests/integration/test_spatial_truth_twin.py::test_datframe_known_basis_round_trip_temporal_transform_and_supersession"",""tests/integration/test_spatial_truth_twin.py::test_datframe_transform_adapter_conventions_scale_units_and_uncertainty""]","[""build/reports/test-matrix.json"",""build/reports/tests/integration.xml"",""schemas/events/event-catalog.json""]","[""FND-002"",""REC-001"",""REC-002""]","[""DATA-002"",""REC-003""]","Implementation and automated checks exist, but production-environment or full-scope evidence is incomplete; this requirement is intentionally not marked verified."
DATFRAME-003,P0,IMPLEMENTED_UNVERIFIED,50-data/500_coordinate_frames_units.md,38,4. Normative requirements,"Adapters shall include conformance tests using known basis vectors, camera rays, and round trips.",Controlled verification,SIP Engineering,FIRST_PRODUCTION_BLOCKING,NOT_REQUIRED,NONE,,"[""src/sip/spatial_data.py"",""src/sip/contracts.py"",""src/sip/database.py"",""schemas/jsonschema/coordinate-frame.schema.json"",""migrations/versions/0010_spatial_truth_and_twin_controls.py""]","[""tests/integration/test_spatial_truth_twin.py::test_datframe_known_basis_round_trip_temporal_transform_and_supersession"",""tests/integration/test_spatial_truth_twin.py::test_datframe_transform_adapter_conventions_scale_units_and_uncertainty""]","[""build/reports/test-matrix.json"",""build/reports/tests/integration.xml"",""schemas/events/event-catalog.json""]","[""FND-002"",""REC-001"",""REC-002""]","[""DATA-002"",""REC-003""]","Implementation and automated checks exist, but production-environment or full-scope evidence is incomplete; this requirement is intentionally not marked verified."
DATFRAME-004,P1,IMPLEMENTED_UNVERIFIED,50-data/500_coordinate_frames_units.md,39,4. Normative requirements,Unit conversion shall occur at explicit boundaries and retain source units.,Controlled verification,SIP Engineering,CONTROLLED_POST_P0_MILESTONE,NOT_REQUIRED,NONE,,"[""src/sip/spatial_data.py"",""src/sip/contracts.py"",""src/sip/database.py"",""schemas/jsonschema/coordinate-frame.schema.json"",""migrations/versions/0010_spatial_truth_and_twin_controls.py""]","[""tests/integration/test_spatial_truth_twin.py::test_datframe_geospatial_pipeline_and_viewer_unit_conversion_are_explicit_and_non_mutating"",""tests/integration/test_spatial_truth_twin.py::test_datframe_known_basis_round_trip_temporal_transform_and_supersession""]","[""build/reports/test-matrix.json"",""build/reports/tests/integration.xml"",""schemas/events/event-catalog.json""]","[""FND-002"",""REC-001"",""REC-002""]","[""DATA-002"",""REC-003""]","Implementation and automated checks exist, but production-environment or full-scope evidence is incomplete; this requirement is intentionally not marked verified."
DATFRAME-005,P1,IMPLEMENTED_UNVERIFIED,50-data/500_coordinate_frames_units.md,40,4. Normative requirements,Viewer coordinate conversions shall not modify stored authoritative geometry.,Controlled verification,SIP Engineering,CONTROLLED_POST_P0_MILESTONE,NOT_REQUIRED,NONE,,"[""src/sip/spatial_data.py"",""src/sip/contracts.py"",""src/sip/database.py"",""schemas/jsonschema/coordinate-frame.schema.json"",""migrations/versions/0010_spatial_truth_and_twin_controls.py""]","[""tests/integration/test_spatial_truth_twin.py::test_datframe_geospatial_pipeline_and_viewer_unit_conversion_are_explicit_and_non_mutating""]","[""build/reports/test-matrix.json"",""build/reports/tests/integration.xml"",""schemas/events/event-catalog.json""]","[""FND-002"",""REC-001"",""REC-002""]","[""DATA-002"",""REC-003""]","Implementation and automated checks exist, but production-environment or full-scope evidence is incomplete; this requirement is intentionally not marked verified."
DATFRAME-006,P1,IMPLEMENTED_UNVERIFIED,50-data/500_coordinate_frames_units.md,41,4. Normative requirements,Geospatial transforms shall record the exact CRS pipeline and grid resources used.,Controlled verification,SIP Engineering,CONTROLLED_POST_P0_MILESTONE,NOT_REQUIRED,NONE,,"[""src/sip/spatial_data.py"",""src/sip/contracts.py"",""src/sip/database.py"",""schemas/jsonschema/coordinate-frame.schema.json"",""migrations/versions/0010_spatial_truth_and_twin_controls.py""]","[""tests/integration/test_spatial_truth_twin.py::test_datframe_geospatial_pipeline_and_viewer_unit_conversion_are_explicit_and_non_mutating""]","[""build/reports/test-matrix.json"",""build/reports/tests/integration.xml"",""schemas/events/event-catalog.json""]","[""FND-002"",""REC-001"",""REC-002""]","[""DATA-002"",""REC-003""]","Implementation and automated checks exist, but production-environment or full-scope evidence is incomplete; this requirement is intentionally not marked verified."
DATSCENE-001,P0,IMPLEMENTED_UNVERIFIED,50-data/501_scene_graph.md,36,4. Normative requirements,"Every entity shall have a stable UUID, tenant/project scope, type, lifecycle status, and creation provenance.",Controlled verification,SIP Engineering,FIRST_PRODUCTION_BLOCKING,NOT_REQUIRED,NONE,,"[""src/sip/scene.py"",""src/sip/database.py"",""src/sip/models.py""]","[""tests/integration/test_scene_representation.py::test_datgit_datscene_stable_entities_commits_diff_and_rollback""]","[""build/reports/test-matrix.json"",""build/reports/tests/integration.xml""]","[""DATA-002"",""REC-005""]","[""SCN-001""]","Implementation and automated checks exist, but production-environment or full-scope evidence is incomplete; this requirement is intentionally not marked verified."
DATSCENE-002,P0,NOT_STARTED,50-data/501_scene_graph.md,37,4. Normative requirements,"An entity revision shall identify the scene commit or temporal validity, labels, properties, geometry references, anchors, permissions, and evidence.",Controlled verification,UNASSIGNED,FIRST_PRODUCTION_BLOCKING,NOT_REQUIRED,NONE,,[],"[""REQ-DATSCENE-002""]",[],"[""DATA-002"",""REC-005""]","[""SCN-001""]",
DATSCENE-003,P0,NOT_STARTED,50-data/501_scene_graph.md,38,4. Normative requirements,"Relationships shall include type, endpoints, validity, confidence/source class, and provenance.",Controlled verification,UNASSIGNED,FIRST_PRODUCTION_BLOCKING,NOT_REQUIRED,NONE,,[],"[""REQ-DATSCENE-003""]",[],"[""DATA-002"",""REC-005""]","[""SCN-001""]",
DATSCENE-004,P1,NOT_STARTED,50-data/501_scene_graph.md,39,4. Normative requirements,Entity identity merges and splits shall be reversible and audited.,Controlled verification,UNASSIGNED,CONTROLLED_POST_P0_MILESTONE,NOT_REQUIRED,NONE,,[],"[""REQ-DATSCENE-004""]",[],"[""DATA-002"",""REC-005""]","[""SCN-001""]",
DATSCENE-005,P1,NOT_STARTED,50-data/501_scene_graph.md,40,4. Normative requirements,Unknown or user-defined types shall use namespaced extensions without losing base behavior.,Controlled verification,UNASSIGNED,CONTROLLED_POST_P0_MILESTONE,NOT_REQUIRED,NONE,,[],"[""REQ-DATSCENE-005""]",[],"[""DATA-002"",""REC-005""]","[""SCN-001""]",
DATSCENE-006,P1,NOT_STARTED,50-data/501_scene_graph.md,41,4. Normative requirements,Graph queries shall apply authorization before returning neighboring nodes or counts.,Controlled verification,UNASSIGNED,CONTROLLED_POST_P0_MILESTONE,NOT_REQUIRED,NONE,,[],"[""REQ-DATSCENE-006""]",[],"[""DATA-002"",""REC-005""]","[""SCN-001""]",
DATGEOM-001,P0,IMPLEMENTED_UNVERIFIED,50-data/502_geometry_asset_model.md,36,4. Normative requirements,"Every geometry asset shall declare format/profile, coordinate frame, units, bounds, element counts, compression, hash, source run, quality, and access classification.",Automated test,SIP Engineering,FIRST_PRODUCTION_BLOCKING,NOT_REQUIRED,NONE,,"[""src/sip/spatial_data.py"",""src/sip/contracts.py"",""src/sip/database.py"",""schemas/jsonschema/representation-asset.schema.json"",""migrations/versions/0010_spatial_truth_and_twin_controls.py""]","[""tests/contract/test_spatial_truth_api.py::test_spatial_truth_and_twin_contracts_are_authenticated_and_round_trip"",""tests/integration/test_spatial_truth_twin.py::test_datevid_datgeom_derivation_is_scoped_idempotent_and_truth_labeled"",""tests/integration/test_spatial_truth_twin.py::test_datgeom_manifest_inherits_classification_and_matches_representation""]","[""build/reports/test-matrix.json"",""build/reports/tests/contract.xml"",""build/reports/tests/integration.xml"",""schemas/events/event-catalog.json""]","[""DATA-001"",""DATA-002"",""SCN-001""]","[""DATA-003""]","Implementation and automated checks exist, but production-environment or full-scope evidence is incomplete; this requirement is intentionally not marked verified."
DATGEOM-002,P0,NOT_STARTED,50-data/502_geometry_asset_model.md,37,4. Normative requirements,"Every visual asset shall declare whether pixels are captured, corrected, reconstructed, inpainted, relit, generated, or mixed.",Controlled verification,UNASSIGNED,FIRST_PRODUCTION_BLOCKING,NOT_REQUIRED,NONE,,[],"[""REQ-DATGEOM-002""]",[],"[""DATA-001"",""DATA-002"",""SCN-001""]","[""DATA-003""]",
DATGEOM-003,P0,NOT_STARTED,50-data/502_geometry_asset_model.md,38,4. Normative requirements,Asset manifests shall include compatible viewers/exporters and validation status.,Controlled verification,UNASSIGNED,FIRST_PRODUCTION_BLOCKING,NOT_REQUIRED,NONE,,[],"[""REQ-DATGEOM-003""]",[],"[""DATA-001"",""DATA-002"",""SCN-001""]","[""DATA-003""]",
DATGEOM-004,P1,NOT_STARTED,50-data/502_geometry_asset_model.md,39,4. Normative requirements,The system shall support deprecating an asset without deleting its historical references.,Controlled verification,UNASSIGNED,CONTROLLED_POST_P0_MILESTONE,NOT_REQUIRED,NONE,,[],"[""REQ-DATGEOM-004""]",[],"[""DATA-001"",""DATA-002"",""SCN-001""]","[""DATA-003""]",
DATGEOM-005,P1,NOT_STARTED,50-data/502_geometry_asset_model.md,40,4. Normative requirements,"Entity anchors shall reference stable local primitives or barycentric/surface coordinates where possible, with fallback behavior after remeshing.",Controlled verification,UNASSIGNED,CONTROLLED_POST_P0_MILESTONE,NOT_REQUIRED,NONE,,[],"[""REQ-DATGEOM-005""]",[],"[""DATA-001"",""DATA-002"",""SCN-001""]","[""DATA-003""]",
DATGEOM-006,P1,NOT_STARTED,50-data/502_geometry_asset_model.md,41,4. Normative requirements,A corrupt or missing derivative shall be rebuildable or clearly reported without hiding the original scene commit.,Controlled verification,UNASSIGNED,CONTROLLED_POST_P0_MILESTONE,NOT_REQUIRED,NONE,,[],"[""REQ-DATGEOM-006""]",[],"[""DATA-001"",""DATA-002"",""SCN-001""]","[""DATA-003""]",
DATGEOM-007,P0,NOT_STARTED,50-data/502_geometry_asset_model.md,136,15. Version 1.1 representation binding,"Geometry asset bytes shall be separate from scene bindings that assign role, authority, intended use, and publication state.",Schema/migration test,UNASSIGNED,FIRST_PRODUCTION_BLOCKING,NOT_REQUIRED,NONE,,[],"[""REQ-DATGEOM-007""]",[],"[""DATA-001"",""DATA-002"",""SCN-001""]","[""DATA-003""]",
DATGEOM-008,P0,NOT_STARTED,50-data/502_geometry_asset_model.md,137,15. Version 1.1 representation binding,"File extension, provider, renderer, or appearance shall not determine authority or intended use.",Policy test,UNASSIGNED,FIRST_PRODUCTION_BLOCKING,NOT_REQUIRED,NONE,,[],"[""REQ-DATGEOM-008""]",[],"[""DATA-001"",""DATA-002"",""SCN-001""]","[""DATA-003""]",
DATGEOM-009,P0,NOT_STARTED,50-data/502_geometry_asset_model.md,138,15. Version 1.1 representation binding,"Derived geometry shall inherit applicable classification, consent, retention, legal-hold, export, and deletion dependencies.",Policy graph test,UNASSIGNED,FIRST_PRODUCTION_BLOCKING,NOT_REQUIRED,NONE,,[],"[""REQ-DATGEOM-009""]",[],"[""DATA-001"",""DATA-002"",""SCN-001""]","[""DATA-003""]",
DATGEOM-010,P1,NOT_STARTED,50-data/502_geometry_asset_model.md,139,15. Version 1.1 representation binding,"Geometry families shall support independent display, collision, navigation, occlusion, and preservation assets.",Contract test,UNASSIGNED,CONTROLLED_POST_P0_MILESTONE,NOT_REQUIRED,NONE,,[],"[""REQ-DATGEOM-010""]",[],"[""DATA-001"",""DATA-002"",""SCN-001""]","[""DATA-003""]",
DATGEOM-011,P1,NOT_STARTED,50-data/502_geometry_asset_model.md,140,15. Version 1.1 representation binding,Every irreversible conversion loss shall be captured in a machine-readable loss declaration.,Round-trip test,UNASSIGNED,CONTROLLED_POST_P0_MILESTONE,NOT_REQUIRED,NONE,,[],"[""REQ-DATGEOM-011""]",[],"[""DATA-001"",""DATA-002"",""SCN-001""]","[""DATA-003""]",
DATGEOM-012,P1,NOT_STARTED,50-data/502_geometry_asset_model.md,141,15. Version 1.1 representation binding,Unknown roles shall default to non-privileged use until a registered policy adapter approves them.,Forward-compatibility test,UNASSIGNED,CONTROLLED_POST_P0_MILESTONE,NOT_REQUIRED,NONE,,[],"[""REQ-DATGEOM-012""]",[],"[""DATA-001"",""DATA-002"",""SCN-001""]","[""DATA-003""]",
DATEVID-001,P0,IMPLEMENTED_UNVERIFIED,50-data/503_evidence_provenance.md,36,4. Normative requirements,"Every assertion shall include subject, predicate, value/object, time/validity, source class, author/producer, and status.",Controlled verification,SIP Engineering,FIRST_PRODUCTION_BLOCKING,NOT_REQUIRED,NONE,,"[""src/sip/spatial_data.py"",""src/sip/contracts.py"",""src/sip/database.py"",""src/sip/exporting.py"",""migrations/versions/0010_spatial_truth_and_twin_controls.py""]","[""tests/contract/test_spatial_truth_api.py::test_spatial_truth_and_twin_contracts_are_authenticated_and_round_trip"",""tests/integration/test_spatial_truth_twin.py::test_datevid_datgeom_derivation_is_scoped_idempotent_and_truth_labeled"",""tests/integration/test_spatial_truth_twin.py::test_datevid_derivation_references_are_scoped_hashed_unique_and_immutable"",""tests/integration/test_spatial_truth_twin.py::test_pltmodel_datevid_model_derivation_has_signed_governance_receipt_and_historical_retry""]","[""build/reports/test-matrix.json"",""build/reports/tests/contract.xml"",""build/reports/tests/integration.xml"",""schemas/events/event-catalog.json""]","[""DATA-002"",""REC-005""]","[""SCN-001""]","Implementation and automated checks exist, but production-environment or full-scope evidence is incomplete; this requirement is intentionally not marked verified."
DATEVID-002,P0,IMPLEMENTED_UNVERIFIED,50-data/503_evidence_provenance.md,37,4. Normative requirements,"Every evidence record shall identify immutable source asset or record, relevant region/time range, contributor, consent/access, and integrity hash.",Automated test,SIP Engineering,FIRST_PRODUCTION_BLOCKING,NOT_REQUIRED,NONE,,"[""src/sip/spatial_data.py"",""src/sip/contracts.py"",""src/sip/database.py"",""src/sip/exporting.py"",""migrations/versions/0010_spatial_truth_and_twin_controls.py""]","[""tests/integration/test_spatial_truth_twin.py::test_datevid_datgeom_derivation_is_scoped_idempotent_and_truth_labeled"",""tests/integration/test_spatial_truth_twin.py::test_datevid_derivation_references_are_scoped_hashed_unique_and_immutable"",""tests/integration/test_spatial_truth_twin.py::test_datevid_evidence_read_rechecks_referenced_consent_and_audits_revocation""]","[""build/reports/test-matrix.json"",""build/reports/tests/integration.xml"",""schemas/events/event-catalog.json""]","[""DATA-002"",""REC-005""]","[""SCN-001""]","Implementation and automated checks exist, but production-environment or full-scope evidence is incomplete; this requirement is intentionally not marked verified."
DATEVID-003,P0,IMPLEMENTED_UNVERIFIED,50-data/503_evidence_provenance.md,38,4. Normative requirements,"A derivation event shall identify activity, agent, inputs, outputs, software/model, parameters, time, and validation.",Automated test,SIP Engineering,FIRST_PRODUCTION_BLOCKING,NOT_REQUIRED,NONE,,"[""src/sip/spatial_data.py"",""src/sip/contracts.py"",""src/sip/database.py"",""src/sip/exporting.py"",""migrations/versions/0010_spatial_truth_and_twin_controls.py""]","[""tests/contract/test_spatial_truth_api.py::test_derivation_api_idempotency_is_tenant_scoped"",""tests/integration/test_spatial_truth_twin.py::test_datevid_datgeom_derivation_is_scoped_idempotent_and_truth_labeled"",""tests/integration/test_spatial_truth_twin.py::test_datevid_derivation_references_are_scoped_hashed_unique_and_immutable""]","[""build/reports/test-matrix.json"",""build/reports/tests/contract.xml"",""build/reports/tests/integration.xml"",""schemas/events/event-catalog.json""]","[""DATA-002"",""REC-005""]","[""SCN-001""]","Implementation and automated checks exist, but production-environment or full-scope evidence is incomplete; this requirement is intentionally not marked verified."
DATEVID-004,P1,IMPLEMENTED_UNVERIFIED,50-data/503_evidence_provenance.md,39,4. Normative requirements,The UI shall allow users to inspect evidence behind a displayed assertion when authorized.,Controlled verification,SIP Engineering,CONTROLLED_POST_P0_MILESTONE,NOT_REQUIRED,NONE,,"[""src/sip/spatial_data.py"",""src/sip/contracts.py"",""src/sip/database.py"",""src/sip/exporting.py"",""migrations/versions/0010_spatial_truth_and_twin_controls.py""]","[""tests/contract/test_spatial_truth_api.py::test_evidence_and_assertion_reads_enforce_server_side_audience_purpose_and_scope"",""tests/integration/test_spatial_truth_twin.py::test_datevid_evidence_read_rechecks_referenced_consent_and_audits_revocation"",""tests/integration/test_spatial_truth_twin.py::test_datevid_provenance_gate_corroboration_and_disputed_retrieval""]","[""build/reports/test-matrix.json"",""build/reports/tests/contract.xml"",""build/reports/tests/integration.xml"",""schemas/events/event-catalog.json""]","[""DATA-002"",""REC-005""]","[""SCN-001""]","Implementation and automated checks exist, but production-environment or full-scope evidence is incomplete; this requirement is intentionally not marked verified."
DATEVID-005,P1,IMPLEMENTED_UNVERIFIED,50-data/503_evidence_provenance.md,40,4. Normative requirements,Disputed assertions shall remain retrievable and cannot be silently replaced by a favored narrative.,Controlled verification,SIP Engineering,CONTROLLED_POST_P0_MILESTONE,NOT_REQUIRED,NONE,,"[""src/sip/spatial_data.py"",""src/sip/contracts.py"",""src/sip/database.py"",""src/sip/exporting.py"",""migrations/versions/0010_spatial_truth_and_twin_controls.py""]","[""tests/integration/test_spatial_truth_twin.py::test_datevid_provenance_gate_corroboration_and_disputed_retrieval""]","[""build/reports/test-matrix.json"",""build/reports/tests/integration.xml"",""schemas/events/event-catalog.json""]","[""DATA-002"",""REC-005""]","[""SCN-001""]","Implementation and automated checks exist, but production-environment or full-scope evidence is incomplete; this requirement is intentionally not marked verified."
DATEVID-006,P1,IMPLEMENTED_UNVERIFIED,50-data/503_evidence_provenance.md,41,4. Normative requirements,A provenance gap shall prevent verified or corroborated status.,Automated test,SIP Engineering,CONTROLLED_POST_P0_MILESTONE,NOT_REQUIRED,NONE,,"[""src/sip/spatial_data.py"",""src/sip/contracts.py"",""src/sip/database.py"",""src/sip/exporting.py"",""migrations/versions/0010_spatial_truth_and_twin_controls.py""]","[""tests/integration/test_spatial_truth_twin.py::test_datevid_provenance_gate_corroboration_and_disputed_retrieval""]","[""build/reports/test-matrix.json"",""build/reports/tests/integration.xml"",""schemas/events/event-catalog.json""]","[""DATA-002"",""REC-005""]","[""SCN-001""]","Implementation and automated checks exist, but production-environment or full-scope evidence is incomplete; this requirement is intentionally not marked verified."
DATGIT-001,P0,IMPLEMENTED_UNVERIFIED,50-data/504_temporal_spatial_git.md,36,4. Normative requirements,"A scene commit shall include ID, parents, author, time, message, branch, root manifest hash, policy checks, signatures, and review status.",Automated test,SIP Engineering,FIRST_PRODUCTION_BLOCKING,NOT_REQUIRED,NONE,,"[""src/sip/scene.py"",""src/sip/spatial_data.py"",""src/sip/database.py"",""migrations/versions/0010_spatial_truth_and_twin_controls.py""]","[""tests/integration/test_spatial_truth_twin.py::test_datgit_dattwin_tags_as_of_change_evidence_and_protected_merge""]","[""build/reports/test-matrix.json"",""build/reports/tests/integration.xml"",""schemas/events/event-catalog.json""]","[""SCN-001""]","[""SCN-002""]","Implementation and automated checks exist, but production-environment or full-scope evidence is incomplete; this requirement is intentionally not marked verified."
DATGIT-002,P0,NOT_STARTED,50-data/504_temporal_spatial_git.md,37,4. Normative requirements,"Diff shall classify additions, removals, modifications, moves, reclassification, authority changes, consent changes, and uncertain geometry changes.",Controlled verification,UNASSIGNED,FIRST_PRODUCTION_BLOCKING,NOT_REQUIRED,NONE,,[],"[""REQ-DATGIT-002""]",[],"[""SCN-001""]","[""SCN-002""]",
DATGIT-003,P0,IMPLEMENTED_UNVERIFIED,50-data/504_temporal_spatial_git.md,38,4. Normative requirements,"Automatic merge shall be prohibited for conflicting verified measurements, consent revocation, identity, deletion, or authoritative system associations.",Controlled verification,SIP Engineering,FIRST_PRODUCTION_BLOCKING,NOT_REQUIRED,NONE,,"[""src/sip/scene.py"",""src/sip/spatial_data.py"",""src/sip/database.py"",""migrations/versions/0010_spatial_truth_and_twin_controls.py""]","[""tests/contract/test_spatial_truth_api.py::test_spatial_truth_and_twin_contracts_are_authenticated_and_round_trip"",""tests/integration/test_spatial_truth_twin.py::test_datgit_dattwin_tags_as_of_change_evidence_and_protected_merge""]","[""build/reports/test-matrix.json"",""build/reports/tests/contract.xml"",""build/reports/tests/integration.xml"",""schemas/events/event-catalog.json""]","[""SCN-001""]","[""SCN-002""]","Implementation and automated checks exist, but production-environment or full-scope evidence is incomplete; this requirement is intentionally not marked verified."
DATGIT-004,P1,IMPLEMENTED_UNVERIFIED,50-data/504_temporal_spatial_git.md,39,4. Normative requirements,"Tags shall identify releases, field visits, milestones, accepted as-builts, and memory editions without mutating commits.",Controlled verification,SIP Engineering,CONTROLLED_POST_P0_MILESTONE,NOT_REQUIRED,NONE,,"[""src/sip/scene.py"",""src/sip/spatial_data.py"",""src/sip/database.py"",""migrations/versions/0010_spatial_truth_and_twin_controls.py""]","[""tests/integration/test_spatial_truth_twin.py::test_datgit_dattwin_tags_as_of_change_evidence_and_protected_merge""]","[""build/reports/test-matrix.json"",""build/reports/tests/integration.xml"",""schemas/events/event-catalog.json""]","[""SCN-001""]","[""SCN-002""]","Implementation and automated checks exist, but production-environment or full-scope evidence is incomplete; this requirement is intentionally not marked verified."
DATGIT-005,P1,IMPLEMENTED_UNVERIFIED,50-data/504_temporal_spatial_git.md,40,4. Normative requirements,Rollback shall create a new commit referencing prior state rather than deleting intervening history.,Controlled verification,SIP Engineering,CONTROLLED_POST_P0_MILESTONE,NOT_REQUIRED,NONE,,"[""src/sip/scene.py"",""src/sip/spatial_data.py"",""src/sip/database.py"",""migrations/versions/0010_spatial_truth_and_twin_controls.py""]","[""tests/integration/test_scene_representation.py::test_datgit_datscene_stable_entities_commits_diff_and_rollback""]","[""build/reports/test-matrix.json"",""build/reports/tests/integration.xml"",""schemas/events/event-catalog.json""]","[""SCN-001""]","[""SCN-002""]","Implementation and automated checks exist, but production-environment or full-scope evidence is incomplete; this requirement is intentionally not marked verified."
DATGIT-006,P1,NOT_STARTED,50-data/504_temporal_spatial_git.md,41,4. Normative requirements,Exported history bundles shall verify parent links and asset hashes offline.,Automated test,UNASSIGNED,CONTROLLED_POST_P0_MILESTONE,NOT_REQUIRED,NONE,,[],"[""REQ-DATGIT-006""]",[],"[""SCN-001""]","[""SCN-002""]",
DATGIT-007,P0,NOT_STARTED,50-data/504_temporal_spatial_git.md,136,15. Version 1.1 hybrid-representation diffs,Representation publication/replacement shall create a scene commit and shall not mutate an existing commit.,Revision test,UNASSIGNED,FIRST_PRODUCTION_BLOCKING,NOT_REQUIRED,NONE,,[],"[""REQ-DATGIT-007""]",[],"[""SCN-001""]","[""SCN-002""]",
DATGIT-008,P0,NOT_STARTED,50-data/504_temporal_spatial_git.md,137,15. Version 1.1 hybrid-representation diffs,"Diffs shall separately report role, authority, provider, intended-use, quality, support-map, policy, and limitation changes.",Diff test,UNASSIGNED,FIRST_PRODUCTION_BLOCKING,NOT_REQUIRED,NONE,,[],"[""REQ-DATGIT-008""]",[],"[""SCN-001""]","[""SCN-002""]",
DATGIT-009,P0,NOT_STARTED,50-data/504_temporal_spatial_git.md,138,15. Version 1.1 hybrid-representation diffs,A proxy replacement shall preserve the prior asset and record anchor reprojection and unresolved impacts.,Remesh history test,UNASSIGNED,FIRST_PRODUCTION_BLOCKING,NOT_REQUIRED,NONE,,[],"[""REQ-DATGIT-009""]",[],"[""SCN-001""]","[""SCN-002""]",
DATGIT-010,P1,NOT_STARTED,50-data/504_temporal_spatial_git.md,139,15. Version 1.1 hybrid-representation diffs,Merge rules shall block conflicting authority promotions or provider-policy changes from automatic merge.,Merge-policy test,UNASSIGNED,CONTROLLED_POST_P0_MILESTONE,NOT_REQUIRED,NONE,,[],"[""REQ-DATGIT-010""]",[],"[""SCN-001""]","[""SCN-002""]",
DATGIT-011,P1,NOT_STARTED,50-data/504_temporal_spatial_git.md,140,15. Version 1.1 hybrid-representation diffs,Rollback shall restore the prior binding set while preserving later conversion and review history.,Rollback test,UNASSIGNED,CONTROLLED_POST_P0_MILESTONE,NOT_REQUIRED,NONE,,[],"[""REQ-DATGIT-011""]",[],"[""SCN-001""]","[""SCN-002""]",
DATGIT-012,P1,NOT_STARTED,50-data/504_temporal_spatial_git.md,141,15. Version 1.1 hybrid-representation diffs,Offline history export shall verify all representation and support-map hashes.,Portability test,UNASSIGNED,CONTROLLED_POST_P0_MILESTONE,NOT_REQUIRED,NONE,,[],"[""REQ-DATGIT-012""]",[],"[""SCN-001""]","[""SCN-002""]",
DATANCH-001,P0,IMPLEMENTED_UNVERIFIED,50-data/505_annotations_anchors_measurements.md,36,4. Normative requirements,"A measurement shall include type, endpoints/geometry, value, units, source method, uncertainty, calibration/control, creator, time, evidence, and verification status.",Controlled verification,SIP Engineering,FIRST_PRODUCTION_BLOCKING,NOT_REQUIRED,NONE,,"[""src/sip/spatial_data.py"",""src/sip/contracts.py"",""src/sip/database.py"",""src/sip/representations.py"",""migrations/versions/0010_spatial_truth_and_twin_controls.py""]","[""tests/contract/test_spatial_truth_api.py::test_spatial_truth_and_twin_contracts_are_authenticated_and_round_trip"",""tests/integration/test_export_restore.py::test_preservation_collision_remaps_proxy_measurement_and_anchor_history"",""tests/integration/test_spatial_truth_twin.py::test_conmeas_measurement_supersession_scope_tombstone_and_permitted_use_guards"",""tests/integration/test_spatial_truth_twin.py::test_datanch_reprojectable_annotations_and_proxy_remap_report""]","[""build/reports/test-matrix.json"",""build/reports/tests/contract.xml"",""build/reports/tests/integration.xml"",""schemas/events/event-catalog.json""]","[""DATA-002"",""DATA-003"",""REC-005"",""REC-008"",""SCN-001""]","[""SCN-001"",""REC-009""]","Implementation and automated checks exist, but production-environment or full-scope evidence is incomplete; this requirement is intentionally not marked verified."
DATANCH-002,P0,IMPLEMENTED_UNVERIFIED,50-data/505_annotations_anchors_measurements.md,37,4. Normative requirements,The system shall distinguish a user click on a visual mesh from a snap to accepted metric geometry.,Controlled verification,SIP Engineering,FIRST_PRODUCTION_BLOCKING,NOT_REQUIRED,NONE,,"[""src/sip/spatial_data.py"",""src/sip/contracts.py"",""src/sip/database.py"",""src/sip/representations.py"",""migrations/versions/0010_spatial_truth_and_twin_controls.py""]","[""tests/contract/test_spatial_truth_api.py::test_proxy_hit_api_reresolves_server_side_and_rejects_forged_metric_evidence"",""tests/contract/test_spatial_truth_api.py::test_spatial_truth_and_twin_contracts_are_authenticated_and_round_trip"",""tests/integration/test_spatial_truth_twin.py::test_datanch_reprojectable_annotations_and_proxy_remap_report""]","[""build/reports/test-matrix.json"",""build/reports/tests/contract.xml"",""build/reports/tests/integration.xml"",""schemas/events/event-catalog.json""]","[""DATA-002"",""DATA-003"",""REC-005"",""REC-008"",""SCN-001""]","[""SCN-001"",""REC-009""]","Implementation and automated checks exist, but production-environment or full-scope evidence is incomplete; this requirement is intentionally not marked verified."
DATANCH-003,P0,NOT_STARTED,50-data/505_annotations_anchors_measurements.md,38,4. Normative requirements,Anchor remapping shall report residual/error and require review beyond threshold.,Controlled verification,UNASSIGNED,FIRST_PRODUCTION_BLOCKING,NOT_REQUIRED,NONE,,[],"[""REQ-DATANCH-003""]",[],"[""DATA-002"",""DATA-003"",""REC-005"",""REC-008"",""SCN-001""]","[""SCN-001"",""REC-009""]",
DATANCH-004,P1,NOT_STARTED,50-data/505_annotations_anchors_measurements.md,39,4. Normative requirements,"A task annotation shall include assignee, status, due date, related entity/assertion/evidence, and scene revision.",Controlled verification,UNASSIGNED,CONTROLLED_POST_P0_MILESTONE,NOT_REQUIRED,NONE,,[],"[""REQ-DATANCH-004""]",[],"[""DATA-002"",""DATA-003"",""REC-005"",""REC-008"",""SCN-001""]","[""SCN-001"",""REC-009""]",
DATANCH-005,P1,NOT_STARTED,50-data/505_annotations_anchors_measurements.md,40,4. Normative requirements,"Spatial-volume annotations shall support privacy, issue, safety, and processing-exclusion policies.",Controlled verification,UNASSIGNED,CONTROLLED_POST_P0_MILESTONE,NOT_REQUIRED,NONE,,[],"[""REQ-DATANCH-005""]",[],"[""DATA-002"",""DATA-003"",""REC-005"",""REC-008"",""SCN-001""]","[""SCN-001"",""REC-009""]",
DATANCH-006,P1,NOT_STARTED,50-data/505_annotations_anchors_measurements.md,41,4. Normative requirements,Exports shall retain measurement provenance even when target formats only support text labels.,Controlled verification,UNASSIGNED,CONTROLLED_POST_P0_MILESTONE,NOT_REQUIRED,NONE,,[],"[""REQ-DATANCH-006""]",[],"[""DATA-002"",""DATA-003"",""REC-005"",""REC-008"",""SCN-001""]","[""SCN-001"",""REC-009""]",
DATANCH-007,P0,NOT_STARTED,50-data/505_annotations_anchors_measurements.md,136,15. Version 1.1 support maps and proxy interaction,Proxy-local primitive identifiers shall not be the sole persistent anchor identity.,Remesh test,UNASSIGNED,FIRST_PRODUCTION_BLOCKING,NOT_REQUIRED,NONE,,[],"[""REQ-DATANCH-007""]",[],"[""DATA-002"",""DATA-003"",""REC-005"",""REC-008"",""SCN-001""]","[""SCN-001"",""REC-009""]",
DATANCH-008,P0,NOT_STARTED,50-data/505_annotations_anchors_measurements.md,137,15. Version 1.1 support maps and proxy interaction,Measurement save shall record both the initial interaction hit and the eligible metric/field evidence used for the value.,End-to-end test,UNASSIGNED,FIRST_PRODUCTION_BLOCKING,NOT_REQUIRED,NONE,,[],"[""REQ-DATANCH-008""]",[],"[""DATA-002"",""DATA-003"",""REC-005"",""REC-008"",""SCN-001""]","[""SCN-001"",""REC-009""]",
DATANCH-009,P0,NOT_STARTED,50-data/505_annotations_anchors_measurements.md,138,15. Version 1.1 support maps and proxy interaction,A proxy-only result shall remain unverified and shall not be exported as a verified dimension.,Policy/export test,UNASSIGNED,FIRST_PRODUCTION_BLOCKING,NOT_REQUIRED,NONE,,[],"[""REQ-DATANCH-009""]",[],"[""DATA-002"",""DATA-003"",""REC-005"",""REC-008"",""SCN-001""]","[""SCN-001"",""REC-009""]",
DATANCH-010,P1,NOT_STARTED,50-data/505_annotations_anchors_measurements.md,139,15. Version 1.1 support maps and proxy interaction,"Support maps shall report reprojection residual, uncertainty, failed anchors, and review state.",Contract test,UNASSIGNED,CONTROLLED_POST_P0_MILESTONE,NOT_REQUIRED,NONE,,[],"[""REQ-DATANCH-010""]",[],"[""DATA-002"",""DATA-003"",""REC-005"",""REC-008"",""SCN-001""]","[""SCN-001"",""REC-009""]",
DATANCH-011,P1,NOT_STARTED,50-data/505_annotations_anchors_measurements.md,140,15. Version 1.1 support maps and proxy interaction,Ambiguous overlapping semantic candidates shall be preserved and presented for resolution rather than silently selecting one.,UI test,UNASSIGNED,CONTROLLED_POST_P0_MILESTONE,NOT_REQUIRED,NONE,,[],"[""REQ-DATANCH-011""]",[],"[""DATA-002"",""DATA-003"",""REC-005"",""REC-008"",""SCN-001""]","[""SCN-001"",""REC-009""]",
DATANCH-012,P1,NOT_STARTED,50-data/505_annotations_anchors_measurements.md,141,15. Version 1.1 support maps and proxy interaction,Anchors shall survive representation LOD and partition changes within the accepted support tolerance.,Streaming regression test,UNASSIGNED,CONTROLLED_POST_P0_MILESTONE,NOT_REQUIRED,NONE,,[],"[""REQ-DATANCH-012""]",[],"[""DATA-002"",""DATA-003"",""REC-005"",""REC-008"",""SCN-001""]","[""SCN-001"",""REC-009""]",
DATONTO-001,P0,NOT_STARTED,50-data/506_ontology_taxonomy.md,36,4. Normative requirements,"Every type shall define required properties, allowed relationships, authority rules, sensitivity defaults, and export mappings.",Controlled verification,UNASSIGNED,FIRST_PRODUCTION_BLOCKING,NOT_REQUIRED,NONE,,[],"[""REQ-DATONTO-001""]",[],"[""DATA-002"",""REC-005""]","[""SCN-001""]",
DATONTO-002,P0,NOT_STARTED,50-data/506_ontology_taxonomy.md,37,4. Normative requirements,Vocabulary changes shall provide migration for stored type identifiers and search indexes.,Controlled verification,UNASSIGNED,FIRST_PRODUCTION_BLOCKING,NOT_REQUIRED,NONE,,[],"[""REQ-DATONTO-002""]",[],"[""DATA-002"",""REC-005""]","[""SCN-001""]",
DATONTO-003,P0,NOT_STARTED,50-data/506_ontology_taxonomy.md,38,4. Normative requirements,Aliases and multilingual labels shall not change stable type IDs.,Controlled verification,UNASSIGNED,FIRST_PRODUCTION_BLOCKING,NOT_REQUIRED,NONE,,[],"[""REQ-DATONTO-003""]",[],"[""DATA-002"",""REC-005""]","[""SCN-001""]",
DATONTO-004,P1,NOT_STARTED,50-data/506_ontology_taxonomy.md,39,4. Normative requirements,The system shall support an unknown/unclassified state rather than forcing low-confidence classification.,Controlled verification,UNASSIGNED,CONTROLLED_POST_P0_MILESTONE,NOT_REQUIRED,NONE,,[],"[""REQ-DATONTO-004""]",[],"[""DATA-002"",""REC-005""]","[""SCN-001""]",
DATONTO-005,P1,NOT_STARTED,50-data/506_ontology_taxonomy.md,40,4. Normative requirements,Object detection labels shall map through a versioned model-label-to-ontology table and retain original labels.,Controlled verification,UNASSIGNED,CONTROLLED_POST_P0_MILESTONE,NOT_REQUIRED,NONE,,[],"[""REQ-DATONTO-005""]",[],"[""DATA-002"",""REC-005""]","[""SCN-001""]",
DATONTO-006,P1,NOT_STARTED,50-data/506_ontology_taxonomy.md,41,4. Normative requirements,Ontology constraints shall be validated at commit time with reviewable warnings or errors.,Automated test,UNASSIGNED,CONTROLLED_POST_P0_MILESTONE,NOT_REQUIRED,NONE,,[],"[""REQ-DATONTO-006""]",[],"[""DATA-002"",""REC-005""]","[""SCN-001""]",
DATDB-001,P0,NOT_STARTED,50-data/507_storage_database_schema.md,36,4. Normative requirements,"Primary tables shall use tenant-aware keys, immutable creation fields, revision/version columns, and audited state transitions.",Controlled verification,UNASSIGNED,FIRST_PRODUCTION_BLOCKING,NOT_REQUIRED,NONE,,[],"[""REQ-DATDB-001""]",[],"[""FND-002""]","[""DATA-002""]",
DATDB-002,P0,NOT_STARTED,50-data/507_storage_database_schema.md,37,4. Normative requirements,Spatial indexes shall use declared SRID/frame semantics and shall not mix local frames as if they shared one CRS.,Controlled verification,UNASSIGNED,FIRST_PRODUCTION_BLOCKING,NOT_REQUIRED,NONE,,[],"[""REQ-DATDB-002""]",[],"[""FND-002""]","[""DATA-002""]",
DATDB-003,P0,NOT_STARTED,50-data/507_storage_database_schema.md,38,4. Normative requirements,"Object references shall include hash, size, media type, encryption/key scope, storage class, retention, and verification time.",Automated test,UNASSIGNED,FIRST_PRODUCTION_BLOCKING,NOT_REQUIRED,NONE,,[],"[""REQ-DATDB-003""]",[],"[""FND-002""]","[""DATA-002""]",
DATDB-004,P1,EXTERNAL_VALIDATION_REQUIRED,50-data/507_storage_database_schema.md,39,4. Normative requirements,"Database migrations shall be forward-tested, rollback/recovery-tested, and rehearsed against production-sized copies.",Controlled verification,Database Reliability Engineering,CONTROLLED_POST_P0_MILESTONE,REQUIRED,NONE,,"[""src/sip/database.py"",""migrations""]","[""tests/migration/test_migrations.py::test_clean_install_reaches_head_and_matches_canonical_tables"",""tests/migration/test_migrations.py::test_destructive_downgrade_is_denied_without_evidence_and_exactly_restores_prior_schema""]","[""build/reports/test-matrix.json"",""build/reports/tests/migration.xml""]","[""FND-002""]","[""DATA-002""]","Rehearse forward migration and recovery against a sanitized production-sized PostgreSQL/PostGIS copy, measure duration/locks/storage, validate rollback or forward-fix behavior, and retain environment and database integrity evidence."
DATDB-005,P1,NOT_STARTED,50-data/507_storage_database_schema.md,40,4. Normative requirements,Derived indexes shall include source sequence/checkpoint so freshness can be measured.,Controlled verification,UNASSIGNED,CONTROLLED_POST_P0_MILESTONE,NOT_REQUIRED,NONE,,[],"[""REQ-DATDB-005""]",[],"[""FND-002""]","[""DATA-002""]",
DATDB-006,P1,NOT_STARTED,50-data/507_storage_database_schema.md,41,4. Normative requirements,"Deletion and legal-hold logic shall traverse assets, derivatives, indexes, exports, and backups according to policy.",Controlled verification,UNASSIGNED,CONTROLLED_POST_P0_MILESTONE,NOT_REQUIRED,NONE,,[],"[""REQ-DATDB-006""]",[],"[""FND-002""]","[""DATA-002""]",
DATASSET-001,P0,VERIFIED,50-data/508_asset_storage_content_addressing.md,36,4. Normative requirements,Assets shall be hashed before or during upload and verified after durable storage.,Automated test,SIP Engineering,FIRST_PRODUCTION_BLOCKING,NOT_REQUIRED,NONE,,"[""src/sip/assets.py"",""src/sip/database.py"",""src/sip/models.py""]","[""tests/unit/test_assets_policy.py::test_datasasset_001_content_addressed_encrypted_immutable_ingest""]","[""build/reports/test-matrix.json"",""build/reports/tests/unit.xml""]","[""FND-002""]","[""DATA-001""]","Verified in the deterministic local reference profile by the exact linked automated test(s) and retained evidence; no external hardware, cloud, GPU, legal, or customer-pilot result is inferred."
DATASSET-002,P0,VERIFIED,50-data/508_asset_storage_content_addressing.md,37,4. Normative requirements,Multipart uploads shall record chunk hashes and be safely resumable.,Automated test,SIP Engineering,FIRST_PRODUCTION_BLOCKING,NOT_REQUIRED,NONE,,"[""src/sip/assets.py"",""src/sip/database.py"",""src/sip/models.py""]","[""tests/unit/test_assets_policy.py::test_datasasset_002_multipart_chunks_are_hash_verified_idempotent_and_resumable"",""tests/unit/test_assets_policy.py::test_multipart_upload_records_verified_chunks_resumes_and_blocks_unverified_publication""]","[""build/reports/test-matrix.json"",""build/reports/tests/unit.xml""]","[""FND-002""]","[""DATA-001""]","Verified in the deterministic local reference profile by the exact linked automated test(s) and retained evidence; no external hardware, cloud, GPU, legal, or customer-pilot result is inferred."
DATASSET-003,P0,VERIFIED,50-data/508_asset_storage_content_addressing.md,38,4. Normative requirements,An asset shall not be published until size and hash match the manifest.,Automated test,SIP Engineering,FIRST_PRODUCTION_BLOCKING,NOT_REQUIRED,NONE,,"[""src/sip/assets.py"",""src/sip/database.py"",""src/sip/models.py""]","[""tests/unit/test_assets_policy.py::test_multipart_upload_records_verified_chunks_resumes_and_blocks_unverified_publication""]","[""build/reports/test-matrix.json"",""build/reports/tests/unit.xml""]","[""FND-002""]","[""DATA-001""]","Verified in the deterministic local reference profile by the exact linked automated test(s) and retained evidence; no external hardware, cloud, GPU, legal, or customer-pilot result is inferred."
DATASSET-004,P1,NOT_STARTED,50-data/508_asset_storage_content_addressing.md,39,4. Normative requirements,Storage-class transitions shall preserve integrity and retrieval guarantees required by retention policy.,Controlled verification,UNASSIGNED,CONTROLLED_POST_P0_MILESTONE,NOT_REQUIRED,NONE,,[],"[""REQ-DATASSET-004""]",[],"[""FND-002""]","[""DATA-001""]",
DATASSET-005,P1,NOT_STARTED,50-data/508_asset_storage_content_addressing.md,40,4. Normative requirements,"Corruption detection shall trigger quarantine, replica comparison, restore, and incident/audit records.",Controlled verification,UNASSIGNED,CONTROLLED_POST_P0_MILESTONE,NOT_REQUIRED,NONE,,[],"[""REQ-DATASSET-005""]",[],"[""FND-002""]","[""DATA-001""]",
DATASSET-006,P1,NOT_STARTED,50-data/508_asset_storage_content_addressing.md,41,4. Normative requirements,Garbage collection shall produce a dry-run report and auditable deletion result.,Controlled verification,UNASSIGNED,CONTROLLED_POST_P0_MILESTONE,NOT_REQUIRED,NONE,,[],"[""REQ-DATASSET-006""]",[],"[""FND-002""]","[""DATA-001""]",
DATSEARC-001,P0,VERIFIED,50-data/509_search_indexing.md,36,4. Normative requirements,"Queries shall support tenant/project, entity type, spatial region, floor/room, time interval, source class, authority, confidence, tags, workflow status, and full text.",Controlled verification,SIP Engineering,FIRST_PRODUCTION_BLOCKING,NOT_REQUIRED,NONE,,"[""src/sip/search.py"",""src/sip/spatial_query.py"",""src/sip/database.py"",""schemas/jsonschema/spatial-query.schema.json"",""migrations/versions/0009_authorized_spatial_search_and_agents.py""]","[""tests/contract/test_search_agent_api.py::test_api_search_filters_before_counts_snippets_and_vector_metadata"",""tests/integration/test_authorized_search_agents.py::test_pltsql_001_002_003_structured_spatial_temporal_graph_and_evidence_filters""]","[""build/reports/test-matrix.json"",""build/reports/tests/contract.xml"",""build/reports/tests/integration.xml"",""schemas/openapi/search-service.openapi.json""]","[""IAM-001"",""SCN-001""]","[""SCN-003""]","Verified in the deterministic local reference profile by the exact linked automated test(s) and retained evidence; no external hardware, cloud, GPU, legal, or customer-pilot result is inferred."
DATSEARC-002,P0,VERIFIED,50-data/509_search_indexing.md,37,4. Normative requirements,Semantic search shall retain embedding model manifest and source text/media region.,Controlled verification,SIP Engineering,FIRST_PRODUCTION_BLOCKING,NOT_REQUIRED,NONE,,"[""src/sip/search.py"",""src/sip/spatial_query.py"",""src/sip/database.py"",""schemas/jsonschema/spatial-query.schema.json"",""migrations/versions/0009_authorized_spatial_search_and_agents.py""]","[""tests/contract/test_search_agent_api.py::test_api_search_filters_before_counts_snippets_and_vector_metadata"",""tests/integration/test_authorized_search_agents.py::test_datsearc_003_semantic_provenance_and_critical_freshness_fallback""]","[""build/reports/test-matrix.json"",""build/reports/tests/contract.xml"",""build/reports/tests/integration.xml"",""schemas/openapi/search-service.openapi.json""]","[""IAM-001"",""SCN-001""]","[""SCN-003""]","Verified in the deterministic local reference profile by the exact linked automated test(s) and retained evidence; no external hardware, cloud, GPU, legal, or customer-pilot result is inferred."
DATSEARC-003,P0,VERIFIED,50-data/509_search_indexing.md,38,4. Normative requirements,"Authorization shall be enforced before returning result content, snippets, counts, or embeddings.",Controlled verification,SIP Engineering,FIRST_PRODUCTION_BLOCKING,NOT_REQUIRED,NONE,,"[""src/sip/search.py"",""src/sip/spatial_query.py"",""src/sip/database.py"",""schemas/jsonschema/spatial-query.schema.json"",""migrations/versions/0009_authorized_spatial_search_and_agents.py""]","[""tests/integration/test_authorized_search_agents.py::test_datsearc_001_002_search_authorizes_before_counts_ranking_and_snippets""]","[""build/reports/test-matrix.json"",""build/reports/tests/integration.xml"",""schemas/openapi/search-service.openapi.json""]","[""IAM-001"",""SCN-001""]","[""SCN-003""]","Verified in the deterministic local reference profile by the exact linked automated test(s) and retained evidence; no external hardware, cloud, GPU, legal, or customer-pilot result is inferred."
DATSEARC-004,P1,VERIFIED,50-data/509_search_indexing.md,39,4. Normative requirements,A stale index shall expose freshness and fall back to canonical lookup for critical workflows.,Controlled verification,SIP Engineering,CONTROLLED_POST_P0_MILESTONE,NOT_REQUIRED,NONE,,"[""src/sip/search.py"",""src/sip/spatial_query.py"",""src/sip/database.py"",""schemas/jsonschema/spatial-query.schema.json"",""migrations/versions/0009_authorized_spatial_search_and_agents.py""]","[""tests/integration/test_authorized_search_agents.py::test_datsearc_003_semantic_provenance_and_critical_freshness_fallback""]","[""build/reports/test-matrix.json"",""build/reports/tests/integration.xml"",""schemas/openapi/search-service.openapi.json""]","[""IAM-001"",""SCN-001""]","[""SCN-003""]","Verified in the deterministic local reference profile by the exact linked automated test(s) and retained evidence; no external hardware, cloud, GPU, legal, or customer-pilot result is inferred."
DATSEARC-005,P1,VERIFIED,50-data/509_search_indexing.md,40,4. Normative requirements,"Search evaluation shall include relevance, permission leakage, multilingual names, OCR/transcript errors, and ambiguous room labels.",Controlled verification,SIP Engineering,CONTROLLED_POST_P0_MILESTONE,NOT_REQUIRED,NONE,,"[""src/sip/search.py"",""src/sip/spatial_query.py"",""src/sip/database.py"",""schemas/jsonschema/spatial-query.schema.json"",""migrations/versions/0009_authorized_spatial_search_and_agents.py""]","[""tests/integration/test_authorized_search_agents.py::test_datsearc_005_search_evaluation_covers_multilingual_ocr_transcript_ambiguity_and_leakage""]","[""build/reports/test-matrix.json"",""build/reports/tests/integration.xml"",""schemas/openapi/search-service.openapi.json""]","[""IAM-001"",""SCN-001""]","[""SCN-003""]","Verified in the deterministic local reference profile by the exact linked automated test(s) and retained evidence; no external hardware, cloud, GPU, legal, or customer-pilot result is inferred."
DATSEARC-006,P1,VERIFIED,50-data/509_search_indexing.md,41,4. Normative requirements,Users shall be able to navigate from a result to its scene view and underlying evidence.,Controlled verification,SIP Engineering,CONTROLLED_POST_P0_MILESTONE,NOT_REQUIRED,NONE,,"[""src/sip/search.py"",""src/sip/spatial_query.py"",""src/sip/database.py"",""schemas/jsonschema/spatial-query.schema.json"",""migrations/versions/0009_authorized_spatial_search_and_agents.py""]","[""tests/integration/test_authorized_search_agents.py::test_pltsql_001_002_003_structured_spatial_temporal_graph_and_evidence_filters""]","[""build/reports/test-matrix.json"",""build/reports/tests/integration.xml"",""schemas/openapi/search-service.openapi.json""]","[""IAM-001"",""SCN-001""]","[""SCN-003""]","Verified in the deterministic local reference profile by the exact linked automated test(s) and retained evidence; no external hardware, cloud, GPU, legal, or customer-pilot result is inferred."
DATFMT-001,P0,NOT_STARTED,50-data/510_interchange_formats.md,36,4. Normative requirements,"Each export profile shall state units, axes, CRS/frame, supported semantics, loss behavior, texture/media handling, and validation tools.",Controlled verification,UNASSIGNED,FIRST_PRODUCTION_BLOCKING,NOT_REQUIRED,NONE,,[],"[""REQ-DATFMT-001""]",[],"[""DATA-001"",""DATA-002"",""IAM-001""]","[""CAP-001"",""PLT-001""]",
DATFMT-002,P0,NOT_STARTED,50-data/510_interchange_formats.md,37,4. Normative requirements,"The platform shall support at minimum GLB, PLY, OBJ, and a documented point-cloud exchange in the MVP; later profiles include E57, LAS/LAZ, USD/USDZ, 3D Tiles, IFC, and BCF.",Controlled verification,UNASSIGNED,FIRST_PRODUCTION_BLOCKING,NOT_REQUIRED,NONE,,[],"[""REQ-DATFMT-002""]",[],"[""DATA-001"",""DATA-002"",""IAM-001""]","[""CAP-001"",""PLT-001""]",
DATFMT-003,P0,NOT_STARTED,50-data/510_interchange_formats.md,38,4. Normative requirements,"Exports shall never silently drop restricted content or truth labels; they shall fail, redact, or create a limitation report.",Controlled verification,UNASSIGNED,FIRST_PRODUCTION_BLOCKING,NOT_REQUIRED,NONE,,[],"[""REQ-DATFMT-003""]",[],"[""DATA-001"",""DATA-002"",""IAM-001""]","[""CAP-001"",""PLT-001""]",
DATFMT-004,P1,NOT_STARTED,50-data/510_interchange_formats.md,39,4. Normative requirements,"Round-trip tests shall verify coordinates, scale, stable IDs where possible, and critical metadata.",Controlled verification,UNASSIGNED,CONTROLLED_POST_P0_MILESTONE,NOT_REQUIRED,NONE,,[],"[""REQ-DATFMT-004""]",[],"[""DATA-001"",""DATA-002"",""IAM-001""]","[""CAP-001"",""PLT-001""]",
DATFMT-005,P1,NOT_STARTED,50-data/510_interchange_formats.md,40,4. Normative requirements,"Export manifests shall record source commit, filters, redactions, transforms, exporter version, output hashes, and authorization.",Automated test,UNASSIGNED,CONTROLLED_POST_P0_MILESTONE,NOT_REQUIRED,NONE,,[],"[""REQ-DATFMT-005""]",[],"[""DATA-001"",""DATA-002"",""IAM-001""]","[""CAP-001"",""PLT-001""]",
DATFMT-006,P1,NOT_STARTED,50-data/510_interchange_formats.md,41,4. Normative requirements,Long-term archival profiles shall avoid undocumented proprietary-only encoding.,Controlled verification,UNASSIGNED,CONTROLLED_POST_P0_MILESTONE,NOT_REQUIRED,NONE,,[],"[""REQ-DATFMT-006""]",[],"[""DATA-001"",""DATA-002"",""IAM-001""]","[""CAP-001"",""PLT-001""]",
DATBIM-001,P0,NOT_STARTED,50-data/511_bim_ifc_bcf.md,36,4. Normative requirements,"IFC imports shall retain source file hash, schema/version, units, CRS, owner history, GlobalIds, classifications, properties, relationships, and geometry conversion report.",Automated test,UNASSIGNED,FIRST_PRODUCTION_BLOCKING,NOT_REQUIRED,NONE,,[],"[""REQ-DATBIM-001""]",[],"[""CON-002"",""CON-003"",""SCN-002""]","[""CON-004""]",
DATBIM-002,P0,NOT_STARTED,50-data/511_bim_ifc_bcf.md,37,4. Normative requirements,Alignment between BIM and field scene shall be an explicit transform solution with residuals and controls.,Controlled verification,UNASSIGNED,FIRST_PRODUCTION_BLOCKING,NOT_REQUIRED,NONE,,[],"[""REQ-DATBIM-002""]",[],"[""CON-002"",""CON-003"",""SCN-002""]","[""CON-004""]",
DATBIM-003,P0,NOT_STARTED,50-data/511_bim_ifc_bcf.md,38,4. Normative requirements,Field objects shall link to design objects through proposed/accepted mappings rather than ID replacement.,Controlled verification,UNASSIGNED,FIRST_PRODUCTION_BLOCKING,NOT_REQUIRED,NONE,,[],"[""REQ-DATBIM-003""]",[],"[""CON-002"",""CON-003"",""SCN-002""]","[""CON-004""]",
DATBIM-004,P1,NOT_STARTED,50-data/511_bim_ifc_bcf.md,39,4. Normative requirements,"BCF import/export shall preserve issue ID, status, author, comments, snapshots, viewpoints, selected components, and coordinate semantics.",Controlled verification,UNASSIGNED,CONTROLLED_POST_P0_MILESTONE,NOT_REQUIRED,NONE,,[],"[""REQ-DATBIM-004""]",[],"[""CON-002"",""CON-003"",""SCN-002""]","[""CON-004""]",
DATBIM-005,P1,NOT_STARTED,50-data/511_bim_ifc_bcf.md,40,4. Normative requirements,Unsupported IFC constructs shall be listed rather than silently flattened.,Controlled verification,UNASSIGNED,CONTROLLED_POST_P0_MILESTONE,NOT_REQUIRED,NONE,,[],"[""REQ-DATBIM-005""]",[],"[""CON-002"",""CON-003"",""SCN-002""]","[""CON-004""]",
DATBIM-006,P1,NOT_STARTED,50-data/511_bim_ifc_bcf.md,41,4. Normative requirements,"As-built export shall identify which properties are verified, observed, inferred, or carried from design.",Controlled verification,UNASSIGNED,CONTROLLED_POST_P0_MILESTONE,NOT_REQUIRED,NONE,,[],"[""REQ-DATBIM-006""]",[],"[""CON-002"",""CON-003"",""SCN-002""]","[""CON-004""]",
DATTWIN-001,P0,IMPLEMENTED_UNVERIFIED,50-data/512_digital_twin_versioning.md,36,4. Normative requirements,"The platform shall query scene/entity state as of a commit, valid date, or field visit.",Controlled verification,SIP Engineering,FIRST_PRODUCTION_BLOCKING,NOT_REQUIRED,NONE,,"[""src/sip/spatial_data.py"",""src/sip/scene.py"",""src/sip/database.py"",""src/sip/exporting.py"",""migrations/versions/0010_spatial_truth_and_twin_controls.py""]","[""tests/integration/test_spatial_truth_twin.py::test_datgit_dattwin_tags_as_of_change_evidence_and_protected_merge""]","[""build/reports/test-matrix.json"",""build/reports/tests/integration.xml"",""schemas/events/event-catalog.json""]","[""SCN-001""]","[""SCN-002""]","Implementation and automated checks exist, but production-environment or full-scope evidence is incomplete; this requirement is intentionally not marked verified."
DATTWIN-002,P0,IMPLEMENTED_UNVERIFIED,50-data/512_digital_twin_versioning.md,37,4. Normative requirements,Changes shall reference causing evidence or workflow event when known.,Automated test,SIP Engineering,FIRST_PRODUCTION_BLOCKING,NOT_REQUIRED,NONE,,"[""src/sip/spatial_data.py"",""src/sip/scene.py"",""src/sip/database.py"",""src/sip/exporting.py"",""migrations/versions/0010_spatial_truth_and_twin_controls.py""]","[""tests/integration/test_spatial_truth_twin.py::test_datgit_dattwin_tags_as_of_change_evidence_and_protected_merge""]","[""build/reports/test-matrix.json"",""build/reports/tests/integration.xml"",""schemas/events/event-catalog.json""]","[""SCN-001""]","[""SCN-002""]","Implementation and automated checks exist, but production-environment or full-scope evidence is incomplete; this requirement is intentionally not marked verified."
DATTWIN-003,P0,IMPLEMENTED_UNVERIFIED,50-data/512_digital_twin_versioning.md,38,4. Normative requirements,Late-arriving historical evidence shall be added without rewriting when it was received.,Controlled verification,SIP Engineering,FIRST_PRODUCTION_BLOCKING,NOT_REQUIRED,NONE,,"[""src/sip/spatial_data.py"",""src/sip/scene.py"",""src/sip/database.py"",""src/sip/exporting.py"",""migrations/versions/0010_spatial_truth_and_twin_controls.py""]","[""tests/integration/test_spatial_truth_twin.py::test_datgit_dattwin_tags_as_of_change_evidence_and_protected_merge""]","[""build/reports/test-matrix.json"",""build/reports/tests/integration.xml"",""schemas/events/event-catalog.json""]","[""SCN-001""]","[""SCN-002""]","Implementation and automated checks exist, but production-environment or full-scope evidence is incomplete; this requirement is intentionally not marked verified."
DATTWIN-004,P1,NOT_STARTED,50-data/512_digital_twin_versioning.md,39,4. Normative requirements,"A timeline view shall distinguish capture date, event date, document date, interview date, and publication date.",Automated test,UNASSIGNED,CONTROLLED_POST_P0_MILESTONE,NOT_REQUIRED,NONE,,[],"[""REQ-DATTWIN-004""]",[],"[""SCN-001""]","[""SCN-002""]",
DATTWIN-005,P1,NOT_STARTED,50-data/512_digital_twin_versioning.md,40,4. Normative requirements,Future/proposed states shall not appear in current as-built views by default.,Controlled verification,UNASSIGNED,CONTROLLED_POST_P0_MILESTONE,NOT_REQUIRED,NONE,,[],"[""REQ-DATTWIN-005""]",[],"[""SCN-001""]","[""SCN-002""]",
DATTWIN-006,P1,NOT_STARTED,50-data/512_digital_twin_versioning.md,41,4. Normative requirements,Retention/deletion shall preserve required audit chronology while honoring privacy policy.,Controlled verification,UNASSIGNED,CONTROLLED_POST_P0_MILESTONE,NOT_REQUIRED,NONE,,[],"[""REQ-DATTWIN-006""]",[],"[""SCN-001""]","[""SCN-002""]",
DATRET-001,P0,IMPLEMENTED_UNVERIFIED,50-data/513_data_retention_deletion.md,36,4. Normative requirements,"Every stored asset and record shall have retention class, policy source, hold status, and deletion eligibility.",Controlled verification,SIP Engineering,FIRST_PRODUCTION_BLOCKING,NOT_REQUIRED,NONE,,"[""src/sip/lifecycle.py"",""src/sip/database.py"",""docs/runbooks/CONTROLLED_DELETION.md""]","[""tests/integration/test_spatial_truth_twin.py::test_conmeas_measurement_supersession_scope_tombstone_and_permitted_use_guards""]","[""build/reports/test-matrix.json"",""build/reports/tests/integration.xml""]","[""OPS-001"",""OPS-003""]","[""OPS-004""]","Implementation and automated checks exist, but production-environment or full-scope evidence is incomplete; this requirement is intentionally not marked verified."
DATRET-002,P0,NOT_STARTED,50-data/513_data_retention_deletion.md,37,4. Normative requirements,"A deletion request shall produce impact analysis, authorization, execution plan, completion evidence, and unresolved exceptions.",Controlled verification,UNASSIGNED,FIRST_PRODUCTION_BLOCKING,NOT_REQUIRED,NONE,,[],"[""REQ-DATRET-002""]",[],"[""OPS-001"",""OPS-003""]","[""OPS-004""]",
DATRET-003,P0,NOT_STARTED,50-data/513_data_retention_deletion.md,38,4. Normative requirements,Consent revocation shall stop future processing immediately and trigger policy-defined handling of prior derivatives.,Controlled verification,UNASSIGNED,FIRST_PRODUCTION_BLOCKING,NOT_REQUIRED,NONE,,[],"[""REQ-DATRET-003""]",[],"[""OPS-001"",""OPS-003""]","[""OPS-004""]",
DATRET-004,P1,NOT_STARTED,50-data/513_data_retention_deletion.md,39,4. Normative requirements,Backups shall expire deleted data within a documented bounded period while preventing ordinary restoration from resurrecting access.,Automated test,UNASSIGNED,CONTROLLED_POST_P0_MILESTONE,NOT_REQUIRED,NONE,,[],"[""REQ-DATRET-004""]",[],"[""OPS-001"",""OPS-003""]","[""OPS-004""]",
DATRET-005,P1,NOT_STARTED,50-data/513_data_retention_deletion.md,40,4. Normative requirements,Tenant offboarding shall provide a verified export and deletion/retention report.,Controlled verification,UNASSIGNED,CONTROLLED_POST_P0_MILESTONE,NOT_REQUIRED,NONE,,[],"[""REQ-DATRET-005""]",[],"[""OPS-001"",""OPS-003""]","[""OPS-004""]",
DATRET-006,P1,NOT_STARTED,50-data/513_data_retention_deletion.md,41,4. Normative requirements,Deletion shall propagate to derived search/vector indexes and cached viewer assets.,Controlled verification,UNASSIGNED,CONTROLLED_POST_P0_MILESTONE,NOT_REQUIRED,NONE,,[],"[""REQ-DATRET-006""]",[],"[""OPS-001"",""OPS-003""]","[""OPS-004""]",
DATHYB-001,P0,IMPLEMENTED_UNVERIFIED,50-data/514_hybrid_representation_asset_contract.md,288,13. Normative requirements,"SIP shall model immutable representation assets separately from scene bindings that assign role, purpose, authority, and publication state.",Schema and migration test,SIP Engineering,FIRST_PRODUCTION_BLOCKING,NOT_REQUIRED,NONE,,"[""src/sip/representations.py"",""src/sip/scene.py"",""src/sip/database.py""]","[""tests/integration/test_scene_representation.py::test_hybrid_provider_quarantine_quality_publisher_and_proxy_measurement_guard""]","[""build/evidence/demos/hybrid.json"",""build/reports/test-matrix.json"",""build/reports/tests/integration.xml""]","[""DATA-001"",""DATA-002"",""SCN-001""]","[""DATA-003""]","Implementation and automated checks exist, but production-environment or full-scope evidence is incomplete; this requirement is intentionally not marked verified."
DATHYB-002,P0,NOT_STARTED,50-data/514_hybrid_representation_asset_contract.md,289,13. Normative requirements,"File extension, renderer support, visual similarity, or provider name shall never determine an asset's role or authority.",Policy test,UNASSIGNED,FIRST_PRODUCTION_BLOCKING,NOT_REQUIRED,NONE,,[],"[""REQ-DATHYB-002""]",[],"[""DATA-001"",""DATA-002"",""SCN-001""]","[""DATA-003""]",
DATHYB-003,P0,IMPLEMENTED_UNVERIFIED,50-data/514_hybrid_representation_asset_contract.md,290,13. Normative requirements,"Every binding shall declare coordinate frame, transform, role, authority class, authority ceiling, intended uses, review decision, and audience policy.",Contract test,SIP Engineering,FIRST_PRODUCTION_BLOCKING,NOT_REQUIRED,NONE,,"[""src/sip/representations.py"",""src/sip/scene.py"",""src/sip/database.py""]","[""tests/integration/test_spatial_truth_twin.py::test_dathyb_dependency_invalidation_supersedes_bindings_and_view_falls_back""]","[""build/evidence/demos/hybrid.json"",""build/reports/test-matrix.json"",""build/reports/tests/integration.xml""]","[""DATA-001"",""DATA-002"",""SCN-001""]","[""DATA-003""]","Implementation and automated checks exist, but production-environment or full-scope evidence is incomplete; this requirement is intentionally not marked verified."
DATHYB-004,P0,VERIFIED,50-data/514_hybrid_representation_asset_contract.md,291,13. Normative requirements,"An interaction, collision, navigation, occlusion, or audio derivative shall default to `derived_non_authoritative` and `disposable=true`.",Defaulting and rejection test,SIP Engineering,FIRST_PRODUCTION_BLOCKING,NOT_REQUIRED,NONE,,"[""src/sip/representations.py"",""src/sip/scene.py"",""src/sip/database.py""]","[""tests/contract/test_generated_contracts.py::test_representation_contract_rejects_authority_drift_for_interaction_proxies"",""tests/contract/test_worker_protocol.py::test_interaction_candidate_package_requires_exact_non_authoritative_ceiling_and_disposable"",""tests/migration/test_migrations.py::test_upgrade_reclassifies_legacy_interaction_representations_without_promoting_others""]","[""build/evidence/demos/hybrid.json"",""build/reports/test-matrix.json"",""build/reports/tests/contract.xml"",""build/reports/tests/integration.xml"",""build/reports/tests/migration.xml""]","[""DATA-001"",""DATA-002"",""SCN-001""]","[""DATA-003""]","Verified in the deterministic local reference profile by the exact linked automated test(s) and retained evidence; no external hardware, cloud, GPU, legal, or customer-pilot result is inferred."
DATHYB-005,P0,IMPLEMENTED_UNVERIFIED,50-data/514_hybrid_representation_asset_contract.md,292,13. Normative requirements,Intended-use approval shall be granular and shall prevent proxy assets from satisfying metric or verified-measurement policy by role alone.,Authorization test,SIP Engineering,FIRST_PRODUCTION_BLOCKING,NOT_REQUIRED,NONE,,"[""src/sip/representations.py"",""src/sip/scene.py"",""src/sip/database.py""]","[""tests/contract/test_spatial_truth_api.py::test_proxy_hit_api_reresolves_server_side_and_rejects_forged_metric_evidence"",""tests/integration/test_governed_hybrid.py::test_candidate_role_size_validation_and_profile_integrity_fail_closed"",""tests/integration/test_governed_hybrid.py::test_quarantine_independent_validation_atomic_publication_and_view_reauthorization"",""tests/integration/test_scene_representation.py::test_hybrid_provider_quarantine_quality_publisher_and_proxy_measurement_guard""]","[""build/evidence/demos/hybrid.json"",""build/reports/test-matrix.json"",""build/reports/tests/contract.xml"",""build/reports/tests/integration.xml""]","[""DATA-001"",""DATA-002"",""SCN-001""]","[""DATA-003""]","Implementation and automated checks exist, but production-environment or full-scope evidence is incomplete; this requirement is intentionally not marked verified."
DATHYB-006,P0,IMPLEMENTED_UNVERIFIED,50-data/514_hybrid_representation_asset_contract.md,293,13. Normative requirements,Semantic identity shall use stable entity and world-frame references with reprojectable support; provider-local primitive IDs shall be cache-only.,Remeshing regression test,SIP Engineering,FIRST_PRODUCTION_BLOCKING,NOT_REQUIRED,NONE,,"[""src/sip/representations.py"",""src/sip/scene.py"",""src/sip/database.py""]","[""tests/integration/test_export_restore.py::test_preservation_collision_remaps_proxy_measurement_and_anchor_history"",""tests/integration/test_scene_representation.py::test_datgit_datscene_stable_entities_commits_diff_and_rollback"",""tests/integration/test_spatial_truth_twin.py::test_datanch_reprojectable_annotations_and_proxy_remap_report""]","[""build/evidence/demos/hybrid.json"",""build/reports/test-matrix.json"",""build/reports/tests/integration.xml""]","[""DATA-001"",""DATA-002"",""SCN-001""]","[""DATA-003""]","Implementation and automated checks exist, but production-environment or full-scope evidence is incomplete; this requirement is intentionally not marked verified."
DATHYB-007,P0,IMPLEMENTED_UNVERIFIED,50-data/514_hybrid_representation_asset_contract.md,294,13. Normative requirements,"Every derivative shall inherit applicable classification, consent, retention, legal-hold, export, and deletion dependencies from all source assets.",Policy graph test,SIP Engineering,FIRST_PRODUCTION_BLOCKING,NOT_REQUIRED,NONE,,"[""src/sip/representations.py"",""src/sip/scene.py"",""src/sip/database.py""]","[""tests/integration/test_spatial_truth_twin.py::test_dathyb_dependency_invalidation_supersedes_bindings_and_view_falls_back""]","[""build/evidence/demos/hybrid.json"",""build/reports/test-matrix.json"",""build/reports/tests/integration.xml""]","[""DATA-001"",""DATA-002"",""SCN-001""]","[""DATA-003""]","Implementation and automated checks exist, but production-environment or full-scope evidence is incomplete; this requirement is intentionally not marked verified."
DATHYB-008,P0,NOT_STARTED,50-data/514_hybrid_representation_asset_contract.md,295,13. Normative requirements,Collision and navigation assets shall declare an actor/profile and shall not be reused for unapproved safety or accessibility purposes.,Profile-enforcement test,UNASSIGNED,FIRST_PRODUCTION_BLOCKING,NOT_REQUIRED,NONE,,[],"[""REQ-DATHYB-008""]",[],"[""DATA-001"",""DATA-002"",""SCN-001""]","[""DATA-003""]",
DATHYB-009,P1,NOT_STARTED,50-data/514_hybrid_representation_asset_contract.md,296,13. Normative requirements,"Representation families shall support tiled and LOD assets with stable frames, seam validation, fallback assets, and runtime selection metadata.",Large-scene schema test,UNASSIGNED,CONTROLLED_POST_P0_MILESTONE,NOT_REQUIRED,NONE,,[],"[""REQ-DATHYB-009""]",[],"[""DATA-001"",""DATA-002"",""SCN-001""]","[""DATA-003""]",
DATHYB-010,P1,IMPLEMENTED_UNVERIFIED,50-data/514_hybrid_representation_asset_contract.md,297,13. Normative requirements,"A support-map remap shall report residual, confidence, failed anchors, and review thresholds while retaining historical supports.",Remap test,SIP Engineering,CONTROLLED_POST_P0_MILESTONE,NOT_REQUIRED,NONE,,"[""src/sip/representations.py"",""src/sip/scene.py"",""src/sip/database.py""]","[""tests/integration/test_governed_hybrid.py::test_provider_or_validation_snapshot_changes_block_publication"",""tests/integration/test_spatial_truth_twin.py::test_datanch_reprojectable_annotations_and_proxy_remap_report""]","[""build/evidence/demos/hybrid.json"",""build/reports/test-matrix.json"",""build/reports/tests/integration.xml""]","[""DATA-001"",""DATA-002"",""SCN-001""]","[""DATA-003""]","Implementation and automated checks exist, but production-environment or full-scope evidence is incomplete; this requirement is intentionally not marked verified."
DATHYB-011,P1,NOT_STARTED,50-data/514_hybrid_representation_asset_contract.md,298,13. Normative requirements,A visual or interaction derivative shall include machine-readable limitations and irreversible-loss declarations.,Export and UI test,UNASSIGNED,CONTROLLED_POST_P0_MILESTONE,NOT_REQUIRED,NONE,,[],"[""REQ-DATHYB-011""]",[],"[""DATA-001"",""DATA-002"",""SCN-001""]","[""DATA-003""]",
DATHYB-012,P1,IMPLEMENTED_UNVERIFIED,50-data/514_hybrid_representation_asset_contract.md,299,13. Normative requirements,"The dependency graph shall support selective invalidation and regeneration after privacy, cleanup, transform, provider, or source changes.",Invalidation test,SIP Engineering,CONTROLLED_POST_P0_MILESTONE,NOT_REQUIRED,NONE,,"[""src/sip/representations.py"",""src/sip/scene.py"",""src/sip/database.py""]","[""tests/integration/test_scene_representation.py::test_representation_publication_rechecks_inherited_policy_and_consent"",""tests/integration/test_spatial_truth_twin.py::test_dathyb_dependency_invalidation_supersedes_bindings_and_view_falls_back""]","[""build/evidence/demos/hybrid.json"",""build/reports/test-matrix.json"",""build/reports/tests/integration.xml""]","[""DATA-001"",""DATA-002"",""SCN-001""]","[""DATA-003""]","Implementation and automated checks exist, but production-environment or full-scope evidence is incomplete; this requirement is intentionally not marked verified."
DATHYB-013,P1,NOT_STARTED,50-data/514_hybrid_representation_asset_contract.md,300,13. Normative requirements,Unknown representation roles or profiles shall be denied privileged uses until a registered policy adapter handles them.,Forward-compatibility test,UNASSIGNED,CONTROLLED_POST_P0_MILESTONE,NOT_REQUIRED,NONE,,[],"[""REQ-DATHYB-013""]",[],"[""DATA-001"",""DATA-002"",""SCN-001""]","[""DATA-003""]",
DATHYB-014,P1,IMPLEMENTED_UNVERIFIED,50-data/514_hybrid_representation_asset_contract.md,301,13. Normative requirements,Hybrid scene views shall reference approved bindings rather than raw storage objects.,API security test,SIP Engineering,CONTROLLED_POST_P0_MILESTONE,NOT_REQUIRED,NONE,,"[""src/sip/representations.py"",""src/sip/scene.py"",""src/sip/database.py""]","[""tests/integration/test_governed_hybrid.py::test_representation_family_requires_approved_frame_consistent_lods_and_seam_evidence"",""tests/integration/test_spatial_truth_twin.py::test_dathyb_dependency_invalidation_supersedes_bindings_and_view_falls_back""]","[""build/evidence/demos/hybrid.json"",""build/reports/test-matrix.json"",""build/reports/tests/integration.xml""]","[""DATA-001"",""DATA-002"",""SCN-001""]","[""DATA-003""]","Implementation and automated checks exist, but production-environment or full-scope evidence is incomplete; this requirement is intentionally not marked verified."
DATHYB-015,P1,NOT_STARTED,50-data/514_hybrid_representation_asset_contract.md,302,13. Normative requirements,"Database and export contracts shall preserve source hashes, coordinate transforms, authority ceilings, intended-use decisions, and policy dependencies.",Round-trip test,UNASSIGNED,CONTROLLED_POST_P0_MILESTONE,NOT_REQUIRED,NONE,,[],"[""REQ-DATHYB-015""]",[],"[""DATA-001"",""DATA-002"",""SCN-001""]","[""DATA-003""]",
DATHYB-016,P1,NOT_STARTED,50-data/514_hybrid_representation_asset_contract.md,303,13. Normative requirements,Asset deprecation shall not erase historical scene commits or prevent independent reproduction when retention policy permits.,Spatial Git test,UNASSIGNED,CONTROLLED_POST_P0_MILESTONE,NOT_REQUIRED,NONE,,[],"[""REQ-DATHYB-016""]",[],"[""DATA-001"",""DATA-002"",""SCN-001""]","[""DATA-003""]",
PLTAPI-001,P0,IMPLEMENTED_UNVERIFIED,60-platform/600_api_guidelines.md,36,4. Normative requirements,"Every endpoint shall document authentication, authorization, request/response schema, idempotency, side effects, events, errors, limits, and examples.",Automated test,SIP Engineering,FIRST_PRODUCTION_BLOCKING,NOT_REQUIRED,NONE,,"[""src/sip/api.py"",""schemas/openapi"",""services""]","[""tests/contract/test_api_contract.py::test_api_openapi_is_stable_unique_and_uses_server_side_auth""]","[""build/reports/test-matrix.json"",""build/reports/tests/contract.xml""]","[""DATA-001"",""DATA-002"",""IAM-001""]","[""PLT-001""]","Implementation and automated checks exist, but production-environment or full-scope evidence is incomplete; this requirement is intentionally not marked verified."
PLTAPI-002,P0,NOT_STARTED,60-platform/600_api_guidelines.md,37,4. Normative requirements,Mutation requests shall include an idempotency key or be demonstrably naturally idempotent.,Automated test,UNASSIGNED,FIRST_PRODUCTION_BLOCKING,NOT_REQUIRED,NONE,,[],"[""REQ-PLTAPI-002""]",[],"[""DATA-001"",""DATA-002"",""IAM-001""]","[""PLT-001""]",
PLTAPI-003,P0,NOT_STARTED,60-platform/600_api_guidelines.md,38,4. Normative requirements,Conditional updates shall use version/ETag semantics and reject lost updates.,Automated test,UNASSIGNED,FIRST_PRODUCTION_BLOCKING,NOT_REQUIRED,NONE,,[],"[""REQ-PLTAPI-003""]",[],"[""DATA-001"",""DATA-002"",""IAM-001""]","[""PLT-001""]",
PLTAPI-004,P1,NOT_STARTED,60-platform/600_api_guidelines.md,39,4. Normative requirements,Pagination shall use opaque stable cursors and deterministic ordering.,Controlled verification,UNASSIGNED,CONTROLLED_POST_P0_MILESTONE,NOT_REQUIRED,NONE,,[],"[""REQ-PLTAPI-004""]",[],"[""DATA-001"",""DATA-002"",""IAM-001""]","[""PLT-001""]",
PLTAPI-005,P1,IMPLEMENTED_UNVERIFIED,60-platform/600_api_guidelines.md,40,4. Normative requirements,"Error responses shall include stable code, message, trace/correlation ID, retryability, and field details when safe.",Controlled verification,SIP Engineering,CONTROLLED_POST_P0_MILESTONE,NOT_REQUIRED,NONE,,"[""src/sip/api.py"",""schemas/openapi"",""services""]","[""tests/contract/test_api_contract.py::test_api_openapi_is_stable_unique_and_uses_server_side_auth""]","[""build/reports/test-matrix.json"",""build/reports/tests/contract.xml""]","[""DATA-001"",""DATA-002"",""IAM-001""]","[""PLT-001""]","Implementation and automated checks exist, but production-environment or full-scope evidence is incomplete; this requirement is intentionally not marked verified."
PLTAPI-006,P1,NOT_STARTED,60-platform/600_api_guidelines.md,41,4. Normative requirements,Breaking API changes shall use a new major version and migration period.,Automated test,UNASSIGNED,CONTROLLED_POST_P0_MILESTONE,NOT_REQUIRED,NONE,,[],"[""REQ-PLTAPI-006""]",[],"[""DATA-001"",""DATA-002"",""IAM-001""]","[""PLT-001""]",
PLTREST-001,P0,IMPLEMENTED_UNVERIFIED,60-platform/601_rest_api.md,36,4. Normative requirements,"The API shall provide create/read/list/update operations for projects, places, captures, entities, assertions, evidence, tasks, and consent where policy permits.",Automated test,SIP Engineering,FIRST_PRODUCTION_BLOCKING,NOT_REQUIRED,NONE,,"[""src/sip/assets.py"",""src/sip/api.py"",""src/sip/audit.py"",""src/sip/security.py""]","[""tests/contract/test_api_contract.py::test_api_asset_operation_scene_round_trip"",""tests/contract/test_spatial_truth_api.py::test_assertion_reads_require_project_authorization_even_without_linked_evidence"",""tests/contract/test_spatial_truth_api.py::test_evidence_and_assertion_reads_enforce_server_side_audience_purpose_and_scope""]","[""build/reports/test-matrix.json"",""build/reports/tests/contract.xml"",""build/reports/tests/unit.xml""]","[""DATA-001"",""DATA-002"",""IAM-001""]","[""PLT-001""]","Implementation and automated checks exist, but production-environment or full-scope evidence is incomplete; this requirement is intentionally not marked verified."
PLTREST-002,P0,NOT_STARTED,60-platform/601_rest_api.md,37,4. Normative requirements,"The API shall provide operations for finalize capture, start pipeline, cancel job, publish scene commit, compare commits, request review, export, redact, and delete.",Automated test,UNASSIGNED,FIRST_PRODUCTION_BLOCKING,NOT_REQUIRED,NONE,,[],"[""REQ-PLTREST-002""]",[],"[""DATA-001"",""DATA-002"",""IAM-001""]","[""PLT-001""]",
PLTREST-003,P0,NOT_STARTED,60-platform/601_rest_api.md,38,4. Normative requirements,Search shall accept structured spatial/temporal/source filters and return explanation/provenance summaries.,Controlled verification,UNASSIGNED,FIRST_PRODUCTION_BLOCKING,NOT_REQUIRED,NONE,,[],"[""REQ-PLTREST-003""]",[],"[""DATA-001"",""DATA-002"",""IAM-001""]","[""PLT-001""]",
PLTREST-004,P1,IMPLEMENTED_UNVERIFIED,60-platform/601_rest_api.md,39,4. Normative requirements,"Asset URLs shall be short-lived, scoped to exact object/action, and audited for sensitive classes.",Controlled verification,SIP Engineering,CONTROLLED_POST_P0_MILESTONE,NOT_REQUIRED,NONE,,"[""src/sip/assets.py"",""src/sip/api.py"",""src/sip/audit.py"",""src/sip/security.py""]","[""tests/unit/test_assets_policy.py::test_opssec_signed_asset_token_is_scoped_and_temporary""]","[""build/reports/test-matrix.json"",""build/reports/tests/contract.xml"",""build/reports/tests/unit.xml""]","[""DATA-001"",""DATA-002"",""IAM-001""]","[""PLT-001""]","Implementation and automated checks exist, but production-environment or full-scope evidence is incomplete; this requirement is intentionally not marked verified."
PLTREST-005,P1,IMPLEMENTED_UNVERIFIED,60-platform/601_rest_api.md,40,4. Normative requirements,"The API shall expose operation progress, warnings, outputs, quality, cost attribution, and terminal errors.",Automated test,SIP Engineering,CONTROLLED_POST_P0_MILESTONE,NOT_REQUIRED,NONE,,"[""src/sip/assets.py"",""src/sip/api.py"",""src/sip/audit.py"",""src/sip/security.py""]","[""tests/contract/test_api_contract.py::test_api_asset_operation_scene_round_trip""]","[""build/reports/test-matrix.json"",""build/reports/tests/contract.xml"",""build/reports/tests/unit.xml""]","[""DATA-001"",""DATA-002"",""IAM-001""]","[""PLT-001""]","Implementation and automated checks exist, but production-environment or full-scope evidence is incomplete; this requirement is intentionally not marked verified."
PLTREST-006,P1,NOT_STARTED,60-platform/601_rest_api.md,41,4. Normative requirements,"Bulk endpoints shall be bounded, transactional where promised, and return per-item outcomes.",Controlled verification,UNASSIGNED,CONTROLLED_POST_P0_MILESTONE,NOT_REQUIRED,NONE,,[],"[""REQ-PLTREST-006""]",[],"[""DATA-001"",""DATA-002"",""IAM-001""]","[""PLT-001""]",
PLTGRPC-001,P0,VERIFIED,60-platform/602_grpc_worker_api.md,36,4. Normative requirements,"A job lease shall include job/run ID, adapter/profile, input manifest, output staging scope, resource limits, deadline, cancellation token, and workload identity.",Controlled verification,SIP Engineering,FIRST_PRODUCTION_BLOCKING,NOT_REQUIRED,NONE,,"[""src/sip/worker_protocol.py"",""src/sip/worker_runtime.py"",""schemas/protobuf/worker.proto"",""schemas/jsonschema/worker-lease.schema.json""]","[""tests/contract/test_generated_contracts.py::test_worker_contracts_are_exposed_in_protobuf_typescript_and_python"",""tests/contract/test_worker_manifests.py::test_worker_manifests_are_immutable_least_privilege_and_cover_registry"",""tests/contract/test_worker_protocol.py::test_signed_worker_lease_binds_input_identity_capability_budget_and_deadline""]","[""build/reports/test-matrix.json"",""build/reports/tests/contract.xml""]","[""DATA-001"",""DATA-002"",""IAM-001""]","[""PLT-001""]","Verified in the deterministic local reference profile by the exact linked automated test(s) and retained evidence; no external hardware, cloud, GPU, legal, or customer-pilot result is inferred."
PLTGRPC-002,P0,NOT_STARTED,60-platform/602_grpc_worker_api.md,37,4. Normative requirements,"Workers shall report startup, download, decode, stage progress, warnings, quality, checkpoints, resource use, and terminal result.",Controlled verification,UNASSIGNED,FIRST_PRODUCTION_BLOCKING,NOT_REQUIRED,NONE,,[],"[""REQ-PLTGRPC-002""]",[],"[""DATA-001"",""DATA-002"",""IAM-001""]","[""PLT-001""]",
PLTGRPC-003,P0,VERIFIED,60-platform/602_grpc_worker_api.md,38,4. Normative requirements,Heartbeat expiry shall release or quarantine the lease according to checkpoint safety.,Controlled verification,SIP Engineering,FIRST_PRODUCTION_BLOCKING,NOT_REQUIRED,NONE,,"[""src/sip/worker_protocol.py"",""src/sip/worker_runtime.py"",""schemas/protobuf/worker.proto"",""schemas/jsonschema/worker-lease.schema.json""]","[""tests/contract/test_worker_protocol.py::test_checkpoint_sequence_is_monotonic_and_expired_leases_reconcile""]","[""build/reports/test-matrix.json"",""build/reports/tests/contract.xml""]","[""DATA-001"",""DATA-002"",""IAM-001""]","[""PLT-001""]","Verified in the deterministic local reference profile by the exact linked automated test(s) and retained evidence; no external hardware, cloud, GPU, legal, or customer-pilot result is inferred."
PLTGRPC-004,P1,VERIFIED,60-platform/602_grpc_worker_api.md,39,4. Normative requirements,The control plane shall verify output hashes and manifest before accepting completion.,Automated test,SIP Engineering,CONTROLLED_POST_P0_MILESTONE,NOT_REQUIRED,NONE,,"[""src/sip/worker_protocol.py"",""src/sip/worker_runtime.py"",""schemas/protobuf/worker.proto"",""schemas/jsonschema/worker-lease.schema.json""]","[""tests/contract/test_infrastructure.py::test_compose_workers_have_private_staging_volumes"",""tests/contract/test_observability_infrastructure.py::test_workers_publish_metrics_without_broadening_compute_permissions"",""tests/contract/test_worker_manifests.py::test_production_worker_requires_exact_deployment_bindings"",""tests/contract/test_worker_protocol.py::test_control_plane_rejects_output_hash_mismatch""]","[""build/reports/test-matrix.json"",""build/reports/tests/contract.xml""]","[""DATA-001"",""DATA-002"",""IAM-001""]","[""PLT-001""]","Verified in the deterministic local reference profile by the exact linked automated test(s) and retained evidence; no external hardware, cloud, GPU, legal, or customer-pilot result is inferred."
PLTGRPC-005,P1,VERIFIED,60-platform/602_grpc_worker_api.md,40,4. Normative requirements,Protocol mismatches shall fail before expensive work and never fall back to untyped execution.,Controlled verification,SIP Engineering,CONTROLLED_POST_P0_MILESTONE,NOT_REQUIRED,NONE,,"[""src/sip/worker_protocol.py"",""src/sip/worker_runtime.py"",""schemas/protobuf/worker.proto"",""schemas/jsonschema/worker-lease.schema.json""]","[""tests/contract/test_worker_protocol.py::test_signed_worker_lease_binds_input_identity_capability_budget_and_deadline""]","[""build/reports/test-matrix.json"",""build/reports/tests/contract.xml""]","[""DATA-001"",""DATA-002"",""IAM-001""]","[""PLT-001""]","Verified in the deterministic local reference profile by the exact linked automated test(s) and retained evidence; no external hardware, cloud, GPU, legal, or customer-pilot result is inferred."
PLTGRPC-006,P1,VERIFIED,60-platform/602_grpc_worker_api.md,41,4. Normative requirements,Workers shall support graceful cancellation at declared safe points.,Controlled verification,SIP Engineering,CONTROLLED_POST_P0_MILESTONE,NOT_REQUIRED,NONE,,"[""src/sip/worker_protocol.py"",""src/sip/worker_runtime.py"",""schemas/protobuf/worker.proto"",""schemas/jsonschema/worker-lease.schema.json""]","[""tests/contract/test_worker_protocol.py::test_checkpoint_sequence_is_monotonic_and_expired_leases_reconcile""]","[""build/reports/test-matrix.json"",""build/reports/tests/contract.xml""]","[""DATA-001"",""DATA-002"",""IAM-001""]","[""PLT-001""]","Verified in the deterministic local reference profile by the exact linked automated test(s) and retained evidence; no external hardware, cloud, GPU, legal, or customer-pilot result is inferred."
PLTEVENT-001,P0,NOT_STARTED,60-platform/603_event_catalog.md,36,4. Normative requirements,"The catalog shall cover project, capture, asset, pipeline, quality, scene, entity, evidence, review, consent, export, deletion, security, and billing-attribution domains.",Controlled verification,UNASSIGNED,FIRST_PRODUCTION_BLOCKING,NOT_REQUIRED,NONE,,[],"[""REQ-PLTEVENT-001""]",[],"[""DATA-001"",""DATA-002"",""IAM-001""]","[""PLT-001""]",
PLTEVENT-002,P0,NOT_STARTED,60-platform/603_event_catalog.md,37,4. Normative requirements,"Each event shall define producer, consumers, partition/ordering key, retry policy, retention, personal-data classification, and example.",Automated test,UNASSIGNED,FIRST_PRODUCTION_BLOCKING,NOT_REQUIRED,NONE,,[],"[""REQ-PLTEVENT-002""]",[],"[""DATA-001"",""DATA-002"",""IAM-001""]","[""PLT-001""]",
PLTEVENT-003,P0,NOT_STARTED,60-platform/603_event_catalog.md,38,4. Normative requirements,Consumers shall persist processed event IDs or use an equivalent idempotency mechanism.,Automated test,UNASSIGNED,FIRST_PRODUCTION_BLOCKING,NOT_REQUIRED,NONE,,[],"[""REQ-PLTEVENT-003""]",[],"[""DATA-001"",""DATA-002"",""IAM-001""]","[""PLT-001""]",
PLTEVENT-004,P1,NOT_STARTED,60-platform/603_event_catalog.md,39,4. Normative requirements,Schema registry validation shall run in CI and at publication boundaries.,Automated test,UNASSIGNED,CONTROLLED_POST_P0_MILESTONE,NOT_REQUIRED,NONE,,[],"[""REQ-PLTEVENT-004""]",[],"[""DATA-001"",""DATA-002"",""IAM-001""]","[""PLT-001""]",
PLTEVENT-005,P1,NOT_STARTED,60-platform/603_event_catalog.md,40,4. Normative requirements,An event shall never assert success before its authoritative transaction commits.,Automated test,UNASSIGNED,CONTROLLED_POST_P0_MILESTONE,NOT_REQUIRED,NONE,,[],"[""REQ-PLTEVENT-005""]",[],"[""DATA-001"",""DATA-002"",""IAM-001""]","[""PLT-001""]",
PLTEVENT-006,P1,NOT_STARTED,60-platform/603_event_catalog.md,41,4. Normative requirements,"Replay tools shall support dry run, bounded ranges, tenant scope, and audit.",Controlled verification,UNASSIGNED,CONTROLLED_POST_P0_MILESTONE,NOT_REQUIRED,NONE,,[],"[""REQ-PLTEVENT-006""]",[],"[""DATA-001"",""DATA-002"",""IAM-001""]","[""PLT-001""]",
PLTJOB-001,P0,IMPLEMENTED_UNVERIFIED,60-platform/604_job_orchestration.md,36,4. Normative requirements,"A workflow shall persist state, attempts, checkpoints, input/output manifests, costs, warnings, and cancellation.",Automated test,SIP Engineering,FIRST_PRODUCTION_BLOCKING,NOT_REQUIRED,NONE,,"[""src/sip/operations.py"",""src/sip/database.py"",""migrations/versions/0005_worker_candidate_idempotency.py"",""migrations/versions/0006_operation_trace_context.py""]","[""tests/unit/test_operations.py::test_pltjob_001_durable_idempotent_checkpoint_cancel_resume""]","[""build/reports/test-matrix.json"",""build/reports/tests/unit.xml""]","[""DATA-001"",""DATA-002"",""IAM-001""]","[""PLT-001""]","Implementation and automated checks exist, but production-environment or full-scope evidence is incomplete; this requirement is intentionally not marked verified."
PLTJOB-002,P0,NOT_STARTED,60-platform/604_job_orchestration.md,37,4. Normative requirements,Activity retries shall not duplicate published assets or charges.,Controlled verification,UNASSIGNED,FIRST_PRODUCTION_BLOCKING,NOT_REQUIRED,NONE,,[],"[""REQ-PLTJOB-002""]",[],"[""DATA-001"",""DATA-002"",""IAM-001""]","[""PLT-001""]",
PLTJOB-003,P0,NOT_STARTED,60-platform/604_job_orchestration.md,38,4. Normative requirements,Quality and license gates shall execute before publication.,Controlled verification,UNASSIGNED,FIRST_PRODUCTION_BLOCKING,NOT_REQUIRED,NONE,,[],"[""REQ-PLTJOB-003""]",[],"[""DATA-001"",""DATA-002"",""IAM-001""]","[""PLT-001""]",
PLTJOB-004,P1,NOT_STARTED,60-platform/604_job_orchestration.md,39,4. Normative requirements,"Manual-review tasks shall include scope, evidence, requested decision, possible outcomes, and impact.",Controlled verification,UNASSIGNED,CONTROLLED_POST_P0_MILESTONE,NOT_REQUIRED,NONE,,[],"[""REQ-PLTJOB-004""]",[],"[""DATA-001"",""DATA-002"",""IAM-001""]","[""PLT-001""]",
PLTJOB-005,P1,NOT_STARTED,60-platform/604_job_orchestration.md,40,4. Normative requirements,Workflow upgrades shall preserve running jobs or migrate them explicitly.,Controlled verification,UNASSIGNED,CONTROLLED_POST_P0_MILESTONE,NOT_REQUIRED,NONE,,[],"[""REQ-PLTJOB-005""]",[],"[""DATA-001"",""DATA-002"",""IAM-001""]","[""PLT-001""]",
PLTJOB-006,P1,NOT_STARTED,60-platform/604_job_orchestration.md,41,4. Normative requirements,Operators shall be able to pause queues or disable a model/profile without editing customer data.,Controlled verification,UNASSIGNED,CONTROLLED_POST_P0_MILESTONE,NOT_REQUIRED,NONE,,[],"[""REQ-PLTJOB-006""]",[],"[""DATA-001"",""DATA-002"",""IAM-001""]","[""PLT-001""]",
PLTVIEW-001,P0,IMPLEMENTED_UNVERIFIED,60-platform/605_web_viewer.md,36,4. Normative requirements,"The viewer shall support orbit, walk/fly, saved views, floor/room navigation, clipping, section boxes, entity selection, timeline, and synchronized comparison.",Controlled verification,SIP Engineering,FIRST_PRODUCTION_BLOCKING,NOT_REQUIRED,NONE,,"[""apps/web"",""src/sip/scene_runtime.py"",""src/sip/representations.py"",""src/sip/api.py"",""src/sip/database.py"",""migrations/versions/0012_scene_runtime_review.py"",""tools/run_demo.py""]","[""tests/contract/test_scene_runtime_api.py::test_scene_runtime_openapi_and_authenticated_viewer_session_contract"",""tests/e2e/test_platform_demonstrations.py::test_scene_runtime_review_demonstration"",""tests/integration/test_scene_runtime_review.py::test_policy_bound_viewer_session_is_immutable_replayable_and_never_persists_capabilities""]","[""build/evidence/demos/hybrid.json"",""build/evidence/demos/scene-runtime.json"",""build/reports/test-matrix.json"",""build/reports/tests/contract.xml"",""build/reports/tests/e2e.xml"",""build/reports/tests/integration.xml"",""build/reports/web-runtime-test-report.json""]","[""IAM-001"",""PLT-002"",""REC-005"",""REC-008"",""REC-009"",""SCN-001""]","[""PLT-002"",""PLT-004""]","Implementation and automated checks exist, but production-environment or full-scope evidence is incomplete; this requirement is intentionally not marked verified."
PLTVIEW-002,P0,NOT_STARTED,60-platform/605_web_viewer.md,37,4. Normative requirements,Rendering shall stream bounded LOD/tile assets and maintain interactive frame budgets on supported devices.,Controlled verification,UNASSIGNED,FIRST_PRODUCTION_BLOCKING,NOT_REQUIRED,NONE,,[],"[""REQ-PLTVIEW-002""]",[],"[""IAM-001"",""PLT-002"",""REC-005"",""REC-008"",""REC-009"",""SCN-001""]","[""PLT-002"",""PLT-004""]",
PLTVIEW-003,P0,IMPLEMENTED_UNVERIFIED,60-platform/605_web_viewer.md,38,4. Normative requirements,"Selecting an entity shall show authority/source class, properties, history, evidence, tasks, permissions, and related documents when authorized.",Controlled verification,SIP Engineering,FIRST_PRODUCTION_BLOCKING,NOT_REQUIRED,NONE,,"[""apps/web"",""src/sip/scene_runtime.py"",""src/sip/representations.py"",""src/sip/api.py"",""src/sip/database.py"",""migrations/versions/0012_scene_runtime_review.py"",""tools/run_demo.py""]","[""tests/e2e/test_platform_demonstrations.py::test_scene_runtime_review_demonstration"",""tests/integration/test_scene_runtime_review.py::test_policy_bound_viewer_session_is_immutable_replayable_and_never_persists_capabilities""]","[""build/evidence/demos/hybrid.json"",""build/evidence/demos/scene-runtime.json"",""build/reports/test-matrix.json"",""build/reports/tests/e2e.xml"",""build/reports/tests/integration.xml"",""build/reports/web-runtime-test-report.json""]","[""IAM-001"",""PLT-002"",""REC-005"",""REC-008"",""REC-009"",""SCN-001""]","[""PLT-002"",""PLT-004""]","Implementation and automated checks exist, but production-environment or full-scope evidence is incomplete; this requirement is intentionally not marked verified."
PLTVIEW-004,P1,NOT_STARTED,60-platform/605_web_viewer.md,39,4. Normative requirements,The viewer shall display generated/inferred/reconstructed labels persistently and offer evidence view.,Automated test,UNASSIGNED,CONTROLLED_POST_P0_MILESTONE,NOT_REQUIRED,NONE,,[],"[""REQ-PLTVIEW-004""]",[],"[""IAM-001"",""PLT-002"",""REC-005"",""REC-008"",""REC-009"",""SCN-001""]","[""PLT-002"",""PLT-004""]",
PLTVIEW-005,P1,IMPLEMENTED_UNVERIFIED,60-platform/605_web_viewer.md,40,4. Normative requirements,"Keyboard navigation, screen-reader metadata panels, captions/transcripts, reduced motion, and high-contrast controls shall be supported.",Controlled verification,SIP Engineering,CONTROLLED_POST_P0_MILESTONE,NOT_REQUIRED,NONE,,"[""apps/web"",""src/sip/scene_runtime.py"",""src/sip/representations.py"",""src/sip/api.py"",""src/sip/database.py"",""migrations/versions/0012_scene_runtime_review.py"",""tools/run_demo.py""]","[""tests/contract/test_web_viewer_runtime.py::test_pltview_005_accessibility_controls_and_semantic_fallback_are_executable""]","[""build/evidence/demos/hybrid.json"",""build/evidence/demos/scene-runtime.json"",""build/reports/test-matrix.json"",""build/reports/tests/contract.xml"",""build/reports/web-runtime-test-report.json""]","[""IAM-001"",""PLT-002"",""REC-005"",""REC-008"",""REC-009"",""SCN-001""]","[""PLT-002"",""PLT-004""]","Implementation and automated checks exist, but production-environment or full-scope evidence is incomplete; this requirement is intentionally not marked verified."
PLTVIEW-006,P1,IMPLEMENTED_UNVERIFIED,60-platform/605_web_viewer.md,41,4. Normative requirements,"Viewer sessions used for audit or reports shall be reproducible from saved camera, layers, commit, filters, and redaction state.",Controlled verification,SIP Engineering,CONTROLLED_POST_P0_MILESTONE,NOT_REQUIRED,NONE,,"[""apps/web"",""src/sip/scene_runtime.py"",""src/sip/representations.py"",""src/sip/api.py"",""src/sip/database.py"",""migrations/versions/0012_scene_runtime_review.py"",""tools/run_demo.py""]","[""tests/integration/test_scene_runtime_review.py::test_policy_bound_viewer_session_is_immutable_replayable_and_never_persists_capabilities""]","[""build/evidence/demos/hybrid.json"",""build/evidence/demos/scene-runtime.json"",""build/reports/test-matrix.json"",""build/reports/tests/integration.xml"",""build/reports/web-runtime-test-report.json""]","[""IAM-001"",""PLT-002"",""REC-005"",""REC-008"",""REC-009"",""SCN-001""]","[""PLT-002"",""PLT-004""]","Implementation and automated checks exist, but production-environment or full-scope evidence is incomplete; this requirement is intentionally not marked verified."
PLTVIEW-007,P0,VERIFIED,60-platform/605_web_viewer.md,136,15. Version 1.1 hybrid runtime behavior,"Hybrid rendering shall keep visual, metric, interaction, design, and evidence roles independently selectable and labeled.",Viewer integration test,SIP Engineering,FIRST_PRODUCTION_BLOCKING,NOT_REQUIRED,NONE,,"[""apps/web"",""src/sip/scene_runtime.py"",""src/sip/representations.py"",""src/sip/api.py"",""src/sip/database.py"",""migrations/versions/0012_scene_runtime_review.py"",""tools/run_demo.py""]","[""tests/contract/test_web_viewer_runtime.py::test_pltview_007_controls_drive_actual_canvas_role_directives""]","[""build/evidence/demos/hybrid.json"",""build/evidence/demos/scene-runtime.json"",""build/reports/test-matrix.json"",""build/reports/tests/contract.xml"",""build/reports/web-runtime-test-report.json""]","[""IAM-001"",""PLT-002"",""REC-005"",""REC-008"",""REC-009"",""SCN-001""]","[""PLT-002"",""PLT-004""]","Verified in the deterministic local reference profile by the exact linked automated test(s) and retained evidence; no external hardware, cloud, GPU, legal, or customer-pilot result is inferred."
PLTVIEW-008,P0,NOT_STARTED,60-platform/605_web_viewer.md,137,15. Version 1.1 hybrid runtime behavior,Proxy picking shall resolve to stable semantic entities and shall not expose primitive IDs as business identity.,Remesh test,UNASSIGNED,FIRST_PRODUCTION_BLOCKING,NOT_REQUIRED,NONE,,[],"[""REQ-PLTVIEW-008""]",[],"[""IAM-001"",""PLT-002"",""REC-005"",""REC-008"",""REC-009"",""SCN-001""]","[""PLT-002"",""PLT-004""]",
PLTVIEW-009,P0,NOT_STARTED,60-platform/605_web_viewer.md,138,15. Version 1.1 hybrid runtime behavior,A measurement started on a proxy shall invoke metric re-resolution and display the resulting authority/verification class.,End-to-end test,UNASSIGNED,FIRST_PRODUCTION_BLOCKING,NOT_REQUIRED,NONE,,[],"[""REQ-PLTVIEW-009""]",[],"[""IAM-001"",""PLT-002"",""REC-005"",""REC-008"",""REC-009"",""SCN-001""]","[""PLT-002"",""PLT-004""]",
PLTVIEW-010,P1,NOT_STARTED,60-platform/605_web_viewer.md,139,15. Version 1.1 hybrid runtime behavior,"Collision, navigation, occlusion, clipping, and spatial-audio sources shall be independently diagnosable.",UI test,UNASSIGNED,CONTROLLED_POST_P0_MILESTONE,NOT_REQUIRED,NONE,,[],"[""REQ-PLTVIEW-010""]",[],"[""IAM-001"",""PLT-002"",""REC-005"",""REC-008"",""REC-009"",""SCN-001""]","[""PLT-002"",""PLT-004""]",
PLTVIEW-011,P1,NOT_STARTED,60-platform/605_web_viewer.md,140,15. Version 1.1 hybrid runtime behavior,"Performance degradation shall preserve permissions, truth labels, safe navigation, and evidence access before optional visual quality.",Device-tier test,UNASSIGNED,CONTROLLED_POST_P0_MILESTONE,NOT_REQUIRED,NONE,,[],"[""REQ-PLTVIEW-011""]",[],"[""IAM-001"",""PLT-002"",""REC-005"",""REC-008"",""REC-009"",""SCN-001""]","[""PLT-002"",""PLT-004""]",
PLTVIEW-012,P1,NOT_STARTED,60-platform/605_web_viewer.md,141,15. Version 1.1 hybrid runtime behavior,The viewer shall provide a non-splat fallback without changing semantic identity or evidence links.,Compatibility test,UNASSIGNED,CONTROLLED_POST_P0_MILESTONE,NOT_REQUIRED,NONE,,[],"[""REQ-PLTVIEW-012""]",[],"[""IAM-001"",""PLT-002"",""REC-005"",""REC-008"",""REC-009"",""SCN-001""]","[""PLT-002"",""PLT-004""]",
PLTDESK-001,P0,IMPLEMENTED_UNVERIFIED,60-platform/606_desktop_review.md,36,4. Normative requirements,The reviewer shall inspect synchronized frame/depth/trajectory/geometry and allow correspondence creation with undo and provenance.,Controlled verification,SIP Engineering,FIRST_PRODUCTION_BLOCKING,NOT_REQUIRED,NONE,,"[""apps/desktop-review"",""src/sip/desktop_review.py"",""tests/integration/test_desktop_review.py""]","[""tests/integration/test_desktop_review.py::test_desktop_observations_synchronize_rgb_depth_trajectory_and_geometry"",""tests/integration/test_desktop_review.py::test_desktop_project_is_local_first_and_content_addressed"",""tests/integration/test_desktop_review.py::test_desktop_supports_all_correspondence_types"",""tests/integration/test_desktop_review.py::test_desktop_undo_and_redo_append_history_instead_of_rewriting""]","[""build/reports/desktop-review-test-report.json"",""build/reports/test-matrix.json"",""build/reports/tests/integration.xml""]","[""IAM-001"",""REC-005"",""SCN-001""]","[""PLT-002""]","Implementation and automated checks exist, but production-environment or full-scope evidence is incomplete; this requirement is intentionally not marked verified."
PLTDESK-002,P0,IMPLEMENTED_UNVERIFIED,60-platform/606_desktop_review.md,37,4. Normative requirements,"The reviewer shall visualize factor residuals, loop constraints, source weights, and region uncertainty.",Controlled verification,SIP Engineering,FIRST_PRODUCTION_BLOCKING,NOT_REQUIRED,NONE,,"[""apps/desktop-review"",""src/sip/desktop_review.py"",""tests/integration/test_desktop_review.py""]","[""tests/integration/test_desktop_review.py::test_desktop_records_factor_residuals_and_loop_constraints"",""tests/integration/test_desktop_review.py::test_desktop_records_source_weights_and_regional_uncertainty""]","[""build/reports/desktop-review-test-report.json"",""build/reports/test-matrix.json"",""build/reports/tests/integration.xml""]","[""IAM-001"",""REC-005"",""SCN-001""]","[""PLT-002""]","Implementation and automated checks exist, but production-environment or full-scope evidence is incomplete; this requirement is intentionally not marked verified."
PLTDESK-003,P0,IMPLEMENTED_UNVERIFIED,60-platform/606_desktop_review.md,38,4. Normative requirements,"Offline changes shall preserve local identity, author, base commit, and conflict information.",Controlled verification,SIP Engineering,FIRST_PRODUCTION_BLOCKING,NOT_REQUIRED,NONE,,"[""apps/desktop-review"",""src/sip/desktop_review.py"",""tests/integration/test_desktop_review.py""]","[""tests/integration/test_desktop_review.py::test_desktop_branch_history_preserves_base_commit_identity"",""tests/integration/test_desktop_review.py::test_desktop_offline_merge_preserves_conflicts""]","[""build/reports/desktop-review-test-report.json"",""build/reports/test-matrix.json"",""build/reports/tests/integration.xml""]","[""IAM-001"",""REC-005"",""SCN-001""]","[""PLT-002""]","Implementation and automated checks exist, but production-environment or full-scope evidence is incomplete; this requirement is intentionally not marked verified."
PLTDESK-004,P1,IMPLEMENTED_UNVERIFIED,60-platform/606_desktop_review.md,39,4. Normative requirements,The application shall not require cloud login for authorized local-only projects.,Controlled verification,SIP Engineering,CONTROLLED_POST_P0_MILESTONE,NOT_REQUIRED,NONE,,"[""apps/desktop-review"",""src/sip/desktop_review.py"",""tests/integration/test_desktop_review.py""]","[""tests/integration/test_desktop_review.py::test_desktop_authorized_local_project_requires_no_cloud_login""]","[""build/reports/desktop-review-test-report.json"",""build/reports/test-matrix.json"",""build/reports/tests/integration.xml""]","[""IAM-001"",""REC-005"",""SCN-001""]","[""PLT-002""]","Implementation and automated checks exist, but production-environment or full-scope evidence is incomplete; this requirement is intentionally not marked verified."
PLTDESK-005,P1,IMPLEMENTED_UNVERIFIED,60-platform/606_desktop_review.md,40,4. Normative requirements,GPU crashes shall not corrupt local project bundles.,Controlled verification,SIP Engineering,CONTROLLED_POST_P0_MILESTONE,NOT_REQUIRED,NONE,,"[""apps/desktop-review"",""src/sip/desktop_review.py"",""tests/integration/test_desktop_review.py""]","[""tests/integration/test_desktop_review.py::test_desktop_action_chain_detects_tampering"",""tests/integration/test_desktop_review.py::test_desktop_atomic_bundle_detects_input_tampering"",""tests/integration/test_desktop_review.py::test_desktop_lock_has_explicit_owner"",""tests/integration/test_desktop_review.py::test_desktop_reopen_is_deterministic_and_crash_safe""]","[""build/reports/desktop-review-test-report.json"",""build/reports/test-matrix.json"",""build/reports/tests/integration.xml""]","[""IAM-001"",""REC-005"",""SCN-001""]","[""PLT-002""]","Implementation and automated checks exist, but production-environment or full-scope evidence is incomplete; this requirement is intentionally not marked verified."
PLTDESK-006,P1,IMPLEMENTED_UNVERIFIED,60-platform/606_desktop_review.md,41,4. Normative requirements,Exports and publication shall still pass policy and license gates.,Controlled verification,SIP Engineering,CONTROLLED_POST_P0_MILESTONE,NOT_REQUIRED,NONE,,"[""apps/desktop-review"",""src/sip/desktop_review.py"",""tests/integration/test_desktop_review.py""]","[""tests/integration/test_desktop_review.py::test_desktop_export_denies_authoritative_publish_and_bad_license"",""tests/integration/test_desktop_review.py::test_desktop_export_is_proposal_only_and_policy_gated""]","[""build/reports/desktop-review-test-report.json"",""build/reports/test-matrix.json"",""build/reports/tests/integration.xml""]","[""IAM-001"",""REC-005"",""SCN-001""]","[""PLT-002""]","Implementation and automated checks exist, but production-environment or full-scope evidence is incomplete; this requirement is intentionally not marked verified."
PLTSQL-001,P0,VERIFIED,60-platform/607_spatial_query_language.md,36,4. Normative requirements,"The language shall support `within`, `intersects`, `near`, `visible_from`, `on_level`, `changed_between`, temporal intervals, graph traversal, source/authority, and evidence filters.",Controlled verification,SIP Engineering,FIRST_PRODUCTION_BLOCKING,NOT_REQUIRED,NONE,,"[""src/sip/spatial_query.py"",""src/sip/search.py"",""schemas/jsonschema/spatial-query.schema.json"",""schemas/jsonschema/saved-query.schema.json"",""schemas/openapi/search-service.openapi.json""]","[""tests/contract/test_search_agent_api.py::test_public_query_contract_excludes_authorization_scope"",""tests/integration/test_authorized_search_agents.py::test_pltsql_001_002_003_structured_spatial_temporal_graph_and_evidence_filters""]","[""build/reports/test-matrix.json"",""build/reports/tests/contract.xml"",""build/reports/tests/integration.xml"",""schemas/jsonschema/spatial-query.schema.json""]","[""IAM-001"",""SCN-001""]","[""SCN-003""]","Verified in the deterministic local reference profile by the exact linked automated test(s) and retained evidence; no external hardware, cloud, GPU, legal, or customer-pilot result is inferred."
PLTSQL-002,P0,VERIFIED,60-platform/607_spatial_query_language.md,37,4. Normative requirements,"Query execution shall enforce complexity, result, time, and spatial-volume limits.",Controlled verification,SIP Engineering,FIRST_PRODUCTION_BLOCKING,NOT_REQUIRED,NONE,,"[""src/sip/spatial_query.py"",""src/sip/search.py"",""schemas/jsonschema/spatial-query.schema.json"",""schemas/jsonschema/saved-query.schema.json"",""schemas/openapi/search-service.openapi.json""]","[""tests/contract/test_search_agent_api.py::test_public_query_contract_excludes_authorization_scope"",""tests/integration/test_authorized_search_agents.py::test_pltsql_001_002_003_structured_spatial_temporal_graph_and_evidence_filters""]","[""build/reports/test-matrix.json"",""build/reports/tests/contract.xml"",""build/reports/tests/integration.xml"",""schemas/jsonschema/spatial-query.schema.json""]","[""IAM-001"",""SCN-001""]","[""SCN-003""]","Verified in the deterministic local reference profile by the exact linked automated test(s) and retained evidence; no external hardware, cloud, GPU, legal, or customer-pilot result is inferred."
PLTSQL-003,P0,VERIFIED,60-platform/607_spatial_query_language.md,38,4. Normative requirements,"Saved queries shall record schema version, author, permissions, parameters, and expected result contract.",Automated test,SIP Engineering,FIRST_PRODUCTION_BLOCKING,NOT_REQUIRED,NONE,,"[""src/sip/spatial_query.py"",""src/sip/search.py"",""schemas/jsonschema/spatial-query.schema.json"",""schemas/jsonschema/saved-query.schema.json"",""schemas/openapi/search-service.openapi.json""]","[""tests/integration/test_authorized_search_agents.py::test_saved_query_is_immutable_versioned_permissioned_and_parameterized""]","[""build/reports/test-matrix.json"",""build/reports/tests/contract.xml"",""build/reports/tests/integration.xml"",""schemas/jsonschema/spatial-query.schema.json""]","[""IAM-001"",""SCN-001""]","[""SCN-003""]","Verified in the deterministic local reference profile by the exact linked automated test(s) and retained evidence; no external hardware, cloud, GPU, legal, or customer-pilot result is inferred."
PLTSQL-004,P1,NOT_STARTED,60-platform/607_spatial_query_language.md,39,4. Normative requirements,Natural-language translation shall not broaden scope beyond the user's authorization or stated intent.,Controlled verification,UNASSIGNED,CONTROLLED_POST_P0_MILESTONE,NOT_REQUIRED,NONE,,[],"[""REQ-PLTSQL-004""]",[],"[""IAM-001"",""SCN-001""]","[""SCN-003""]",
PLTSQL-005,P1,NOT_STARTED,60-platform/607_spatial_query_language.md,40,4. Normative requirements,Reports shall record the exact query and scene commit used.,Controlled verification,UNASSIGNED,CONTROLLED_POST_P0_MILESTONE,NOT_REQUIRED,NONE,,[],"[""REQ-PLTSQL-005""]",[],"[""IAM-001"",""SCN-001""]","[""SCN-003""]",
PLTSQL-006,P1,VERIFIED,60-platform/607_spatial_query_language.md,41,4. Normative requirements,Query explanations shall show filters and ranking factors in user-understandable form.,Controlled verification,SIP Engineering,CONTROLLED_POST_P0_MILESTONE,NOT_REQUIRED,NONE,,"[""src/sip/spatial_query.py"",""src/sip/search.py"",""schemas/jsonschema/spatial-query.schema.json"",""schemas/jsonschema/saved-query.schema.json"",""schemas/openapi/search-service.openapi.json""]","[""tests/integration/test_authorized_search_agents.py::test_pltsql_001_002_003_structured_spatial_temporal_graph_and_evidence_filters""]","[""build/reports/test-matrix.json"",""build/reports/tests/contract.xml"",""build/reports/tests/integration.xml"",""schemas/jsonschema/spatial-query.schema.json""]","[""IAM-001"",""SCN-001""]","[""SCN-003""]","Verified in the deterministic local reference profile by the exact linked automated test(s) and retained evidence; no external hardware, cloud, GPU, legal, or customer-pilot result is inferred."
PLTAGENT-001,P0,VERIFIED,60-platform/608_spatial_llm_agents.md,36,4. Normative requirements,"Tool schemas shall state permissions, side effects, idempotency, evidence requirements, and allowed source classes.",Automated test,SIP Engineering,FIRST_PRODUCTION_BLOCKING,NOT_REQUIRED,NONE,,"[""src/sip/agents.py"",""src/sip/search.py"",""src/sip/policy.py"",""schemas/jsonschema/agent-tool.schema.json"",""schemas/jsonschema/agent-answer.schema.json"",""migrations/versions/0009_authorized_spatial_search_and_agents.py""]","[""tests/contract/test_search_agent_api.py::test_agent_api_is_grounded_and_refuses_life_safety_control"",""tests/integration/test_authorized_search_agents.py::test_pltagent_001_002_tools_are_scoped_grounded_and_cannot_operate_life_safety""]","[""build/reports/test-matrix.json"",""build/reports/tests/contract.xml"",""build/reports/tests/integration.xml"",""build/reports/tests/security.xml"",""schemas/jsonschema/agent-answer.schema.json"",""schemas/jsonschema/agent-tool.schema.json""]","[""GOV-001"",""PLT-002"",""SCN-003""]","[""PLT-003""]","Verified in the deterministic local reference profile by the exact linked automated test(s) and retained evidence; no external hardware, cloud, GPU, legal, or customer-pilot result is inferred."
PLTAGENT-002,P0,VERIFIED,60-platform/608_spatial_llm_agents.md,37,4. Normative requirements,The agent shall cite entity/evidence identifiers for factual answers and distinguish inference.,Controlled verification,SIP Engineering,FIRST_PRODUCTION_BLOCKING,NOT_REQUIRED,NONE,,"[""src/sip/agents.py"",""src/sip/search.py"",""src/sip/policy.py"",""schemas/jsonschema/agent-tool.schema.json"",""schemas/jsonschema/agent-answer.schema.json"",""migrations/versions/0009_authorized_spatial_search_and_agents.py""]","[""tests/contract/test_search_agent_api.py::test_agent_api_is_grounded_and_refuses_life_safety_control"",""tests/integration/test_authorized_search_agents.py::test_pltagent_001_002_tools_are_scoped_grounded_and_cannot_operate_life_safety""]","[""build/reports/test-matrix.json"",""build/reports/tests/contract.xml"",""build/reports/tests/integration.xml"",""build/reports/tests/security.xml"",""schemas/jsonschema/agent-answer.schema.json"",""schemas/jsonschema/agent-tool.schema.json""]","[""GOV-001"",""PLT-002"",""SCN-003""]","[""PLT-003""]","Verified in the deterministic local reference profile by the exact linked automated test(s) and retained evidence; no external hardware, cloud, GPU, legal, or customer-pilot result is inferred."
PLTAGENT-003,P0,VERIFIED,60-platform/608_spatial_llm_agents.md,38,4. Normative requirements,Measurement tools shall operate only on accepted metric geometry or verified points and return uncertainty/source.,Controlled verification,SIP Engineering,FIRST_PRODUCTION_BLOCKING,NOT_REQUIRED,NONE,,"[""src/sip/agents.py"",""src/sip/search.py"",""src/sip/policy.py"",""schemas/jsonschema/agent-tool.schema.json"",""schemas/jsonschema/agent-answer.schema.json"",""migrations/versions/0009_authorized_spatial_search_and_agents.py""]","[""tests/integration/test_authorized_search_agents.py::test_agent_metric_measurement_uses_published_metric_evidence_and_reports_uncertainty""]","[""build/reports/test-matrix.json"",""build/reports/tests/integration.xml"",""build/reports/tests/security.xml"",""schemas/jsonschema/agent-answer.schema.json"",""schemas/jsonschema/agent-tool.schema.json""]","[""GOV-001"",""PLT-002"",""SCN-003""]","[""PLT-003""]","Verified in the deterministic local reference profile by the exact linked automated test(s) and retained evidence; no external hardware, cloud, GPU, legal, or customer-pilot result is inferred."
PLTAGENT-004,P1,VERIFIED,60-platform/608_spatial_llm_agents.md,39,4. Normative requirements,"The agent shall refuse to fabricate missing construction facts or speak as a deceased person without an enabled, consented simulation mode.",Controlled verification,SIP Engineering,CONTROLLED_POST_P0_MILESTONE,NOT_REQUIRED,NONE,,"[""src/sip/agents.py"",""src/sip/search.py"",""src/sip/policy.py"",""schemas/jsonschema/agent-tool.schema.json"",""schemas/jsonschema/agent-answer.schema.json"",""migrations/versions/0009_authorized_spatial_search_and_agents.py""]","[""tests/integration/test_authorized_search_agents.py::test_pltagent_001_002_tools_are_scoped_grounded_and_cannot_operate_life_safety""]","[""build/reports/test-matrix.json"",""build/reports/tests/integration.xml"",""build/reports/tests/security.xml"",""schemas/jsonschema/agent-answer.schema.json"",""schemas/jsonschema/agent-tool.schema.json""]","[""GOV-001"",""PLT-002"",""SCN-003""]","[""PLT-003""]","Verified in the deterministic local reference profile by the exact linked automated test(s) and retained evidence; no external hardware, cloud, GPU, legal, or customer-pilot result is inferred."
PLTAGENT-005,P1,VERIFIED,60-platform/608_spatial_llm_agents.md,40,4. Normative requirements,"Mutating proposals shall include rationale, affected resources, source evidence, confidence, and required reviewer.",Controlled verification,SIP Engineering,CONTROLLED_POST_P0_MILESTONE,NOT_REQUIRED,NONE,,"[""src/sip/agents.py"",""src/sip/search.py"",""src/sip/policy.py"",""schemas/jsonschema/agent-tool.schema.json"",""schemas/jsonschema/agent-answer.schema.json"",""migrations/versions/0009_authorized_spatial_search_and_agents.py""]","[""tests/integration/test_authorized_search_agents.py::test_agent_search_marks_embedded_instructions_untrusted_and_proposals_never_commit""]","[""build/reports/test-matrix.json"",""build/reports/tests/integration.xml"",""build/reports/tests/security.xml"",""schemas/jsonschema/agent-answer.schema.json"",""schemas/jsonschema/agent-tool.schema.json""]","[""GOV-001"",""PLT-002"",""SCN-003""]","[""PLT-003""]","Verified in the deterministic local reference profile by the exact linked automated test(s) and retained evidence; no external hardware, cloud, GPU, legal, or customer-pilot result is inferred."
PLTAGENT-006,P1,VERIFIED,60-platform/608_spatial_llm_agents.md,41,4. Normative requirements,"Agent evaluation shall test hallucination, permission leakage, prompt injection in documents/transcripts, destructive actions, and truth-label compliance.",Controlled verification,SIP Engineering,CONTROLLED_POST_P0_MILESTONE,NOT_REQUIRED,NONE,,"[""src/sip/agents.py"",""src/sip/search.py"",""src/sip/policy.py"",""schemas/jsonschema/agent-tool.schema.json"",""schemas/jsonschema/agent-answer.schema.json"",""migrations/versions/0009_authorized_spatial_search_and_agents.py""]","[""tests/integration/test_authorized_search_agents.py::test_agent_search_marks_embedded_instructions_untrusted_and_proposals_never_commit"",""tests/integration/test_authorized_search_agents.py::test_datsearc_001_002_search_authorizes_before_counts_ranking_and_snippets"",""tests/integration/test_authorized_search_agents.py::test_pltagent_001_002_tools_are_scoped_grounded_and_cannot_operate_life_safety""]","[""build/reports/test-matrix.json"",""build/reports/tests/integration.xml"",""build/reports/tests/security.xml"",""schemas/jsonschema/agent-answer.schema.json"",""schemas/jsonschema/agent-tool.schema.json""]","[""GOV-001"",""PLT-002"",""SCN-003""]","[""PLT-003""]","Verified in the deterministic local reference profile by the exact linked automated test(s) and retained evidence; no external hardware, cloud, GPU, legal, or customer-pilot result is inferred."
PLTMODEL-001,P0,IMPLEMENTED_UNVERIFIED,60-platform/609_model_registry.md,36,4. Normative requirements,"A model version shall include architecture/source, checkpoint hash, tokenizer/preprocessor, license, data terms, container, hardware compatibility, benchmark results, limitations, and approvers.",Automated test,SIP Engineering,FIRST_PRODUCTION_BLOCKING,NOT_REQUIRED,NONE,,"[""src/sip/model_governance.py"",""src/sip/contracts.py"",""src/sip/database.py"",""schemas/jsonschema/model-manifest.schema.json"",""migrations""]","[""tests/integration/test_spatial_truth_twin.py::test_pltmodel_datevid_model_derivation_has_signed_governance_receipt_and_historical_retry""]","[""build/reports/license-gate.json"",""build/reports/test-matrix.json"",""build/reports/tests/integration.xml"",""build/reports/tests/security.xml""]","[""FND-001"",""GOV-001"",""PLT-002"",""SCN-003""]","[""GOV-001"",""PLT-003""]","Implementation and automated checks exist, but production-environment or full-scope evidence is incomplete; this requirement is intentionally not marked verified."
PLTMODEL-002,P0,NOT_STARTED,60-platform/609_model_registry.md,37,4. Normative requirements,Production workers shall verify registry state and checkpoint hash at job start.,Automated test,UNASSIGNED,FIRST_PRODUCTION_BLOCKING,NOT_REQUIRED,NONE,,[],"[""REQ-PLTMODEL-002""]",[],"[""FND-001"",""GOV-001"",""PLT-002"",""SCN-003""]","[""GOV-001"",""PLT-003""]",
PLTMODEL-003,P0,NOT_STARTED,60-platform/609_model_registry.md,38,4. Normative requirements,"Shadow/canary runs shall compare quality, cost, latency, safety, and failure modes before promotion.",Controlled verification,UNASSIGNED,FIRST_PRODUCTION_BLOCKING,NOT_REQUIRED,NONE,,[],"[""REQ-PLTMODEL-003""]",[],"[""FND-001"",""GOV-001"",""PLT-002"",""SCN-003""]","[""GOV-001"",""PLT-003""]",
PLTMODEL-004,P1,IMPLEMENTED_UNVERIFIED,60-platform/609_model_registry.md,39,4. Normative requirements,Rollback shall be one control-plane operation and preserve runs generated by the revoked model for audit/rebuild analysis.,Controlled verification,SIP Engineering,CONTROLLED_POST_P0_MILESTONE,NOT_REQUIRED,NONE,,"[""src/sip/model_governance.py"",""src/sip/contracts.py"",""src/sip/database.py"",""schemas/jsonschema/model-manifest.schema.json"",""migrations""]","[""tests/integration/test_spatial_truth_twin.py::test_pltmodel_datevid_model_derivation_has_signed_governance_receipt_and_historical_retry""]","[""build/reports/license-gate.json"",""build/reports/test-matrix.json"",""build/reports/tests/integration.xml"",""build/reports/tests/security.xml""]","[""FND-001"",""GOV-001"",""PLT-002"",""SCN-003""]","[""GOV-001"",""PLT-003""]","Implementation and automated checks exist, but production-environment or full-scope evidence is incomplete; this requirement is intentionally not marked verified."
PLTMODEL-005,P1,NOT_STARTED,60-platform/609_model_registry.md,40,4. Normative requirements,Monitoring shall segment quality and incident metrics by model version.,Controlled verification,UNASSIGNED,CONTROLLED_POST_P0_MILESTONE,NOT_REQUIRED,NONE,,[],"[""REQ-PLTMODEL-005""]",[],"[""FND-001"",""GOV-001"",""PLT-002"",""SCN-003""]","[""GOV-001"",""PLT-003""]",
PLTMODEL-006,P1,NOT_STARTED,60-platform/609_model_registry.md,41,4. Normative requirements,"Auxiliary models such as sky masks, segmentation, OCR, embeddings, and voice models shall follow the same registry rules.",Controlled verification,UNASSIGNED,CONTROLLED_POST_P0_MILESTONE,NOT_REQUIRED,NONE,,[],"[""REQ-PLTMODEL-006""]",[],"[""FND-001"",""GOV-001"",""PLT-002"",""SCN-003""]","[""GOV-001"",""PLT-003""]",
PLTSDK-001,P0,NOT_STARTED,60-platform/610_plugin_sdk.md,36,4. Normative requirements,"The SDK shall define contracts for source adapters, pipeline stages, quality metrics, entity extractors, exporters, viewer layers, and report generators.",Controlled verification,UNASSIGNED,FIRST_PRODUCTION_BLOCKING,NOT_REQUIRED,NONE,,[],"[""REQ-PLTSDK-001""]",[],"[""GOV-001"",""PLT-002"",""SCN-003""]","[""PLT-003""]",
PLTSDK-002,P0,NOT_STARTED,60-platform/610_plugin_sdk.md,37,4. Normative requirements,"Plugin installation shall require signature verification, dependency scan, requested capabilities, and administrator approval.",Controlled verification,UNASSIGNED,FIRST_PRODUCTION_BLOCKING,NOT_REQUIRED,NONE,,[],"[""REQ-PLTSDK-002""]",[],"[""GOV-001"",""PLT-002"",""SCN-003""]","[""PLT-003""]",
PLTSDK-003,P0,VERIFIED,60-platform/610_plugin_sdk.md,38,4. Normative requirements,Runtime shall enforce CPU/GPU/memory/time/network/filesystem limits.,Controlled verification,SIP Engineering,FIRST_PRODUCTION_BLOCKING,NOT_REQUIRED,NONE,,"[""src/sip/worker_manifest.py"",""src/sip/worker_sandbox.py"",""src/sip/worker_runtime.py"",""workers"",""infrastructure/kubernetes/base/deployments""]","[""tests/contract/test_generated_contracts.py::test_worker_contracts_are_exposed_in_protobuf_typescript_and_python"",""tests/contract/test_worker_manifests.py::test_worker_manifests_are_immutable_least_privilege_and_cover_registry"",""tests/security/test_worker_sandbox.py::test_worker_sandbox_denies_network_and_shell_but_allows_trusted_control_io""]","[""build/reports/test-matrix.json"",""build/reports/tests/contract.xml"",""build/reports/tests/security.xml""]","[""GOV-001"",""PLT-002"",""SCN-003""]","[""PLT-003""]","Verified in the deterministic local reference profile by the exact linked automated test(s) and retained evidence; no external hardware, cloud, GPU, legal, or customer-pilot result is inferred."
PLTSDK-004,P1,NOT_STARTED,60-platform/610_plugin_sdk.md,39,4. Normative requirements,"Plugin outputs shall pass schema, provenance, quality, and authorization validation before publication.",Automated test,UNASSIGNED,CONTROLLED_POST_P0_MILESTONE,NOT_REQUIRED,NONE,,[],"[""REQ-PLTSDK-004""]",[],"[""GOV-001"",""PLT-002"",""SCN-003""]","[""PLT-003""]",
PLTSDK-005,P1,NOT_STARTED,60-platform/610_plugin_sdk.md,40,4. Normative requirements,A plugin failure shall not corrupt the parent workflow or leak another tenant's data.,Controlled verification,UNASSIGNED,CONTROLLED_POST_P0_MILESTONE,NOT_REQUIRED,NONE,,[],"[""REQ-PLTSDK-005""]",[],"[""GOV-001"",""PLT-002"",""SCN-003""]","[""PLT-003""]",
PLTSDK-006,P1,NOT_STARTED,60-platform/610_plugin_sdk.md,41,4. Normative requirements,Compatibility tests shall run against supported contract versions.,Controlled verification,UNASSIGNED,CONTROLLED_POST_P0_MILESTONE,NOT_REQUIRED,NONE,,[],"[""REQ-PLTSDK-006""]",[],"[""GOV-001"",""PLT-002"",""SCN-003""]","[""PLT-003""]",
PLTIO-001,P0,NOT_STARTED,60-platform/611_import_export.md,36,4. Normative requirements,"An import shall report accepted, transformed, skipped, duplicate, conflicting, unsupported, and quarantined items.",Controlled verification,UNASSIGNED,FIRST_PRODUCTION_BLOCKING,NOT_REQUIRED,NONE,,[],"[""REQ-PLTIO-001""]",[],"[""DATA-001"",""DATA-002"",""IAM-001"",""OPS-001"",""OPS-003""]","[""PLT-001"",""OPS-004""]",
PLTIO-002,P0,NOT_STARTED,60-platform/611_import_export.md,37,4. Normative requirements,"An export shall include source commit, query/scope, permissions/consent decision, redactions, transformations, output hashes, and limitations.",Automated test,UNASSIGNED,FIRST_PRODUCTION_BLOCKING,NOT_REQUIRED,NONE,,[],"[""REQ-PLTIO-002""]",[],"[""DATA-001"",""DATA-002"",""IAM-001"",""OPS-001"",""OPS-003""]","[""PLT-001"",""OPS-004""]",
PLTIO-003,P0,VERIFIED,60-platform/611_import_export.md,38,4. Normative requirements,"Full-project export shall include originals when authorized, canonical manifests, scene graph, history, evidence, open-format geometry/media, and checksums.",Controlled verification,SIP Engineering,FIRST_PRODUCTION_BLOCKING,NOT_REQUIRED,NONE,,"[""src/sip/exporting.py"",""src/sip/lifecycle.py"",""tools/run_demo.py"",""apps/web""]","[""tests/e2e/test_platform_demonstrations.py::test_foundation_portability_demonstration"",""tests/integration/test_export_restore.py::test_open_preservation_clean_restore_rehydrates_authoritative_rows_and_fails_closed_for_executable_state"",""tests/integration/test_export_restore.py::test_pltio_foundation_open_export_collision_safe_import_preserves_hash_and_semantic_identity"",""tests/integration/test_export_restore.py::test_preservation_collision_remaps_proxy_measurement_and_anchor_history""]","[""build/evidence/demos/foundation.json"",""build/reports/test-matrix.json"",""build/reports/tests/e2e.xml"",""build/reports/tests/integration.xml""]","[""DATA-001"",""DATA-002"",""IAM-001"",""OPS-001"",""OPS-003""]","[""PLT-001"",""OPS-004""]","Verified in the deterministic local reference profile by the exact linked automated test(s) and retained evidence; no external hardware, cloud, GPU, legal, or customer-pilot result is inferred."
PLTIO-004,P1,NOT_STARTED,60-platform/611_import_export.md,39,4. Normative requirements,The system shall support dry-run migration and deterministic re-execution.,Controlled verification,UNASSIGNED,CONTROLLED_POST_P0_MILESTONE,NOT_REQUIRED,NONE,,[],"[""REQ-PLTIO-004""]",[],"[""DATA-001"",""DATA-002"",""IAM-001"",""OPS-001"",""OPS-003""]","[""PLT-001"",""OPS-004""]",
PLTIO-005,P1,NOT_STARTED,60-platform/611_import_export.md,40,4. Normative requirements,Password-protected or encrypted input shall never be weakened or logged without explicit authorized handling.,Automated test,UNASSIGNED,CONTROLLED_POST_P0_MILESTONE,NOT_REQUIRED,NONE,,[],"[""REQ-PLTIO-005""]",[],"[""DATA-001"",""DATA-002"",""IAM-001"",""OPS-001"",""OPS-003""]","[""PLT-001"",""OPS-004""]",
PLTIO-006,P1,VERIFIED,60-platform/611_import_export.md,41,4. Normative requirements,Portability verification shall run on a clean offline viewer/reference importer.,Controlled verification,SIP Engineering,CONTROLLED_POST_P0_MILESTONE,NOT_REQUIRED,NONE,,"[""src/sip/exporting.py"",""src/sip/lifecycle.py"",""tools/run_demo.py"",""apps/web""]","[""tests/e2e/test_platform_demonstrations.py::test_foundation_portability_demonstration"",""tests/integration/test_export_restore.py::test_open_preservation_clean_restore_rehydrates_authoritative_rows_and_fails_closed_for_executable_state""]","[""build/evidence/demos/foundation.json"",""build/reports/test-matrix.json"",""build/reports/tests/e2e.xml"",""build/reports/tests/integration.xml""]","[""DATA-001"",""DATA-002"",""IAM-001"",""OPS-001"",""OPS-003""]","[""PLT-001"",""OPS-004""]","Verified in the deterministic local reference profile by the exact linked automated test(s) and retained evidence; no external hardware, cloud, GPU, legal, or customer-pilot result is inferred."
PLTIO-007,P0,NOT_STARTED,60-platform/611_import_export.md,136,15. Version 1.1 hybrid representation portability,"Hybrid export shall preserve role, authority, transform, derivation, use suitability, limitations, support maps, and policy labels.",Independent import test,UNASSIGNED,FIRST_PRODUCTION_BLOCKING,NOT_REQUIRED,NONE,,[],"[""REQ-PLTIO-007""]",[],"[""DATA-001"",""DATA-002"",""IAM-001"",""OPS-001"",""OPS-003""]","[""PLT-001"",""OPS-004""]",
PLTIO-008,P0,NOT_STARTED,60-platform/611_import_export.md,137,15. Version 1.1 hybrid representation portability,"External/manual provider export shall be minimized, purpose-limited, hashed, expiring, and receipted.",Security workflow test,UNASSIGNED,FIRST_PRODUCTION_BLOCKING,NOT_REQUIRED,NONE,,[],"[""REQ-PLTIO-008""]",[],"[""DATA-001"",""DATA-002"",""IAM-001"",""OPS-001"",""OPS-003""]","[""PLT-001"",""OPS-004""]",
PLTIO-009,P0,NOT_STARTED,60-platform/611_import_export.md,138,15. Version 1.1 hybrid representation portability,"Import shall quarantine unknown providers, roles, extensions, transforms, and authority claims.",Adversarial import test,UNASSIGNED,FIRST_PRODUCTION_BLOCKING,NOT_REQUIRED,NONE,,[],"[""REQ-PLTIO-009""]",[],"[""DATA-001"",""DATA-002"",""IAM-001"",""OPS-001"",""OPS-003""]","[""PLT-001"",""OPS-004""]",
PLTIO-010,P1,NOT_STARTED,60-platform/611_import_export.md,139,15. Version 1.1 hybrid representation portability,"Full-project export shall include visual, metric, interaction, design, evidence, and non-splat fallback assets when authorized.",Portability test,UNASSIGNED,CONTROLLED_POST_P0_MILESTONE,NOT_REQUIRED,NONE,,[],"[""REQ-PLTIO-010""]",[],"[""DATA-001"",""DATA-002"",""IAM-001"",""OPS-001"",""OPS-003""]","[""PLT-001"",""OPS-004""]",
PLTIO-011,P1,NOT_STARTED,60-platform/611_import_export.md,140,15. Version 1.1 hybrid representation portability,Format conversion shall retain irreversible-loss declarations and source relationships.,Round-trip test,UNASSIGNED,CONTROLLED_POST_P0_MILESTONE,NOT_REQUIRED,NONE,,[],"[""REQ-PLTIO-011""]",[],"[""DATA-001"",""DATA-002"",""IAM-001"",""OPS-001"",""OPS-003""]","[""PLT-001"",""OPS-004""]",
PLTIO-012,P1,VERIFIED,60-platform/611_import_export.md,141,15. Version 1.1 hybrid representation portability,A clean reference importer shall reconstruct the hybrid layer registry without vendor-specific private knowledge.,Independent verification,SIP Engineering,CONTROLLED_POST_P0_MILESTONE,NOT_REQUIRED,NONE,,"[""src/sip/exporting.py"",""src/sip/lifecycle.py"",""tools/run_demo.py"",""apps/web""]","[""tests/e2e/test_platform_demonstrations.py::test_foundation_portability_demonstration"",""tests/integration/test_export_restore.py::test_open_preservation_clean_restore_rehydrates_authoritative_rows_and_fails_closed_for_executable_state"",""tests/integration/test_export_restore.py::test_pltio_foundation_open_export_collision_safe_import_preserves_hash_and_semantic_identity""]","[""build/evidence/demos/foundation.json"",""build/reports/test-matrix.json"",""build/reports/tests/e2e.xml"",""build/reports/tests/integration.xml""]","[""DATA-001"",""DATA-002"",""IAM-001"",""OPS-001"",""OPS-003""]","[""PLT-001"",""OPS-004""]","Verified in the deterministic local reference profile by the exact linked automated test(s) and retained evidence; no external hardware, cloud, GPU, legal, or customer-pilot result is inferred."
PLTCOLLA-001,P0,NOT_STARTED,60-platform/612_notifications_collaboration.md,36,4. Normative requirements,"Comments and tasks shall retain author, time, scope, referenced commit, anchor, edit history, and visibility.",Controlled verification,UNASSIGNED,FIRST_PRODUCTION_BLOCKING,NOT_REQUIRED,NONE,,[],"[""REQ-PLTCOLLA-001""]",[],"[""DATA-001"",""DATA-002"",""IAM-001""]","[""PLT-001""]",
PLTCOLLA-002,P0,NOT_STARTED,60-platform/612_notifications_collaboration.md,37,4. Normative requirements,"Review decisions shall include accepted/rejected/needs-information outcomes, rationale, evidence, and approver authority.",Automated test,UNASSIGNED,FIRST_PRODUCTION_BLOCKING,NOT_REQUIRED,NONE,,[],"[""REQ-PLTCOLLA-002""]",[],"[""DATA-001"",""DATA-002"",""IAM-001""]","[""PLT-001""]",
PLTCOLLA-003,P0,NOT_STARTED,60-platform/612_notifications_collaboration.md,38,4. Normative requirements,"Notification preferences shall support channel, urgency, digest, quiet hours, and sensitive-content suppression.",Controlled verification,UNASSIGNED,FIRST_PRODUCTION_BLOCKING,NOT_REQUIRED,NONE,,[],"[""REQ-PLTCOLLA-003""]",[],"[""DATA-001"",""DATA-002"",""IAM-001""]","[""PLT-001""]",
PLTCOLLA-004,P1,NOT_STARTED,60-platform/612_notifications_collaboration.md,39,4. Normative requirements,Email/SMS/push payloads shall not include intimate memories or security-system details by default.,Controlled verification,UNASSIGNED,CONTROLLED_POST_P0_MILESTONE,NOT_REQUIRED,NONE,,[],"[""REQ-PLTCOLLA-004""]",[],"[""DATA-001"",""DATA-002"",""IAM-001""]","[""PLT-001""]",
PLTCOLLA-005,P1,NOT_STARTED,60-platform/612_notifications_collaboration.md,40,4. Normative requirements,A permission revocation shall prevent access through historical notification links.,Automated test,UNASSIGNED,CONTROLLED_POST_P0_MILESTONE,NOT_REQUIRED,NONE,,[],"[""REQ-PLTCOLLA-005""]",[],"[""DATA-001"",""DATA-002"",""IAM-001""]","[""PLT-001""]",
PLTCOLLA-006,P1,NOT_STARTED,60-platform/612_notifications_collaboration.md,41,4. Normative requirements,Escalations shall be configurable and auditable without impersonating the responsible person.,Controlled verification,UNASSIGNED,CONTROLLED_POST_P0_MILESTONE,NOT_REQUIRED,NONE,,[],"[""REQ-PLTCOLLA-006""]",[],"[""DATA-001"",""DATA-002"",""IAM-001""]","[""PLT-001""]",
HYBRUN-001,P0,IMPLEMENTED_UNVERIFIED,60-platform/613_hybrid_scene_runtime.md,257,17. Normative requirements,"The server shall generate an authorized hybrid scene-view manifest selecting typed bindings by scene revision, purpose, principal, audience, device, time, and policy.",API authorization test,SIP Engineering,FIRST_PRODUCTION_BLOCKING,NOT_REQUIRED,NONE,,"[""src/sip/hybrid.py"",""src/sip/representations.py"",""src/sip/scene.py"",""src/sip/api.py"",""apps/web"",""tools/run_demo.py""]","[""tests/integration/test_governed_hybrid.py::test_provider_failure_retains_cleanup_evidence_and_preserves_published_binding"",""tests/integration/test_governed_hybrid.py::test_quarantine_independent_validation_atomic_publication_and_view_reauthorization"",""tests/integration/test_governed_hybrid.py::test_representation_family_requires_approved_frame_consistent_lods_and_seam_evidence""]","[""build/evidence/demos/hybrid.json"",""build/reports/test-matrix.json"",""build/reports/tests/integration.xml""]","[""PLT-002"",""REC-008"",""REC-009""]","[""PLT-004""]","Implementation and automated checks exist, but production-environment or full-scope evidence is incomplete; this requirement is intentionally not marked verified."
HYBRUN-002,P0,IMPLEMENTED_UNVERIFIED,60-platform/613_hybrid_scene_runtime.md,258,17. Normative requirements,Unauthorized assets and spatial volumes shall be excluded server-side rather than hidden only by the client.,Security test,SIP Engineering,FIRST_PRODUCTION_BLOCKING,NOT_REQUIRED,NONE,,"[""src/sip/hybrid.py"",""src/sip/representations.py"",""src/sip/scene.py"",""src/sip/api.py"",""apps/web"",""tools/run_demo.py""]","[""tests/integration/test_governed_hybrid.py::test_quarantine_independent_validation_atomic_publication_and_view_reauthorization""]","[""build/evidence/demos/hybrid.json"",""build/reports/test-matrix.json"",""build/reports/tests/integration.xml""]","[""PLT-002"",""REC-008"",""REC-009""]","[""PLT-004""]","Implementation and automated checks exist, but production-environment or full-scope evidence is incomplete; this requirement is intentionally not marked verified."
HYBRUN-003,P0,VERIFIED,60-platform/613_hybrid_scene_runtime.md,259,17. Normative requirements,Runtime selection shall preserve the source role of each hit and shall not silently convert a proxy or visual hit into verified metric evidence.,Typed-selection test,SIP Engineering,FIRST_PRODUCTION_BLOCKING,NOT_REQUIRED,NONE,,"[""src/sip/hybrid.py"",""src/sip/representations.py"",""src/sip/scene.py"",""src/sip/api.py"",""apps/web"",""tools/run_demo.py""]","[""tests/e2e/test_platform_demonstrations.py::test_hybrid_representation_demonstration"",""tests/integration/test_scene_representation.py::test_hybrid_provider_quarantine_quality_publisher_and_proxy_measurement_guard""]","[""build/evidence/demos/hybrid.json"",""build/reports/test-matrix.json"",""build/reports/tests/e2e.xml"",""build/reports/tests/integration.xml""]","[""PLT-002"",""REC-008"",""REC-009""]","[""PLT-004""]","Verified in the deterministic local reference profile by the exact linked automated test(s) and retained evidence; no external hardware, cloud, GPU, legal, or customer-pilot result is inferred."
HYBRUN-004,P0,IMPLEMENTED_UNVERIFIED,60-platform/613_hybrid_scene_runtime.md,260,17. Normative requirements,Measurement endpoints shall resolve to eligible metric support or be saved only as explicitly approximate and unverified.,End-to-end measurement test,SIP Engineering,FIRST_PRODUCTION_BLOCKING,NOT_REQUIRED,NONE,,"[""src/sip/hybrid.py"",""src/sip/representations.py"",""src/sip/scene.py"",""src/sip/api.py"",""apps/web"",""tools/run_demo.py""]","[""tests/integration/test_scene_representation.py::test_hybrid_provider_quarantine_quality_publisher_and_proxy_measurement_guard""]","[""build/evidence/demos/hybrid.json"",""build/reports/test-matrix.json"",""build/reports/tests/integration.xml""]","[""PLT-002"",""REC-008"",""REC-009""]","[""PLT-004""]","Implementation and automated checks exist, but production-environment or full-scope evidence is incomplete; this requirement is intentionally not marked verified."
HYBRUN-005,P0,NOT_STARTED,60-platform/613_hybrid_scene_runtime.md,261,17. Normative requirements,"Design, generated, inferred, observed, and verified truth labels shall remain available in every client and export profile.",Cross-client truth-label test,UNASSIGNED,FIRST_PRODUCTION_BLOCKING,NOT_REQUIRED,NONE,,[],"[""REQ-HYBRUN-005""]",[],"[""PLT-002"",""REC-008"",""REC-009""]","[""PLT-004""]",
HYBRUN-006,P0,IMPLEMENTED_UNVERIFIED,60-platform/613_hybrid_scene_runtime.md,262,17. Normative requirements,"Collision and navigation shall use declared actor and intended-use profiles and shall not imply egress, accessibility, safety, or robotic suitability without matching verification.",Profile-policy test,SIP Engineering,FIRST_PRODUCTION_BLOCKING,NOT_REQUIRED,NONE,,"[""src/sip/hybrid.py"",""src/sip/representations.py"",""src/sip/scene.py"",""src/sip/api.py"",""apps/web"",""tools/run_demo.py""]","[""tests/integration/test_governed_hybrid.py::test_candidate_role_size_validation_and_profile_integrity_fail_closed""]","[""build/evidence/demos/hybrid.json"",""build/reports/test-matrix.json"",""build/reports/tests/integration.xml""]","[""PLT-002"",""REC-008"",""REC-009""]","[""PLT-004""]","Implementation and automated checks exist, but production-environment or full-scope evidence is incomplete; this requirement is intentionally not marked verified."
HYBRUN-007,P0,IMPLEMENTED_UNVERIFIED,60-platform/613_hybrid_scene_runtime.md,263,17. Normative requirements,A missing or invalid proxy shall not cause measurement fallback to the visual splat or change metric authority.,Fault-injection test,SIP Engineering,FIRST_PRODUCTION_BLOCKING,NOT_REQUIRED,NONE,,"[""src/sip/hybrid.py"",""src/sip/representations.py"",""src/sip/scene.py"",""src/sip/api.py"",""apps/web"",""tools/run_demo.py""]","[""tests/integration/test_governed_hybrid.py::test_provider_failure_retains_cleanup_evidence_and_preserves_published_binding"",""tests/integration/test_governed_hybrid.py::test_quarantine_independent_validation_atomic_publication_and_view_reauthorization"",""tests/integration/test_scene_representation.py::test_hybrid_provider_quarantine_quality_publisher_and_proxy_measurement_guard""]","[""build/evidence/demos/hybrid.json"",""build/reports/test-matrix.json"",""build/reports/tests/integration.xml""]","[""PLT-002"",""REC-008"",""REC-009""]","[""PLT-004""]","Implementation and automated checks exist, but production-environment or full-scope evidence is incomplete; this requirement is intentionally not marked verified."
HYBRUN-008,P0,NOT_STARTED,60-platform/613_hybrid_scene_runtime.md,264,17. Normative requirements,"Evidence reveal shall expose accessible source, lineage, limitations, and revision context for a selected entity or memory.",Evidence UX and authorization test,UNASSIGNED,FIRST_PRODUCTION_BLOCKING,NOT_REQUIRED,NONE,,[],"[""REQ-HYBRUN-008""]",[],"[""PLT-002"",""REC-008"",""REC-009""]","[""PLT-004""]",
HYBRUN-009,P1,NOT_STARTED,60-platform/613_hybrid_scene_runtime.md,265,17. Normative requirements,The renderer adapter shall support registered splats and meshes in a common frame with depth-aware composition or an explicit declared fallback.,Renderer conformance test,UNASSIGNED,CONTROLLED_POST_P0_MILESTONE,NOT_REQUIRED,NONE,,[],"[""REQ-HYBRUN-009""]",[],"[""PLT-002"",""REC-008"",""REC-009""]","[""PLT-004""]",
HYBRUN-010,P1,NOT_STARTED,60-platform/613_hybrid_scene_runtime.md,266,17. Normative requirements,"Tile and LOD transitions shall preserve world registration, semantic identity, and stable selection within benchmark thresholds.",Streaming regression test,UNASSIGNED,CONTROLLED_POST_P0_MILESTONE,NOT_REQUIRED,NONE,,[],"[""REQ-HYBRUN-010""]",[],"[""PLT-002"",""REC-008"",""REC-009""]","[""PLT-004""]",
HYBRUN-011,P1,NOT_STARTED,60-platform/613_hybrid_scene_runtime.md,267,17. Normative requirements,"The runtime shall provide independent fallbacks for display, picking, collision, navigation, occlusion, and evidence.",Degradation test,UNASSIGNED,CONTROLLED_POST_P0_MILESTONE,NOT_REQUIRED,NONE,,[],"[""REQ-HYBRUN-011""]",[],"[""PLT-002"",""REC-008"",""REC-009""]","[""PLT-004""]",
HYBRUN-012,P1,NOT_STARTED,60-platform/613_hybrid_scene_runtime.md,268,17. Normative requirements,Temporal comparison shall identify source revisions and shall label any generated interpolation as non-evidentiary.,Spatial Git viewer test,UNASSIGNED,CONTROLLED_POST_P0_MILESTONE,NOT_REQUIRED,NONE,,[],"[""REQ-HYBRUN-012""]",[],"[""PLT-002"",""REC-008"",""REC-009""]","[""PLT-004""]",
HYBRUN-013,P1,NOT_STARTED,60-platform/613_hybrid_scene_runtime.md,269,17. Normative requirements,"Offline and local-only clients shall enforce the same authority, truth, consent, and measurement contracts as hosted clients.",Offline parity test,UNASSIGNED,CONTROLLED_POST_P0_MILESTONE,NOT_REQUIRED,NONE,,[],"[""REQ-HYBRUN-013""]",[],"[""PLT-002"",""REC-008"",""REC-009""]","[""PLT-004""]",
HYBRUN-014,P1,NOT_STARTED,60-platform/613_hybrid_scene_runtime.md,270,17. Normative requirements,Runtime telemetry shall measure performance and failure without collecting restricted source content or unnecessary precise spatial details.,Privacy telemetry review,UNASSIGNED,CONTROLLED_POST_P0_MILESTONE,NOT_REQUIRED,NONE,,[],"[""REQ-HYBRUN-014""]",[],"[""PLT-002"",""REC-008"",""REC-009""]","[""PLT-004""]",
HYBRUN-015,P1,NOT_STARTED,60-platform/613_hybrid_scene_runtime.md,271,17. Normative requirements,"LiveForever clients shall provide quiet mode, safe exit, accessible non-immersive alternatives, and audience controls.",Accessibility and safety test,UNASSIGNED,CONTROLLED_POST_P0_MILESTONE,NOT_REQUIRED,NONE,,[],"[""REQ-HYBRUN-015""]",[],"[""PLT-002"",""REC-008"",""REC-009""]","[""PLT-004""]",
HYBRUN-016,P1,NOT_STARTED,60-platform/613_hybrid_scene_runtime.md,272,17. Normative requirements,Construction clients shall surface design/observed/verified state and prohibit a visually blended design object from appearing as existing condition.,Construction acceptance test,UNASSIGNED,CONTROLLED_POST_P0_MILESTONE,NOT_REQUIRED,NONE,,[],"[""REQ-HYBRUN-016""]",[],"[""PLT-002"",""REC-008"",""REC-009""]","[""PLT-004""]",
HYBAPI-001,P0,IMPLEMENTED_UNVERIFIED,60-platform/614_splat_surface_api_and_events.md,325,13. Normative requirements,"Public APIs shall represent spatial conversion, validation, publication, support remap, provider promotion, manual export/return, and hybrid scene views as versioned resources and explicit commands.",OpenAPI contract test,SIP Engineering,FIRST_PRODUCTION_BLOCKING,NOT_REQUIRED,NONE,,"[""src/sip/worker_manifest.py"",""src/sip/worker_protocol.py"",""src/sip/worker_runtime.py"",""src/sip/operations.py"",""src/sip/representations.py"",""schemas/protobuf/worker.proto""]","[""tests/contract/test_governed_hybrid_api.py::test_governed_hybrid_api_admits_quarantines_validates_publishes_and_issues_binding_only_view""]","[""build/reports/test-matrix.json"",""build/reports/tests/contract.xml""]","[""GOV-002"",""PLT-001"",""PLT-002"",""REC-005"",""REC-007"",""REC-008"",""REC-009""]","[""REC-008"",""PLT-004""]","Implementation and automated checks exist, but production-environment or full-scope evidence is incomplete; this requirement is intentionally not marked verified."
HYBAPI-002,P0,IMPLEMENTED_UNVERIFIED,60-platform/614_splat_surface_api_and_events.md,326,13. Normative requirements,"Creating, retrying, cancelling, validating, reviewing, and publishing shall be idempotent within their documented keys and state preconditions.",Concurrency and retry test,SIP Engineering,FIRST_PRODUCTION_BLOCKING,NOT_REQUIRED,NONE,,"[""src/sip/worker_manifest.py"",""src/sip/worker_protocol.py"",""src/sip/worker_runtime.py"",""src/sip/operations.py"",""src/sip/representations.py"",""schemas/protobuf/worker.proto""]","[""tests/contract/test_governed_hybrid_api.py::test_governed_hybrid_api_admits_quarantines_validates_publishes_and_issues_binding_only_view"",""tests/integration/test_governed_hybrid.py::test_conversion_admission_worker_scope_progress_idempotency_and_cancel""]","[""build/reports/test-matrix.json"",""build/reports/tests/contract.xml"",""build/reports/tests/integration.xml""]","[""GOV-002"",""PLT-001"",""PLT-002"",""REC-005"",""REC-007"",""REC-008"",""REC-009""]","[""REC-008"",""PLT-004""]","Implementation and automated checks exist, but production-environment or full-scope evidence is incomplete; this requirement is intentionally not marked verified."
HYBAPI-003,P0,VERIFIED,60-platform/614_splat_surface_api_and_events.md,327,13. Normative requirements,Worker completion shall create a candidate only; scene publication shall occur in a separate authoritative transaction after independent validation.,End-to-end state test,SIP Engineering,FIRST_PRODUCTION_BLOCKING,NOT_REQUIRED,NONE,,"[""src/sip/worker_manifest.py"",""src/sip/worker_protocol.py"",""src/sip/worker_runtime.py"",""src/sip/operations.py"",""src/sip/representations.py"",""schemas/protobuf/worker.proto""]","[""tests/contract/test_generated_contracts.py::test_worker_contracts_are_exposed_in_protobuf_typescript_and_python"",""tests/contract/test_governed_hybrid_api.py::test_governed_hybrid_api_admits_quarantines_validates_publishes_and_issues_binding_only_view"",""tests/contract/test_worker_manifests.py::test_worker_manifests_are_immutable_least_privilege_and_cover_registry"",""tests/integration/test_worker_runtime.py::test_candidate_staging_is_idempotent_when_completion_fails_then_retries"",""tests/integration/test_worker_runtime.py::test_reference_fusion_worker_propagates_uncertainty""]","[""build/reports/test-matrix.json"",""build/reports/tests/contract.xml"",""build/reports/tests/integration.xml""]","[""GOV-002"",""PLT-001"",""PLT-002"",""REC-005"",""REC-007"",""REC-008"",""REC-009""]","[""REC-008"",""PLT-004""]","Verified in the deterministic local reference profile by the exact linked automated test(s) and retained evidence; no external hardware, cloud, GPU, legal, or customer-pilot result is inferred."
HYBAPI-004,P0,VERIFIED,60-platform/614_splat_surface_api_and_events.md,328,13. Normative requirements,"The control plane shall issue least-privilege, short-lived, read-only input and write-only staging credentials to workers.",Security integration test,SIP Engineering,FIRST_PRODUCTION_BLOCKING,NOT_REQUIRED,NONE,,"[""src/sip/worker_manifest.py"",""src/sip/worker_protocol.py"",""src/sip/worker_runtime.py"",""src/sip/operations.py"",""src/sip/representations.py"",""schemas/protobuf/worker.proto""]","[""tests/contract/test_generated_contracts.py::test_worker_contracts_are_exposed_in_protobuf_typescript_and_python"",""tests/contract/test_governed_hybrid_api.py::test_governed_hybrid_api_admits_quarantines_validates_publishes_and_issues_binding_only_view"",""tests/contract/test_worker_manifests.py::test_worker_manifests_are_immutable_least_privilege_and_cover_registry"",""tests/integration/test_governed_hybrid.py::test_conversion_admission_worker_scope_progress_idempotency_and_cancel"",""tests/integration/test_governed_hybrid.py::test_retryable_failure_resumes_only_after_verified_cleanup_and_policy_reauthorization"",""tests/integration/test_governed_hybrid.py::test_worker_lease_rotation_is_bounded_and_supersedes_prior_credentials"",""tests/integration/test_worker_runtime.py::test_reference_fusion_worker_propagates_uncertainty""]","[""build/reports/test-matrix.json"",""build/reports/tests/contract.xml"",""build/reports/tests/integration.xml""]","[""GOV-002"",""PLT-001"",""PLT-002"",""REC-005"",""REC-007"",""REC-008"",""REC-009""]","[""REC-008"",""PLT-004""]","Verified in the deterministic local reference profile by the exact linked automated test(s) and retained evidence; no external hardware, cloud, GPU, legal, or customer-pilot result is inferred."
HYBAPI-005,P0,VERIFIED,60-platform/614_splat_surface_api_and_events.md,329,13. Normative requirements,"Events that assert publication, approval, cancellation, or invalidation shall be emitted only after the corresponding transaction commits.",Outbox consistency test,SIP Engineering,FIRST_PRODUCTION_BLOCKING,NOT_REQUIRED,NONE,,"[""src/sip/worker_manifest.py"",""src/sip/worker_protocol.py"",""src/sip/worker_runtime.py"",""src/sip/operations.py"",""src/sip/representations.py"",""schemas/protobuf/worker.proto""]","[""tests/contract/test_event_architecture.py::test_transactional_outbox_emits_complete_payload_hashed_envelope"",""tests/contract/test_governed_hybrid_api.py::test_governed_hybrid_api_admits_quarantines_validates_publishes_and_issues_binding_only_view"",""tests/integration/test_worker_runtime.py::test_reference_fusion_worker_propagates_uncertainty""]","[""build/reports/test-matrix.json"",""build/reports/tests/contract.xml"",""build/reports/tests/integration.xml""]","[""GOV-002"",""PLT-001"",""PLT-002"",""REC-005"",""REC-007"",""REC-008"",""REC-009""]","[""REC-008"",""PLT-004""]","Verified in the deterministic local reference profile by the exact linked automated test(s) and retained evidence; no external hardware, cloud, GPU, legal, or customer-pilot result is inferred."
HYBAPI-006,P0,IMPLEMENTED_UNVERIFIED,60-platform/614_splat_surface_api_and_events.md,330,13. Normative requirements,"A publication command shall reject stale candidate, policy, consent, provider, benchmark, transform, scene, or support-remap state.",Optimistic-concurrency test,SIP Engineering,FIRST_PRODUCTION_BLOCKING,NOT_REQUIRED,NONE,,"[""src/sip/worker_manifest.py"",""src/sip/worker_protocol.py"",""src/sip/worker_runtime.py"",""src/sip/operations.py"",""src/sip/representations.py"",""schemas/protobuf/worker.proto""]","[""tests/contract/test_governed_hybrid_api.py::test_governed_hybrid_api_admits_quarantines_validates_publishes_and_issues_binding_only_view""]","[""build/reports/test-matrix.json"",""build/reports/tests/contract.xml""]","[""GOV-002"",""PLT-001"",""PLT-002"",""REC-005"",""REC-007"",""REC-008"",""REC-009""]","[""REC-008"",""PLT-004""]","Implementation and automated checks exist, but production-environment or full-scope evidence is incomplete; this requirement is intentionally not marked verified."
HYBAPI-007,P0,IMPLEMENTED_UNVERIFIED,60-platform/614_splat_surface_api_and_events.md,331,13. Normative requirements,"API and event payloads shall avoid raw geometry, media, transcripts, and restricted coordinates and shall return only authorized references and bounded summaries.",Data-leakage test,SIP Engineering,FIRST_PRODUCTION_BLOCKING,NOT_REQUIRED,NONE,,"[""src/sip/worker_manifest.py"",""src/sip/worker_protocol.py"",""src/sip/worker_runtime.py"",""src/sip/operations.py"",""src/sip/representations.py"",""schemas/protobuf/worker.proto""]","[""tests/contract/test_event_architecture.py::test_unregistered_producer_and_sensitive_payload_fail_before_outbox_write""]","[""build/reports/test-matrix.json"",""build/reports/tests/contract.xml""]","[""GOV-002"",""PLT-001"",""PLT-002"",""REC-005"",""REC-007"",""REC-008"",""REC-009""]","[""REC-008"",""PLT-004""]","Implementation and automated checks exist, but production-environment or full-scope evidence is incomplete; this requirement is intentionally not marked verified."
HYBAPI-008,P0,NOT_STARTED,60-platform/614_splat_surface_api_and_events.md,332,13. Normative requirements,Manual external provider return shall require a conversion receipt and shall enter validation rather than publication.,Manual workflow test,UNASSIGNED,FIRST_PRODUCTION_BLOCKING,NOT_REQUIRED,NONE,,[],"[""REQ-HYBAPI-008""]",[],"[""GOV-002"",""PLT-001"",""PLT-002"",""REC-005"",""REC-007"",""REC-008"",""REC-009""]","[""REC-008"",""PLT-004""]",
HYBAPI-009,P1,VERIFIED,60-platform/614_splat_surface_api_and_events.md,333,13. Normative requirements,"Durable jobs shall support leases, verified checkpoints, cancellation, reconciliation, bounded retries, and exactly-once publication effect.",Fault-injection test,SIP Engineering,CONTROLLED_POST_P0_MILESTONE,NOT_REQUIRED,NONE,,"[""src/sip/worker_manifest.py"",""src/sip/worker_protocol.py"",""src/sip/worker_runtime.py"",""src/sip/operations.py"",""src/sip/representations.py"",""schemas/protobuf/worker.proto""]","[""tests/contract/test_worker_protocol.py::test_checkpoint_sequence_is_monotonic_and_expired_leases_reconcile""]","[""build/reports/test-matrix.json"",""build/reports/tests/contract.xml""]","[""GOV-002"",""PLT-001"",""PLT-002"",""REC-005"",""REC-007"",""REC-008"",""REC-009""]","[""REC-008"",""PLT-004""]","Verified in the deterministic local reference profile by the exact linked automated test(s) and retained evidence; no external hardware, cloud, GPU, legal, or customer-pilot result is inferred."
HYBAPI-010,P1,VERIFIED,60-platform/614_splat_surface_api_and_events.md,334,13. Normative requirements,Progress shall use stage work units and durable checkpoints with sequence numbers.,Event ordering test,SIP Engineering,CONTROLLED_POST_P0_MILESTONE,NOT_REQUIRED,NONE,,"[""src/sip/worker_manifest.py"",""src/sip/worker_protocol.py"",""src/sip/worker_runtime.py"",""src/sip/operations.py"",""src/sip/representations.py"",""schemas/protobuf/worker.proto""]","[""tests/contract/test_worker_protocol.py::test_checkpoint_sequence_is_monotonic_and_expired_leases_reconcile""]","[""build/reports/test-matrix.json"",""build/reports/tests/contract.xml""]","[""GOV-002"",""PLT-001"",""PLT-002"",""REC-005"",""REC-007"",""REC-008"",""REC-009""]","[""REC-008"",""PLT-004""]","Verified in the deterministic local reference profile by the exact linked automated test(s) and retained evidence; no external hardware, cloud, GPU, legal, or customer-pilot result is inferred."
HYBAPI-011,P1,NOT_STARTED,60-platform/614_splat_surface_api_and_events.md,335,13. Normative requirements,"Provider promotion APIs shall scope approval by data class, scene class, role, intended use, execution zone, hardware profile, and validity period.",Governance authorization test,UNASSIGNED,CONTROLLED_POST_P0_MILESTONE,NOT_REQUIRED,NONE,,[],"[""REQ-HYBAPI-011""]",[],"[""GOV-002"",""PLT-001"",""PLT-002"",""REC-005"",""REC-007"",""REC-008"",""REC-009""]","[""REC-008"",""PLT-004""]",
HYBAPI-012,P1,NOT_STARTED,60-platform/614_splat_surface_api_and_events.md,336,13. Normative requirements,"Hybrid scene-view manifests shall be signed, short-lived, purpose-scoped, and generated after server-side spatial and content authorization.",Manifest security test,UNASSIGNED,CONTROLLED_POST_P0_MILESTONE,NOT_REQUIRED,NONE,,[],"[""REQ-HYBAPI-012""]",[],"[""GOV-002"",""PLT-001"",""PLT-002"",""REC-005"",""REC-007"",""REC-008"",""REC-009""]","[""REC-008"",""PLT-004""]",
HYBAPI-013,P1,NOT_STARTED,60-platform/614_splat_surface_api_and_events.md,337,13. Normative requirements,"Error responses shall use stable machine codes, safe user explanations, retry classification, and remediation without leaking restricted policy details.",Error-contract test,UNASSIGNED,CONTROLLED_POST_P0_MILESTONE,NOT_REQUIRED,NONE,,[],"[""REQ-HYBAPI-013""]",[],"[""GOV-002"",""PLT-001"",""PLT-002"",""REC-005"",""REC-007"",""REC-008"",""REC-009""]","[""REC-008"",""PLT-004""]",
HYBAPI-014,P1,NOT_STARTED,60-platform/614_splat_surface_api_and_events.md,338,13. Normative requirements,"Agents shall use constrained tools that cannot approve their own outputs, increase authority, widen audience, or bypass consent/license policy.",Agent safety test,UNASSIGNED,CONTROLLED_POST_P0_MILESTONE,NOT_REQUIRED,NONE,,[],"[""REQ-HYBAPI-014""]",[],"[""GOV-002"",""PLT-001"",""PLT-002"",""REC-005"",""REC-007"",""REC-008"",""REC-009""]","[""REC-008"",""PLT-004""]",
HYBAPI-015,P1,NOT_STARTED,60-platform/614_splat_surface_api_and_events.md,339,13. Normative requirements,"Cost, resource, and quota records shall be available before and after execution and attributable by operation and project.",Billing attribution test,UNASSIGNED,CONTROLLED_POST_P0_MILESTONE,NOT_REQUIRED,NONE,,[],"[""REQ-HYBAPI-015""]",[],"[""GOV-002"",""PLT-001"",""PLT-002"",""REC-005"",""REC-007"",""REC-008"",""REC-009""]","[""REC-008"",""PLT-004""]",
HYBAPI-016,P1,NOT_STARTED,60-platform/614_splat_surface_api_and_events.md,340,13. Normative requirements,"Schema compatibility for requests, results, events, and scene-view manifests shall be validated in CI and at publication boundaries.",Schema registry test,UNASSIGNED,CONTROLLED_POST_P0_MILESTONE,NOT_REQUIRED,NONE,,[],"[""REQ-HYBAPI-016""]",[],"[""GOV-002"",""PLT-001"",""PLT-002"",""REC-005"",""REC-007"",""REC-008"",""REC-009""]","[""REC-008"",""PLT-004""]",
CONOVR-001,P0,NOT_STARTED,70-construction/700_vertical_overview.md,37,4. Normative requirements,"A project shall organize site, building, level, zone, room, system, entity, document, visit, capture, task, and scene history.",Controlled verification,UNASSIGNED,FIRST_PRODUCTION_BLOCKING,NOT_REQUIRED,NONE,,[],"[""REQ-CONOVR-001""]",[],"[""CAP-005"",""PLT-002"",""SCN-001""]","[""CON-001""]",
CONOVR-002,P0,NOT_STARTED,70-construction/700_vertical_overview.md,38,4. Normative requirements,"Users shall be able to navigate from a spatial object to photographs, nameplates, drawings, specifications, RFIs, submittals, tests, deficiencies, and prior versions.",Controlled verification,UNASSIGNED,FIRST_PRODUCTION_BLOCKING,NOT_REQUIRED,NONE,,[],"[""REQ-CONOVR-002""]",[],"[""CAP-005"",""PLT-002"",""SCN-001""]","[""CON-001""]",
CONOVR-003,P0,NOT_STARTED,70-construction/700_vertical_overview.md,39,4. Normative requirements,The platform shall display measurement origin and verification state everywhere a quantity can affect estimating or installation.,Controlled verification,UNASSIGNED,FIRST_PRODUCTION_BLOCKING,NOT_REQUIRED,NONE,,[],"[""REQ-CONOVR-003""]",[],"[""CAP-005"",""PLT-002"",""SCN-001""]","[""CON-001""]",
CONOVR-004,P1,NOT_STARTED,70-construction/700_vertical_overview.md,40,4. Normative requirements,A field visit shall produce a completeness and unresolved-question report.,Controlled verification,UNASSIGNED,CONTROLLED_POST_P0_MILESTONE,NOT_REQUIRED,NONE,,[],"[""REQ-CONOVR-004""]",[],"[""CAP-005"",""PLT-002"",""SCN-001""]","[""CON-001""]",
CONOVR-005,P1,NOT_STARTED,70-construction/700_vertical_overview.md,41,4. Normative requirements,Owner handoff shall export open data and a read-only experience independent of a proprietary subscription where contractually required.,Controlled verification,UNASSIGNED,CONTROLLED_POST_P0_MILESTONE,NOT_REQUIRED,NONE,,[],"[""REQ-CONOVR-005""]",[],"[""CAP-005"",""PLT-002"",""SCN-001""]","[""CON-001""]",
CONOVR-006,P1,NOT_STARTED,70-construction/700_vertical_overview.md,42,4. Normative requirements,"Construction reports shall identify scene commit, capture date, author, limitations, and evidence links.",Controlled verification,UNASSIGNED,CONTROLLED_POST_P0_MILESTONE,NOT_REQUIRED,NONE,,[],"[""REQ-CONOVR-006""]",[],"[""CAP-005"",""PLT-002"",""SCN-001""]","[""CON-001""]",
CONHIER-001,P0,NOT_STARTED,70-construction/701_project_building_floor_room.md,36,4. Normative requirements,"Every place shall have stable ID, type, names/aliases, parent, validity, source, geometry/volume when known, access classification, and evidence.",Controlled verification,UNASSIGNED,FIRST_PRODUCTION_BLOCKING,NOT_REQUIRED,NONE,,[],"[""REQ-CONHIER-001""]",[],"[""CAP-005"",""PLT-002"",""SCN-001""]","[""CON-001""]",
CONHIER-002,P0,NOT_STARTED,70-construction/701_project_building_floor_room.md,37,4. Normative requirements,The system shall support multiple building coordinate frames and a site/global frame with explicit transforms.,Controlled verification,UNASSIGNED,FIRST_PRODUCTION_BLOCKING,NOT_REQUIRED,NONE,,[],"[""REQ-CONHIER-002""]",[],"[""CAP-005"",""PLT-002"",""SCN-001""]","[""CON-001""]",
CONHIER-003,P0,NOT_STARTED,70-construction/701_project_building_floor_room.md,38,4. Normative requirements,"Room number conflicts across drawings, signage, and owner systems shall be reviewable mappings.",Controlled verification,UNASSIGNED,FIRST_PRODUCTION_BLOCKING,NOT_REQUIRED,NONE,,[],"[""REQ-CONHIER-003""]",[],"[""CAP-005"",""PLT-002"",""SCN-001""]","[""CON-001""]",
CONHIER-004,P1,NOT_STARTED,70-construction/701_project_building_floor_room.md,39,4. Normative requirements,"System zones such as fire-alarm notification, access-control areas, HVAC zones, and security partitions shall not be forced into geometric containment.",Controlled verification,UNASSIGNED,CONTROLLED_POST_P0_MILESTONE,NOT_REQUIRED,NONE,,[],"[""REQ-CONHIER-004""]",[],"[""CAP-005"",""PLT-002"",""SCN-001""]","[""CON-001""]",
CONHIER-005,P1,NOT_STARTED,70-construction/701_project_building_floor_room.md,40,4. Normative requirements,"Bulk import from IFC, room schedules, CSV, and owner systems shall produce mapping/conflict reports.",Controlled verification,UNASSIGNED,CONTROLLED_POST_P0_MILESTONE,NOT_REQUIRED,NONE,,[],"[""REQ-CONHIER-005""]",[],"[""CAP-005"",""PLT-002"",""SCN-001""]","[""CON-001""]",
CONHIER-006,P1,NOT_STARTED,70-construction/701_project_building_floor_room.md,41,4. Normative requirements,Reports shall use the project naming view selected for the audience while retaining stable IDs.,Controlled verification,UNASSIGNED,CONTROLLED_POST_P0_MILESTONE,NOT_REQUIRED,NONE,,[],"[""REQ-CONHIER-006""]",[],"[""CAP-005"",""PLT-002"",""SCN-001""]","[""CON-001""]",
CONSURV-001,P0,NOT_STARTED,70-construction/702_field_survey_as_built.md,36,4. Normative requirements,"The survey plan shall identify objectives, required rooms/systems, sensitive areas, control/measurement requirements, safety, permissions, and deliverables.",Controlled verification,UNASSIGNED,FIRST_PRODUCTION_BLOCKING,NOT_REQUIRED,NONE,,[],"[""REQ-CONSURV-001""]",[],"[""CAP-005"",""PLT-002"",""SCN-001""]","[""CON-001""]",
CONSURV-002,P0,NOT_STARTED,70-construction/702_field_survey_as_built.md,37,4. Normative requirements,"The app shall support room/area checklists and detail evidence for labels, panel interiors, ceiling conditions, pathways, and interfaces.",Controlled verification,UNASSIGNED,FIRST_PRODUCTION_BLOCKING,NOT_REQUIRED,NONE,,[],"[""REQ-CONSURV-002""]",[],"[""CAP-005"",""PLT-002"",""SCN-001""]","[""CON-001""]",
CONSURV-003,P0,NOT_STARTED,70-construction/702_field_survey_as_built.md,38,4. Normative requirements,"A survey review shall inspect coverage, tracking, registration, controls, object inventory, unanswered questions, and privacy restrictions.",Controlled verification,UNASSIGNED,FIRST_PRODUCTION_BLOCKING,NOT_REQUIRED,NONE,,[],"[""REQ-CONSURV-003""]",[],"[""CAP-005"",""PLT-002"",""SCN-001""]","[""CON-001""]",
CONSURV-004,P1,NOT_STARTED,70-construction/702_field_survey_as_built.md,39,4. Normative requirements,"Publishing as `verified_as_built` shall require named verifier, scope, date, method, exclusions, and signature/approval evidence.",Controlled verification,UNASSIGNED,CONTROLLED_POST_P0_MILESTONE,NOT_REQUIRED,NONE,,[],"[""REQ-CONSURV-004""]",[],"[""CAP-005"",""PLT-002"",""SCN-001""]","[""CON-001""]",
CONSURV-005,P1,NOT_STARTED,70-construction/702_field_survey_as_built.md,40,4. Normative requirements,"The viewer shall visually distinguish inaccessible, unobserved, inferred, and verified regions.",Controlled verification,UNASSIGNED,CONTROLLED_POST_P0_MILESTONE,NOT_REQUIRED,NONE,,[],"[""REQ-CONSURV-005""]",[],"[""CAP-005"",""PLT-002"",""SCN-001""]","[""CON-001""]",
CONSURV-006,P1,NOT_STARTED,70-construction/702_field_survey_as_built.md,41,4. Normative requirements,A return visit shall compare against the exact prior accepted commit and preserve both visits.,Controlled verification,UNASSIGNED,CONTROLLED_POST_P0_MILESTONE,NOT_REQUIRED,NONE,,[],"[""REQ-CONSURV-006""]",[],"[""CAP-005"",""PLT-002"",""SCN-001""]","[""CON-001""]",
CONFA-001,P0,NOT_STARTED,70-construction/703_fire_alarm.md,36,4. Normative requirements,"Fire-alarm entities shall support control units, power supplies, annunciators, amplifiers, network interfaces, initiating devices, notification appliances, modules, circuits/loops, interfaces, zones, and related equipment.",Controlled verification,UNASSIGNED,FIRST_PRODUCTION_BLOCKING,NOT_REQUIRED,NONE,,[],"[""REQ-CONFA-001""]",[],"[""CON-001""]","[""CON-002""]",
CONFA-002,P0,NOT_STARTED,70-construction/703_fire_alarm.md,37,4. Normative requirements,"A device record shall support manufacturer/model, address/label, panel/loop/circuit, location, mount/condition, drawing reference, photograph, source class, and verification/test status.",Controlled verification,UNASSIGNED,FIRST_PRODUCTION_BLOCKING,NOT_REQUIRED,NONE,,[],"[""REQ-CONFA-002""]",[],"[""CON-001""]","[""CON-002""]",
CONFA-003,P0,NOT_STARTED,70-construction/703_fire_alarm.md,38,4. Normative requirements,The system shall allow spatial comparison of observed devices against design drawings without automatically declaring code deficiency.,Controlled verification,UNASSIGNED,FIRST_PRODUCTION_BLOCKING,NOT_REQUIRED,NONE,,[],"[""REQ-CONFA-003""]",[],"[""CON-001""]","[""CON-002""]",
CONFA-004,P1,NOT_STARTED,70-construction/703_fire_alarm.md,39,4. Normative requirements,"Test records shall include procedure, result, witnesses, instrument where relevant, time, device association, and supporting media/document.",Controlled verification,UNASSIGNED,CONTROLLED_POST_P0_MILESTONE,NOT_REQUIRED,NONE,,[],"[""REQ-CONFA-004""]",[],"[""CON-001""]","[""CON-002""]",
CONFA-005,P1,NOT_STARTED,70-construction/703_fire_alarm.md,40,4. Normative requirements,Programming files and credentials shall be stored through restricted asset policies and never rendered in ordinary reports.,Controlled verification,UNASSIGNED,CONTROLLED_POST_P0_MILESTONE,NOT_REQUIRED,NONE,,[],"[""REQ-CONFA-005""]",[],"[""CON-001""]","[""CON-002""]",
CONFA-006,P1,NOT_STARTED,70-construction/703_fire_alarm.md,41,4. Normative requirements,"Migration planning shall preserve existing-system evidence, interfaces, affected areas, temporary protection notes, and phased changes.",Controlled verification,UNASSIGNED,CONTROLLED_POST_P0_MILESTONE,NOT_REQUIRED,NONE,,[],"[""REQ-CONFA-006""]",[],"[""CON-001""]","[""CON-002""]",
CONAC-001,P0,NOT_STARTED,70-construction/704_access_control.md,36,4. Normative requirements,"A door survey shall capture opening ID, side/handing, frame/door condition, hardware, power transfer, lock, reader, contact, REX, egress hardware, controller association, pathway, dimensions with source, and photographs.",Controlled verification,UNASSIGNED,FIRST_PRODUCTION_BLOCKING,NOT_REQUIRED,NONE,,[],"[""REQ-CONAC-001""]",[],"[""CON-001""]","[""CON-002""]",
CONAC-002,P0,NOT_STARTED,70-construction/704_access_control.md,37,4. Normative requirements,Sequence-of-operation records shall be versioned documents/assertions with author and approval.,Controlled verification,UNASSIGNED,FIRST_PRODUCTION_BLOCKING,NOT_REQUIRED,NONE,,[],"[""REQ-CONAC-002""]",[],"[""CON-001""]","[""CON-002""]",
CONAC-003,P0,NOT_STARTED,70-construction/704_access_control.md,38,4. Normative requirements,"Controller panels, network paths, addresses, and security zones shall require elevated access.",Controlled verification,UNASSIGNED,FIRST_PRODUCTION_BLOCKING,NOT_REQUIRED,NONE,,[],"[""REQ-CONAC-003""]",[],"[""CON-001""]","[""CON-002""]",
CONAC-004,P1,NOT_STARTED,70-construction/704_access_control.md,39,4. Normative requirements,The platform shall flag inconsistent or incomplete associations for review without automatically changing access policy.,Controlled verification,UNASSIGNED,CONTROLLED_POST_P0_MILESTONE,NOT_REQUIRED,NONE,,[],"[""REQ-CONAC-004""]",[],"[""CON-001""]","[""CON-002""]",
CONAC-005,P1,NOT_STARTED,70-construction/704_access_control.md,40,4. Normative requirements,"Commissioning tests shall record state transitions, expected/actual result, actor, time, and evidence without retaining unnecessary credential identifiers.",Controlled verification,UNASSIGNED,CONTROLLED_POST_P0_MILESTONE,NOT_REQUIRED,NONE,,[],"[""REQ-CONAC-005""]",[],"[""CON-001""]","[""CON-002""]",
CONAC-006,P1,NOT_STARTED,70-construction/704_access_control.md,41,4. Normative requirements,Exports for installers shall omit restricted owner security data unless expressly authorized.,Controlled verification,UNASSIGNED,CONTROLLED_POST_P0_MILESTONE,NOT_REQUIRED,NONE,,[],"[""REQ-CONAC-006""]",[],"[""CON-001""]","[""CON-002""]",
CONMEP-001,P0,NOT_STARTED,70-construction/705_bas_mechanical_electrical.md,36,4. Normative requirements,"Equipment records shall support tag/aliases, type, manufacturer/model/serial, capacities, serving/served relationships, power/control connections, clearances, nameplate media, documents, and status.",Controlled verification,UNASSIGNED,FIRST_PRODUCTION_BLOCKING,NOT_REQUIRED,NONE,,[],"[""REQ-CONMEP-001""]",[],"[""CON-001""]","[""CON-002""]",
CONMEP-002,P0,NOT_STARTED,70-construction/705_bas_mechanical_electrical.md,37,4. Normative requirements,BAS points shall link to equipment and sensor/actuator entities with source and verification.,Controlled verification,UNASSIGNED,FIRST_PRODUCTION_BLOCKING,NOT_REQUIRED,NONE,,[],"[""REQ-CONMEP-002""]",[],"[""CON-001""]","[""CON-002""]",
CONMEP-003,P0,NOT_STARTED,70-construction/705_bas_mechanical_electrical.md,38,4. Normative requirements,"The platform shall represent fire-alarm shutdown/monitoring, access-control interfaces, elevator interfaces, and other cross-system dependencies.",Controlled verification,UNASSIGNED,FIRST_PRODUCTION_BLOCKING,NOT_REQUIRED,NONE,,[],"[""REQ-CONMEP-003""]",[],"[""CON-001""]","[""CON-002""]",
CONMEP-004,P1,NOT_STARTED,70-construction/705_bas_mechanical_electrical.md,39,4. Normative requirements,Spatial pathway or clearance measurements shall show scan/verified/design origin.,Controlled verification,UNASSIGNED,CONTROLLED_POST_P0_MILESTONE,NOT_REQUIRED,NONE,,[],"[""REQ-CONMEP-004""]",[],"[""CON-001""]","[""CON-002""]",
CONMEP-005,P1,NOT_STARTED,70-construction/705_bas_mechanical_electrical.md,40,4. Normative requirements,"Trend or operational data imports shall retain source system, units, timestamps, quality flags, and retention separate from static scene commits.",Controlled verification,UNASSIGNED,CONTROLLED_POST_P0_MILESTONE,NOT_REQUIRED,NONE,,[],"[""REQ-CONMEP-005""]",[],"[""CON-001""]","[""CON-002""]",
CONMEP-006,P1,NOT_STARTED,70-construction/705_bas_mechanical_electrical.md,41,4. Normative requirements,Sensitive network and controller configuration shall use restricted access and redacted exports.,Controlled verification,UNASSIGNED,CONTROLLED_POST_P0_MILESTONE,NOT_REQUIRED,NONE,,[],"[""REQ-CONMEP-006""]",[],"[""CON-001""]","[""CON-002""]",
CONDOC-001,P0,NOT_STARTED,70-construction/706_drawings_specs_rfis_submittals.md,36,4. Normative requirements,"Documents shall retain source file hash, title, type, revision, issue date, issuer, status, pages, permissions, and supersession links.",Automated test,UNASSIGNED,FIRST_PRODUCTION_BLOCKING,NOT_REQUIRED,NONE,,[],"[""REQ-CONDOC-001""]",[],"[""CON-001"",""SCN-003""]","[""CON-003""]",
CONDOC-002,P0,NOT_STARTED,70-construction/706_drawings_specs_rfis_submittals.md,37,4. Normative requirements,"Sheet anchors shall store page coordinate system, polygon/region, label, entity/space links, and evidence.",Controlled verification,UNASSIGNED,FIRST_PRODUCTION_BLOCKING,NOT_REQUIRED,NONE,,[],"[""REQ-CONDOC-002""]",[],"[""CON-001"",""SCN-003""]","[""CON-003""]",
CONDOC-003,P0,NOT_STARTED,70-construction/706_drawings_specs_rfis_submittals.md,38,4. Normative requirements,"RFI records shall support question, context, responsible parties, due dates, responses, attachments, status, and affected scene/entities.",Controlled verification,UNASSIGNED,FIRST_PRODUCTION_BLOCKING,NOT_REQUIRED,NONE,,[],"[""REQ-CONDOC-003""]",[],"[""CON-001"",""SCN-003""]","[""CON-003""]",
CONDOC-004,P1,NOT_STARTED,70-construction/706_drawings_specs_rfis_submittals.md,39,4. Normative requirements,"Submittal records shall support specification section, product/equipment mappings, review status, exceptions, and approved documents.",Controlled verification,UNASSIGNED,CONTROLLED_POST_P0_MILESTONE,NOT_REQUIRED,NONE,,[],"[""REQ-CONDOC-004""]",[],"[""CON-001"",""SCN-003""]","[""CON-003""]",
CONDOC-005,P1,NOT_STARTED,70-construction/706_drawings_specs_rfis_submittals.md,40,4. Normative requirements,The viewer shall open the exact referenced document revision and region from a spatial entity.,Controlled verification,UNASSIGNED,CONTROLLED_POST_P0_MILESTONE,NOT_REQUIRED,NONE,,[],"[""REQ-CONDOC-005""]",[],"[""CON-001"",""SCN-003""]","[""CON-003""]",
CONDOC-006,P1,NOT_STARTED,70-construction/706_drawings_specs_rfis_submittals.md,41,4. Normative requirements,AI extraction shall cite page/region and confidence and require review before authoritative mappings.,Controlled verification,UNASSIGNED,CONTROLLED_POST_P0_MILESTONE,NOT_REQUIRED,NONE,,[],"[""REQ-CONDOC-006""]",[],"[""CON-001"",""SCN-003""]","[""CON-003""]",
CONQC-001,P0,NOT_STARTED,70-construction/707_punch_deficiency_commissioning.md,36,4. Normative requirements,"An issue shall include type, description, location/entity, observed commit/time, evidence, reporter, severity, responsible party, due date, status, and permissions.",Controlled verification,UNASSIGNED,FIRST_PRODUCTION_BLOCKING,NOT_REQUIRED,NONE,,[],"[""REQ-CONQC-001""]",[],"[""CON-001"",""SCN-003""]","[""CON-003""]",
CONQC-002,P0,NOT_STARTED,70-construction/707_punch_deficiency_commissioning.md,37,4. Normative requirements,Corrective action shall link new evidence and changed scene/entity revision.,Controlled verification,UNASSIGNED,FIRST_PRODUCTION_BLOCKING,NOT_REQUIRED,NONE,,[],"[""REQ-CONQC-002""]",[],"[""CON-001"",""SCN-003""]","[""CON-003""]",
CONQC-003,P0,NOT_STARTED,70-construction/707_punch_deficiency_commissioning.md,38,4. Normative requirements,"Closure shall require configured verification, verifier, date, result, and residual limitations.",Controlled verification,UNASSIGNED,FIRST_PRODUCTION_BLOCKING,NOT_REQUIRED,NONE,,[],"[""REQ-CONQC-003""]",[],"[""CON-001"",""SCN-003""]","[""CON-003""]",
CONQC-004,P1,NOT_STARTED,70-construction/707_punch_deficiency_commissioning.md,39,4. Normative requirements,"Commissioning tests shall support procedures, prerequisites, steps, expected/actual results, participants, instruments, attachments, and retest history.",Controlled verification,UNASSIGNED,CONTROLLED_POST_P0_MILESTONE,NOT_REQUIRED,NONE,,[],"[""REQ-CONQC-004""]",[],"[""CON-001"",""SCN-003""]","[""CON-003""]",
CONQC-005,P1,NOT_STARTED,70-construction/707_punch_deficiency_commissioning.md,40,4. Normative requirements,"Reports shall show open, overdue, disputed, corrected-awaiting-test, and closed issues with spatial summaries.",Controlled verification,UNASSIGNED,CONTROLLED_POST_P0_MILESTONE,NOT_REQUIRED,NONE,,[],"[""REQ-CONQC-005""]",[],"[""CON-001"",""SCN-003""]","[""CON-003""]",
CONQC-006,P1,NOT_STARTED,70-construction/707_punch_deficiency_commissioning.md,41,4. Normative requirements,Restricted system details shall remain protected in notifications and broad reports.,Controlled verification,UNASSIGNED,CONTROLLED_POST_P0_MILESTONE,NOT_REQUIRED,NONE,,[],"[""REQ-CONQC-006""]",[],"[""CON-001"",""SCN-003""]","[""CON-003""]",
CONMEAS-001,P0,IMPLEMENTED_UNVERIFIED,70-construction/708_measurements_truth_hierarchy.md,36,4. Normative requirements,"Every measurement shall store value, units, geometry/endpoints, class, uncertainty/tolerance, method/tool, calibration/control, author, verifier, time, source commit, and permitted use.",Controlled verification,SIP Engineering,FIRST_PRODUCTION_BLOCKING,NOT_REQUIRED,NONE,,"[""src/sip/construction.py"",""src/sip/database.py"",""src/sip/models.py""]","[""tests/integration/test_export_restore.py::test_preservation_collision_remaps_proxy_measurement_and_anchor_history"",""tests/integration/test_spatial_truth_twin.py::test_conmeas_measurement_supersession_scope_tombstone_and_permitted_use_guards"",""tests/integration/test_verticals.py::test_construction_complete_record_deficiency_retest_measurement_and_reports""]","[""build/reports/test-matrix.json"",""build/reports/tests/integration.xml"",""src/sip/construction.py"",""src/sip/database.py"",""src/sip/models.py""]","[""CAP-005"",""CON-001"",""PLT-002"",""SCN-001"",""SCN-003""]","[""CON-001"",""CON-003""]","Implementation and automated checks exist, but production-environment or full-scope evidence is incomplete; this requirement is intentionally not marked verified."
CONMEAS-002,P0,NOT_STARTED,70-construction/708_measurements_truth_hierarchy.md,37,4. Normative requirements,Scan estimates shall display a visible unverified label and configurable warning in exports.,Controlled verification,UNASSIGNED,FIRST_PRODUCTION_BLOCKING,NOT_REQUIRED,NONE,,[],"[""REQ-CONMEAS-002""]",[],"[""CAP-005"",""CON-001"",""PLT-002"",""SCN-001"",""SCN-003""]","[""CON-001"",""CON-003""]",
CONMEAS-003,P0,NOT_STARTED,70-construction/708_measurements_truth_hierarchy.md,38,4. Normative requirements,A verified measurement shall retain the original estimate for comparison and audit.,Controlled verification,UNASSIGNED,FIRST_PRODUCTION_BLOCKING,NOT_REQUIRED,NONE,,[],"[""REQ-CONMEAS-003""]",[],"[""CAP-005"",""CON-001"",""PLT-002"",""SCN-001"",""SCN-003""]","[""CON-001"",""CON-003""]",
CONMEAS-004,P1,NOT_STARTED,70-construction/708_measurements_truth_hierarchy.md,39,4. Normative requirements,The system shall prevent an agent or report template from dropping measurement class or uncertainty.,Automated test,UNASSIGNED,CONTROLLED_POST_P0_MILESTONE,NOT_REQUIRED,NONE,,[],"[""REQ-CONMEAS-004""]",[],"[""CAP-005"",""CON-001"",""PLT-002"",""SCN-001"",""SCN-003""]","[""CON-001"",""CON-003""]",
CONMEAS-005,P1,NOT_STARTED,70-construction/708_measurements_truth_hierarchy.md,40,4. Normative requirements,"Field verification workflows shall support replacement, confirmation, or rejection with evidence.",Automated test,UNASSIGNED,CONTROLLED_POST_P0_MILESTONE,NOT_REQUIRED,NONE,,[],"[""REQ-CONMEAS-005""]",[],"[""CAP-005"",""CON-001"",""PLT-002"",""SCN-001"",""SCN-003""]","[""CON-001"",""CON-003""]",
CONMEAS-006,P1,NOT_STARTED,70-construction/708_measurements_truth_hierarchy.md,41,4. Normative requirements,Precision formatting shall be derived from source uncertainty and project standards.,Controlled verification,UNASSIGNED,CONTROLLED_POST_P0_MILESTONE,NOT_REQUIRED,NONE,,[],"[""REQ-CONMEAS-006""]",[],"[""CAP-005"",""CON-001"",""PLT-002"",""SCN-001"",""SCN-003""]","[""CON-001"",""CON-003""]",
CONMEAS-007,P0,NOT_STARTED,70-construction/708_measurements_truth_hierarchy.md,136,15. Version 1.1 proxy measurement boundary,An interaction proxy shall never satisfy the source requirement for a verified construction measurement.,Policy test,UNASSIGNED,FIRST_PRODUCTION_BLOCKING,NOT_REQUIRED,NONE,,[],"[""REQ-CONMEAS-007""]",[],"[""CAP-005"",""CON-001"",""PLT-002"",""SCN-001"",""SCN-003""]","[""CON-001"",""CON-003""]",
CONMEAS-008,P0,NOT_STARTED,70-construction/708_measurements_truth_hierarchy.md,137,15. Version 1.1 proxy measurement boundary,"Proxy-assisted measurements shall record interaction source, resolved metric/field source, snap distance, uncertainty, and resolution result.",Measurement test,UNASSIGNED,FIRST_PRODUCTION_BLOCKING,NOT_REQUIRED,NONE,,[],"[""REQ-CONMEAS-008""]",[],"[""CAP-005"",""CON-001"",""PLT-002"",""SCN-001"",""SCN-003""]","[""CON-001"",""CON-003""]",
CONMEAS-009,P0,NOT_STARTED,70-construction/708_measurements_truth_hierarchy.md,138,15. Version 1.1 proxy measurement boundary,"Proxy-only quantities, routes, clearances, and dimensions shall carry estimate language and required verification.",Report/export test,UNASSIGNED,FIRST_PRODUCTION_BLOCKING,NOT_REQUIRED,NONE,,[],"[""REQ-CONMEAS-009""]",[],"[""CAP-005"",""CON-001"",""PLT-002"",""SCN-001"",""SCN-003""]","[""CON-001"",""CON-003""]",
CONMEAS-010,P1,NOT_STARTED,70-construction/708_measurements_truth_hierarchy.md,139,15. Version 1.1 proxy measurement boundary,"The UI shall visually distinguish proxy hit, metric snap, design geometry, and field-verified point.",UI acceptance test,UNASSIGNED,CONTROLLED_POST_P0_MILESTONE,NOT_REQUIRED,NONE,,[],"[""REQ-CONMEAS-010""]",[],"[""CAP-005"",""CON-001"",""PLT-002"",""SCN-001"",""SCN-003""]","[""CON-001"",""CON-003""]",
CONMEAS-011,P1,NOT_STARTED,70-construction/708_measurements_truth_hierarchy.md,140,15. Version 1.1 proxy measurement boundary,Proxy replacement shall not silently change saved measurement values or verification status.,Revision regression test,UNASSIGNED,CONTROLLED_POST_P0_MILESTONE,NOT_REQUIRED,NONE,,[],"[""REQ-CONMEAS-011""]",[],"[""CAP-005"",""CON-001"",""PLT-002"",""SCN-001"",""SCN-003""]","[""CON-001"",""CON-003""]",
CONMEAS-012,P1,NOT_STARTED,70-construction/708_measurements_truth_hierarchy.md,141,15. Version 1.1 proxy measurement boundary,"Code, fabrication, and life-safety decisions shall require their independent evidence and qualified review regardless of proxy quality.",Workflow test,UNASSIGNED,CONTROLLED_POST_P0_MILESTONE,NOT_REQUIRED,NONE,,[],"[""REQ-CONMEAS-012""]",[],"[""CAP-005"",""CON-001"",""PLT-002"",""SCN-001"",""SCN-003""]","[""CON-001"",""CON-003""]",
CONPROG-001,P0,NOT_STARTED,70-construction/709_progress_change_tracking.md,36,4. Normative requirements,"A progress visit shall reference baseline commit, scope, planned areas, comparable coverage, and capture quality.",Controlled verification,UNASSIGNED,FIRST_PRODUCTION_BLOCKING,NOT_REQUIRED,NONE,,[],"[""REQ-CONPROG-001""]",[],"[""CON-001"",""SCN-003""]","[""CON-003""]",
CONPROG-002,P0,NOT_STARTED,70-construction/709_progress_change_tracking.md,37,4. Normative requirements,"Change detection shall classify installed, removed, moved, modified, occluded, unobserved, and uncertain.",Controlled verification,UNASSIGNED,FIRST_PRODUCTION_BLOCKING,NOT_REQUIRED,NONE,,[],"[""REQ-CONPROG-002""]",[],"[""CON-001"",""SCN-003""]","[""CON-003""]",
CONPROG-003,P0,NOT_STARTED,70-construction/709_progress_change_tracking.md,38,4. Normative requirements,Progress states shall be defined per work item/system and linked to evidence and responsible reviewer.,Controlled verification,UNASSIGNED,FIRST_PRODUCTION_BLOCKING,NOT_REQUIRED,NONE,,[],"[""REQ-CONPROG-003""]",[],"[""CON-001"",""SCN-003""]","[""CON-003""]",
CONPROG-004,P1,NOT_STARTED,70-construction/709_progress_change_tracking.md,39,4. Normative requirements,The system shall not infer payment entitlement from visual progress.,Controlled verification,UNASSIGNED,CONTROLLED_POST_P0_MILESTONE,NOT_REQUIRED,NONE,,[],"[""REQ-CONPROG-004""]",[],"[""CON-001"",""SCN-003""]","[""CON-003""]",
CONPROG-005,P1,NOT_STARTED,70-construction/709_progress_change_tracking.md,40,4. Normative requirements,Reports shall include comparable-region coverage and limitations to prevent false completeness.,Automated test,UNASSIGNED,CONTROLLED_POST_P0_MILESTONE,NOT_REQUIRED,NONE,,[],"[""REQ-CONPROG-005""]",[],"[""CON-001"",""SCN-003""]","[""CON-003""]",
CONPROG-006,P1,NOT_STARTED,70-construction/709_progress_change_tracking.md,41,4. Normative requirements,Time-lapse views shall preserve restricted-area and worker-privacy policy.,Controlled verification,UNASSIGNED,CONTROLLED_POST_P0_MILESTONE,NOT_REQUIRED,NONE,,[],"[""REQ-CONPROG-006""]",[],"[""CON-001"",""SCN-003""]","[""CON-003""]",
CONHAND-001,P0,NOT_STARTED,70-construction/710_bim_handoff_facility_operations.md,36,4. Normative requirements,"A handoff package shall include scope, accepted scene commit, asset inventory, verified attributes, documents, tests, warranties, training, open issues, exclusions, exports, and checksums.",Controlled verification,UNASSIGNED,FIRST_PRODUCTION_BLOCKING,NOT_REQUIRED,NONE,,[],"[""REQ-CONHAND-001""]",[],"[""CON-002"",""CON-003"",""SCN-002""]","[""CON-004""]",
CONHAND-002,P0,NOT_STARTED,70-construction/710_bim_handoff_facility_operations.md,37,4. Normative requirements,The system shall validate required owner fields and documents by equipment/system type.,Automated test,UNASSIGNED,FIRST_PRODUCTION_BLOCKING,NOT_REQUIRED,NONE,,[],"[""REQ-CONHAND-002""]",[],"[""CON-002"",""CON-003"",""SCN-002""]","[""CON-004""]",
CONHAND-003,P0,NOT_STARTED,70-construction/710_bim_handoff_facility_operations.md,38,4. Normative requirements,"IFC/CSV/API exports shall state which values are verified, design-derived, observed, or inferred.",Automated test,UNASSIGNED,FIRST_PRODUCTION_BLOCKING,NOT_REQUIRED,NONE,,[],"[""REQ-CONHAND-003""]",[],"[""CON-002"",""CON-003"",""SCN-002""]","[""CON-004""]",
CONHAND-004,P1,NOT_STARTED,70-construction/710_bim_handoff_facility_operations.md,39,4. Normative requirements,"Facility users shall search by location, tag, manufacturer/model, system, document, and issue history.",Controlled verification,UNASSIGNED,CONTROLLED_POST_P0_MILESTONE,NOT_REQUIRED,NONE,,[],"[""REQ-CONHAND-004""]",[],"[""CON-002"",""CON-003"",""SCN-002""]","[""CON-004""]",
CONHAND-005,P1,NOT_STARTED,70-construction/710_bim_handoff_facility_operations.md,40,4. Normative requirements,Operations changes shall retain continuity to construction entities and IDs where possible.,Controlled verification,UNASSIGNED,CONTROLLED_POST_P0_MILESTONE,NOT_REQUIRED,NONE,,[],"[""REQ-CONHAND-005""]",[],"[""CON-002"",""CON-003"",""SCN-002""]","[""CON-004""]",
CONHAND-006,P1,NOT_STARTED,70-construction/710_bim_handoff_facility_operations.md,41,4. Normative requirements,A portability test shall confirm the owner can access core records without the production SIP service.,Controlled verification,UNASSIGNED,CONTROLLED_POST_P0_MILESTONE,NOT_REQUIRED,NONE,,[],"[""REQ-CONHAND-006""]",[],"[""CON-002"",""CON-003"",""SCN-002""]","[""CON-004""]",
CONREP-001,P0,NOT_STARTED,70-construction/711_construction_reporting.md,36,4. Normative requirements,"A report shall identify project, scope, visit/commit, author, generation time, template version, query/filters, data cutoff, limitations, and integrity hash.",Automated test,UNASSIGNED,FIRST_PRODUCTION_BLOCKING,NOT_REQUIRED,NONE,,[],"[""REQ-CONREP-001""]",[],"[""CON-002"",""CON-003"",""SCN-002""]","[""CON-004""]",
CONREP-002,P0,NOT_STARTED,70-construction/711_construction_reporting.md,37,4. Normative requirements,"Reports shall distinguish observed, verified, design, inferred, proposed, disputed, and unresolved items.",Controlled verification,UNASSIGNED,FIRST_PRODUCTION_BLOCKING,NOT_REQUIRED,NONE,,[],"[""REQ-CONREP-002""]",[],"[""CON-002"",""CON-003"",""SCN-002""]","[""CON-004""]",
CONREP-003,P0,NOT_STARTED,70-construction/711_construction_reporting.md,38,4. Normative requirements,Images and views shall retain source scene/view identifiers and redaction state.,Controlled verification,UNASSIGNED,FIRST_PRODUCTION_BLOCKING,NOT_REQUIRED,NONE,,[],"[""REQ-CONREP-003""]",[],"[""CON-002"",""CON-003"",""SCN-002""]","[""CON-004""]",
CONREP-004,P1,NOT_STARTED,70-construction/711_construction_reporting.md,39,4. Normative requirements,"Audience profiles shall control inclusion of security topology, credentials context, personal information, and restricted rooms.",Controlled verification,UNASSIGNED,CONTROLLED_POST_P0_MILESTONE,NOT_REQUIRED,NONE,,[],"[""REQ-CONREP-004""]",[],"[""CON-002"",""CON-003"",""SCN-002""]","[""CON-004""]",
CONREP-005,P1,NOT_STARTED,70-construction/711_construction_reporting.md,40,4. Normative requirements,Re-running the same report against the same inputs and version shall produce equivalent content within documented rendering variance.,Controlled verification,UNASSIGNED,CONTROLLED_POST_P0_MILESTONE,NOT_REQUIRED,NONE,,[],"[""REQ-CONREP-005""]",[],"[""CON-002"",""CON-003"",""SCN-002""]","[""CON-004""]",
CONREP-006,P1,NOT_STARTED,70-construction/711_construction_reporting.md,41,4. Normative requirements,A report correction shall create a new revision and link the superseded version.,Controlled verification,UNASSIGNED,CONTROLLED_POST_P0_MILESTONE,NOT_REQUIRED,NONE,,[],"[""REQ-CONREP-006""]",[],"[""CON-002"",""CON-003"",""SCN-002""]","[""CON-004""]",
CONTEST-001,P0,NOT_STARTED,70-construction/712_construction_acceptance_tests.md,36,4. Normative requirements,"The pilot shall capture at least one mechanical/electrical room, corridor, controlled door, and fire-alarm device set using the same platform.",Controlled verification,UNASSIGNED,FIRST_PRODUCTION_BLOCKING,NOT_REQUIRED,NONE,,[],"[""REQ-CONTEST-001""]",[],"[""CON-004"",""LIF-003"",""OPS-004"",""QA-001""]","[""QA-002""]",
CONTEST-002,P0,NOT_STARTED,70-construction/712_construction_acceptance_tests.md,37,4. Normative requirements,"Independent ground truth shall measure selected dimensions, device locations, and inventory.",Controlled verification,UNASSIGNED,FIRST_PRODUCTION_BLOCKING,NOT_REQUIRED,NONE,,[],"[""REQ-CONTEST-002""]",[],"[""CON-004"",""LIF-003"",""OPS-004"",""QA-001""]","[""QA-002""]",
CONTEST-003,P0,NOT_STARTED,70-construction/712_construction_acceptance_tests.md,38,4. Normative requirements,"The pilot shall demonstrate an RFI/document link, issue lifecycle, return-visit change, and commissioning/test evidence.",Controlled verification,UNASSIGNED,FIRST_PRODUCTION_BLOCKING,NOT_REQUIRED,NONE,,[],"[""REQ-CONTEST-003""]",[],"[""CON-004"",""LIF-003"",""OPS-004"",""QA-001""]","[""QA-002""]",
CONTEST-004,P1,NOT_STARTED,70-construction/712_construction_acceptance_tests.md,39,4. Normative requirements,"Unauthorized roles shall be unable to discover restricted security-system entities through search, viewer, exports, counts, or URLs.",Controlled verification,UNASSIGNED,CONTROLLED_POST_P0_MILESTONE,NOT_REQUIRED,NONE,,[],"[""REQ-CONTEST-004""]",[],"[""CON-004"",""LIF-003"",""OPS-004"",""QA-001""]","[""QA-002""]",
CONTEST-005,P1,NOT_STARTED,70-construction/712_construction_acceptance_tests.md,40,4. Normative requirements,A full project export shall open in the reference offline viewer and validated third-party format consumers.,Automated test,UNASSIGNED,CONTROLLED_POST_P0_MILESTONE,NOT_REQUIRED,NONE,,[],"[""REQ-CONTEST-005""]",[],"[""CON-004"",""LIF-003"",""OPS-004"",""QA-001""]","[""QA-002""]",
CONTEST-006,P1,NOT_STARTED,70-construction/712_construction_acceptance_tests.md,41,4. Normative requirements,Operators shall complete capture recovery after an intentional app interruption without source loss.,Controlled verification,UNASSIGNED,CONTROLLED_POST_P0_MILESTONE,NOT_REQUIRED,NONE,,[],"[""REQ-CONTEST-006""]",[],"[""CON-004"",""LIF-003"",""OPS-004"",""QA-001""]","[""QA-002""]",
CONDEMO-001,P0,IN_PROGRESS,70-construction/713_construction_demo_scenario.md,36,4. Normative requirements,"The operator shall create a project, import a plan/drawing, capture the room, recover from a pause, and finalize locally.",Controlled verification,SIP Engineering,FIRST_PRODUCTION_BLOCKING,NOT_REQUIRED,NONE,,"[""src/sip/construction.py"",""tools/run_demo.py"",""docs/user/CONSTRUCTION.md"",""verticals/construction""]","[""tests/acceptance/test_vertical_demonstrations.py::test_construction_synthetic_acceptance_demonstration""]","[""build/evidence/demos/construction.json"",""build/reports/test-matrix.json"",""build/reports/tests/acceptance.xml""]","[""CON-004"",""PLT-004"",""QA-003""]","[""CON-005""]","A controlled implementation/test boundary exists, but the normative requirement is broader than the retained evidence and remains in progress."
CONDEMO-002,P0,NOT_STARTED,70-construction/713_construction_demo_scenario.md,37,4. Normative requirements,"The platform shall ingest, process preview/final, align LingBot and metric lanes, publish a reviewed scene, and show quality.",Controlled verification,UNASSIGNED,FIRST_PRODUCTION_BLOCKING,NOT_REQUIRED,NONE,,[],"[""REQ-CONDEMO-002""]",[],"[""CON-004"",""PLT-004"",""QA-003""]","[""CON-005""]",
CONDEMO-003,P0,NOT_STARTED,70-construction/713_construction_demo_scenario.md,38,4. Normative requirements,"The reviewer shall anchor a panel, devices, door hardware, equipment, label photos, drawing regions, and one RFI.",Controlled verification,UNASSIGNED,FIRST_PRODUCTION_BLOCKING,NOT_REQUIRED,NONE,,[],"[""REQ-CONDEMO-003""]",[],"[""CON-004"",""PLT-004"",""QA-003""]","[""CON-005""]",
CONDEMO-004,P1,VERIFIED,70-construction/713_construction_demo_scenario.md,39,4. Normative requirements,A measurement shall be shown first as scan estimate and later as field verified with history.,Controlled verification,SIP Engineering,CONTROLLED_POST_P0_MILESTONE,NOT_REQUIRED,NONE,,"[""src/sip/construction.py"",""tools/run_demo.py"",""docs/user/CONSTRUCTION.md"",""verticals/construction""]","[""tests/acceptance/test_vertical_demonstrations.py::test_construction_synthetic_acceptance_demonstration""]","[""build/evidence/demos/construction.json"",""build/reports/test-matrix.json"",""build/reports/tests/acceptance.xml""]","[""CON-004"",""PLT-004"",""QA-003""]","[""CON-005""]","Verified in the deterministic local reference profile by the exact linked automated test(s) and retained evidence; no external hardware, cloud, GPU, legal, or customer-pilot result is inferred."
CONDEMO-005,P1,VERIFIED,70-construction/713_construction_demo_scenario.md,40,4. Normative requirements,A second capture shall identify a changed object and produce a reviewable semantic diff.,Controlled verification,SIP Engineering,CONTROLLED_POST_P0_MILESTONE,NOT_REQUIRED,NONE,,"[""src/sip/construction.py"",""tools/run_demo.py"",""docs/user/CONSTRUCTION.md"",""verticals/construction""]","[""tests/acceptance/test_vertical_demonstrations.py::test_construction_synthetic_acceptance_demonstration""]","[""build/evidence/demos/construction.json"",""build/reports/test-matrix.json"",""build/reports/tests/acceptance.xml""]","[""CON-004"",""PLT-004"",""QA-003""]","[""CON-005""]","Verified in the deterministic local reference profile by the exact linked automated test(s) and retained evidence; no external hardware, cloud, GPU, legal, or customer-pilot result is inferred."
CONDEMO-006,P1,NOT_STARTED,70-construction/713_construction_demo_scenario.md,41,4. Normative requirements,The demo shall export a report and open-format project bundle while hiding restricted details from a broad-share viewer.,Controlled verification,UNASSIGNED,CONTROLLED_POST_P0_MILESTONE,NOT_REQUIRED,NONE,,[],"[""REQ-CONDEMO-006""]",[],"[""CON-004"",""PLT-004"",""QA-003""]","[""CON-005""]",
CONHYB-001,P0,NOT_STARTED,70-construction/714_hybrid_representation_construction.md,181,14. Normative requirements,"Construction scenes shall maintain observed, inferred, verified, design/proposed, and generated states independently at entity and assertion level.",Domain schema test,UNASSIGNED,FIRST_PRODUCTION_BLOCKING,NOT_REQUIRED,NONE,,[],"[""REQ-CONHYB-001""]",[],"[""CON-004"",""PLT-002"",""PLT-004"",""QA-003"",""REC-008"",""REC-009""]","[""CON-005"",""PLT-004""]",
CONHYB-002,P0,NOT_STARTED,70-construction/714_hybrid_representation_construction.md,182,14. Normative requirements,"An interaction proxy or visual splat shall not independently establish field dimensions, code compliance, as-built status, payment progress, issue closure, or commissioning acceptance.",Policy and workflow test,UNASSIGNED,FIRST_PRODUCTION_BLOCKING,NOT_REQUIRED,NONE,,[],"[""REQ-CONHYB-002""]",[],"[""CON-004"",""PLT-002"",""PLT-004"",""QA-003"",""REC-008"",""REC-009""]","[""CON-005"",""PLT-004""]",
CONHYB-003,P0,NOT_STARTED,70-construction/714_hybrid_representation_construction.md,183,14. Normative requirements,A measurement begun on a proxy shall record the display hit and shall resolve to eligible metric evidence or remain approximate and unverified.,Measurement acceptance test,UNASSIGNED,FIRST_PRODUCTION_BLOCKING,NOT_REQUIRED,NONE,,[],"[""REQ-CONHYB-003""]",[],"[""CON-004"",""PLT-002"",""PLT-004"",""QA-003"",""REC-008"",""REC-009""]","[""CON-005"",""PLT-004""]",
CONHYB-004,P0,NOT_STARTED,70-construction/714_hybrid_representation_construction.md,184,14. Normative requirements,Proposed or design geometry shall retain a visible and machine-readable design label even when photorealistically blended with observed context.,Viewer/export test,UNASSIGNED,FIRST_PRODUCTION_BLOCKING,NOT_REQUIRED,NONE,,[],"[""REQ-CONHYB-004""]",[],"[""CON-004"",""PLT-002"",""PLT-004"",""QA-003"",""REC-008"",""REC-009""]","[""CON-005"",""PLT-004""]",
CONHYB-005,P0,NOT_STARTED,70-construction/714_hybrid_representation_construction.md,185,14. Normative requirements,"Construction entities, tests, issues, and documents shall use stable IDs and source evidence rather than depending on a proxy triangle or visual Gaussian identity.",Remeshing regression test,UNASSIGNED,FIRST_PRODUCTION_BLOCKING,NOT_REQUIRED,NONE,,[],"[""REQ-CONHYB-005""]",[],"[""CON-004"",""PLT-002"",""PLT-004"",""QA-003"",""REC-008"",""REC-009""]","[""CON-005"",""PLT-004""]",
CONHYB-006,P0,NOT_STARTED,70-construction/714_hybrid_representation_construction.md,186,14. Normative requirements,"Sensitive building, life-safety, and security representations shall be denied to unapproved external providers before data export or source access.",Security test,UNASSIGNED,FIRST_PRODUCTION_BLOCKING,NOT_REQUIRED,NONE,,[],"[""REQ-CONHYB-006""]",[],"[""CON-004"",""PLT-002"",""PLT-004"",""QA-003"",""REC-008"",""REC-009""]","[""CON-005"",""PLT-004""]",
CONHYB-007,P0,IMPLEMENTED_UNVERIFIED,70-construction/714_hybrid_representation_construction.md,187,14. Normative requirements,"Issue closure and commissioning acceptance shall require the configured evidence, test, retest, and accountable reviewer rather than visual disappearance alone.",Workflow test,SIP Engineering,FIRST_PRODUCTION_BLOCKING,NOT_REQUIRED,NONE,,"[""src/sip/construction.py"",""src/sip/collaboration.py"",""src/sip/scene.py""]","[""tests/integration/test_verticals.py::test_construction_complete_record_deficiency_retest_measurement_and_reports""]","[""build/reports/test-matrix.json"",""build/reports/tests/integration.xml"",""src/sip/collaboration.py"",""src/sip/construction.py"",""src/sip/scene.py""]","[""CON-004"",""PLT-002"",""PLT-004"",""QA-003"",""REC-008"",""REC-009""]","[""CON-005"",""PLT-004""]","Implementation and automated checks exist, but production-environment or full-scope evidence is incomplete; this requirement is intentionally not marked verified."
CONHYB-008,P0,NOT_STARTED,70-construction/714_hybrid_representation_construction.md,188,14. Normative requirements,"Handoff exports shall declare every representation role, authority ceiling, accuracy/validation report, coordinate frame, and limitation.",Handoff round-trip test,UNASSIGNED,FIRST_PRODUCTION_BLOCKING,NOT_REQUIRED,NONE,,[],"[""REQ-CONHYB-008""]",[],"[""CON-004"",""PLT-002"",""PLT-004"",""QA-003"",""REC-008"",""REC-009""]","[""CON-005"",""PLT-004""]",
CONHYB-009,P1,NOT_STARTED,70-construction/714_hybrid_representation_construction.md,189,14. Normative requirements,Progress comparison shall report capture gaps and review candidate geometric/visual changes before changing semantic state.,Change-detection scenario,UNASSIGNED,CONTROLLED_POST_P0_MILESTONE,NOT_REQUIRED,NONE,,[],"[""REQ-CONHYB-009""]",[],"[""CON-004"",""PLT-002"",""PLT-004"",""QA-003"",""REC-008"",""REC-009""]","[""CON-005"",""PLT-004""]",
CONHYB-010,P1,NOT_STARTED,70-construction/714_hybrid_representation_construction.md,190,14. Normative requirements,"Fire-alarm, access-control, BAS, mechanical, and electrical verticals shall declare which attributes require documents, calculations, tests, or field verification beyond spatial appearance.",Vertical review,UNASSIGNED,CONTROLLED_POST_P0_MILESTONE,NOT_REQUIRED,NONE,,[],"[""REQ-CONHYB-010""]",[],"[""CON-004"",""PLT-002"",""PLT-004"",""QA-003"",""REC-008"",""REC-009""]","[""CON-005"",""PLT-004""]",
CONHYB-011,P1,NOT_STARTED,70-construction/714_hybrid_representation_construction.md,191,14. Normative requirements,"Field clients shall expose metric snap source, residual, uncertainty, truth state, and recapture/verification options at the point of work.",Field UX test,UNASSIGNED,CONTROLLED_POST_P0_MILESTONE,NOT_REQUIRED,NONE,,[],"[""REQ-CONHYB-011""]",[],"[""CON-004"",""PLT-002"",""PLT-004"",""QA-003"",""REC-008"",""REC-009""]","[""CON-005"",""PLT-004""]",
CONHYB-012,P1,NOT_STARTED,70-construction/714_hybrid_representation_construction.md,192,14. Normative requirements,BIM/IFC identity and properties shall remain linked to any visual-splat or proxy derivative without making the derivative the authoritative BIM deliverable.,IFC interoperability test,UNASSIGNED,CONTROLLED_POST_P0_MILESTONE,NOT_REQUIRED,NONE,,[],"[""REQ-CONHYB-012""]",[],"[""CON-004"",""PLT-002"",""PLT-004"",""QA-003"",""REC-008"",""REC-009""]","[""CON-005"",""PLT-004""]",
CONHYB-013,P1,NOT_STARTED,70-construction/714_hybrid_representation_construction.md,193,14. Normative requirements,"Offline construction packages shall apply the same spatial permissions, truth rules, expiry, audit, and measurement constraints as hosted use.",Offline field test,UNASSIGNED,CONTROLLED_POST_P0_MILESTONE,NOT_REQUIRED,NONE,,[],"[""REQ-CONHYB-013""]",[],"[""CON-004"",""PLT-002"",""PLT-004"",""QA-003"",""REC-008"",""REC-009""]","[""CON-005"",""PLT-004""]",
CONHYB-014,P1,NOT_STARTED,70-construction/714_hybrid_representation_construction.md,194,14. Normative requirements,"Reports and screenshots shall identify source scene revision, design revision, representations used, excluded areas, and measurement authority.",Reporting acceptance test,UNASSIGNED,CONTROLLED_POST_P0_MILESTONE,NOT_REQUIRED,NONE,,[],"[""REQ-CONHYB-014""]",[],"[""CON-004"",""PLT-002"",""PLT-004"",""QA-003"",""REC-008"",""REC-009""]","[""CON-005"",""PLT-004""]",
CONHYB-015,P1,NOT_STARTED,70-construction/714_hybrid_representation_construction.md,195,14. Normative requirements,"A proxy alignment failure beyond the purpose threshold shall disable affected selection, collision, navigation, or metric snapping and create a review task.",Fault-injection test,UNASSIGNED,CONTROLLED_POST_P0_MILESTONE,NOT_REQUIRED,NONE,,[],"[""REQ-CONHYB-015""]",[],"[""CON-004"",""PLT-002"",""PLT-004"",""QA-003"",""REC-008"",""REC-009""]","[""CON-005"",""PLT-004""]",
CONHYB-016,P1,NOT_STARTED,70-construction/714_hybrid_representation_construction.md,196,14. Normative requirements,Owner handoff shall include an open path to inspect or reconstruct semantic/provenance data without dependence on a single proprietary viewer.,Portability test,UNASSIGNED,CONTROLLED_POST_P0_MILESTONE,NOT_REQUIRED,NONE,,[],"[""REQ-CONHYB-016""]",[],"[""CON-004"",""PLT-002"",""PLT-004"",""QA-003"",""REC-008"",""REC-009""]","[""CON-005"",""PLT-004""]",
LIFOVR-001,P0,NOT_STARTED,80-liveforever/800_vertical_overview.md,37,4. Normative requirements,"A LiveForever project shall represent subject, contributors, family/relationships, places, objects, events, memories, media, interviews, assertions, evidence, consent, audiences, and editions.",Automated test,UNASSIGNED,FIRST_PRODUCTION_BLOCKING,NOT_REQUIRED,NONE,,[],"[""REQ-LIFOVR-001""]",[],"[""PLT-002"",""SCN-001""]","[""LIF-001""]",
LIFOVR-002,P0,IMPLEMENTED_UNVERIFIED,80-liveforever/800_vertical_overview.md,38,4. Normative requirements,Every presented factual claim shall link to source evidence or be labeled as unsourced recollection/inference/generation.,Controlled verification,SIP Engineering,FIRST_PRODUCTION_BLOCKING,NOT_REQUIRED,NONE,,"[""src/sip/liveforever.py"",""src/sip/models.py"",""src/sip/scene.py""]","[""tests/integration/test_verticals.py::test_liveforever_conflicting_recollections_generated_label_audience_revocation_and_safe_exit""]","[""build/reports/test-matrix.json"",""build/reports/tests/integration.xml"",""src/sip/liveforever.py"",""src/sip/models.py"",""src/sip/scene.py""]","[""PLT-002"",""SCN-001""]","[""LIF-001""]","Implementation and automated checks exist, but production-environment or full-scope evidence is incomplete; this requirement is intentionally not marked verified."
LIFOVR-003,P0,NOT_STARTED,80-liveforever/800_vertical_overview.md,39,4. Normative requirements,"Generated first-person dialogue, voice, likeness, or behavior shall require purpose-specific consent and persistent disclosure.",Automated test,UNASSIGNED,FIRST_PRODUCTION_BLOCKING,NOT_REQUIRED,NONE,,[],"[""REQ-LIFOVR-003""]",[],"[""PLT-002"",""SCN-001""]","[""LIF-001""]",
LIFOVR-004,P1,NOT_STARTED,80-liveforever/800_vertical_overview.md,40,4. Normative requirements,A guardian/executor workflow shall define posthumous administration without silently expanding the subject's permissions.,Controlled verification,UNASSIGNED,CONTROLLED_POST_P0_MILESTONE,NOT_REQUIRED,NONE,,[],"[""REQ-LIFOVR-004""]",[],"[""PLT-002"",""SCN-001""]","[""LIF-001""]",
LIFOVR-005,P1,NOT_STARTED,80-liveforever/800_vertical_overview.md,41,4. Normative requirements,"Users shall be able to export original media, transcripts, memory graph, consent record, and open spatial assets.",Controlled verification,UNASSIGNED,CONTROLLED_POST_P0_MILESTONE,NOT_REQUIRED,NONE,,[],"[""REQ-LIFOVR-005""]",[],"[""PLT-002"",""SCN-001""]","[""LIF-001""]",
LIFOVR-006,P1,NOT_STARTED,80-liveforever/800_vertical_overview.md,42,4. Normative requirements,"The experience shall avoid claims of consciousness, certainty, or direct communication with the deceased.",Controlled verification,UNASSIGNED,CONTROLLED_POST_P0_MILESTONE,NOT_REQUIRED,NONE,,[],"[""REQ-LIFOVR-006""]",[],"[""PLT-002"",""SCN-001""]","[""LIF-001""]",
LIFGRAPH-001,P0,NOT_STARTED,80-liveforever/801_memory_graph.md,36,4. Normative requirements,"A memory record shall include stable ID, title/working label, contributor, source class, time expression, place/object/person relationships, themes, emotional sensitivity, assertions, evidence, consent, and status.",Controlled verification,UNASSIGNED,FIRST_PRODUCTION_BLOCKING,NOT_REQUIRED,NONE,,[],"[""REQ-LIFGRAPH-001""]",[],"[""PLT-002"",""SCN-001""]","[""LIF-001""]",
LIFGRAPH-002,P0,NOT_STARTED,80-liveforever/801_memory_graph.md,37,4. Normative requirements,Approximate dates/locations shall use bounded or qualitative uncertainty rather than fabricated precision.,Controlled verification,UNASSIGNED,FIRST_PRODUCTION_BLOCKING,NOT_REQUIRED,NONE,,[],"[""REQ-LIFGRAPH-002""]",[],"[""PLT-002"",""SCN-001""]","[""LIF-001""]",
LIFGRAPH-003,P0,NOT_STARTED,80-liveforever/801_memory_graph.md,38,4. Normative requirements,A narrative edition shall reference exact memory/assertion revisions and presentation choices.,Controlled verification,UNASSIGNED,FIRST_PRODUCTION_BLOCKING,NOT_REQUIRED,NONE,,[],"[""REQ-LIFGRAPH-003""]",[],"[""PLT-002"",""SCN-001""]","[""LIF-001""]",
LIFGRAPH-004,P1,NOT_STARTED,80-liveforever/801_memory_graph.md,39,4. Normative requirements,"Family corrections shall create new assertions or revisions with provenance, not overwrite original testimony.",Controlled verification,UNASSIGNED,CONTROLLED_POST_P0_MILESTONE,NOT_REQUIRED,NONE,,[],"[""REQ-LIFGRAPH-004""]",[],"[""PLT-002"",""SCN-001""]","[""LIF-001""]",
LIFGRAPH-005,P1,NOT_STARTED,80-liveforever/801_memory_graph.md,40,4. Normative requirements,"The graph shall support private, family, invited, memorial, and public audience scopes.",Controlled verification,UNASSIGNED,CONTROLLED_POST_P0_MILESTONE,NOT_REQUIRED,NONE,,[],"[""REQ-LIFGRAPH-005""]",[],"[""PLT-002"",""SCN-001""]","[""LIF-001""]",
LIFGRAPH-006,P1,NOT_STARTED,80-liveforever/801_memory_graph.md,41,4. Normative requirements,Search and agents shall respect contributor-specific and subject-specific consent attached to graph elements.,Controlled verification,UNASSIGNED,CONTROLLED_POST_P0_MILESTONE,NOT_REQUIRED,NONE,,[],"[""REQ-LIFGRAPH-006""]",[],"[""PLT-002"",""SCN-001""]","[""LIF-001""]",
LIFINT-001,P0,NOT_STARTED,80-liveforever/802_interview_agent.md,36,4. Normative requirements,"Each session shall record participants, consent context, recording state, source media, timestamps, device, environment notes, and interruptions.",Controlled verification,UNASSIGNED,FIRST_PRODUCTION_BLOCKING,NOT_REQUIRED,NONE,,[],"[""REQ-LIFINT-001""]",[],"[""PLT-002"",""SCN-001""]","[""LIF-001""]",
LIFINT-002,P0,NOT_STARTED,80-liveforever/802_interview_agent.md,37,4. Normative requirements,Transcript segments shall link to exact audio/video time ranges and preserve speaker uncertainty.,Controlled verification,UNASSIGNED,FIRST_PRODUCTION_BLOCKING,NOT_REQUIRED,NONE,,[],"[""REQ-LIFINT-002""]",[],"[""PLT-002"",""SCN-001""]","[""LIF-001""]",
LIFINT-003,P0,NOT_STARTED,80-liveforever/802_interview_agent.md,38,4. Normative requirements,Agent-generated questions shall be stored with model/prompt lineage when they materially shape the interview.,Controlled verification,UNASSIGNED,FIRST_PRODUCTION_BLOCKING,NOT_REQUIRED,NONE,,[],"[""REQ-LIFINT-003""]",[],"[""PLT-002"",""SCN-001""]","[""LIF-001""]",
LIFINT-004,P1,NOT_STARTED,80-liveforever/802_interview_agent.md,39,4. Normative requirements,The interface shall support private markers and review before broader publication.,Controlled verification,UNASSIGNED,CONTROLLED_POST_P0_MILESTONE,NOT_REQUIRED,NONE,,[],"[""REQ-LIFINT-004""]",[],"[""PLT-002"",""SCN-001""]","[""LIF-001""]",
LIFINT-005,P1,NOT_STARTED,80-liveforever/802_interview_agent.md,40,4. Normative requirements,"Sensitive topics and distress signals shall trigger configured pacing, pause, skip, or human handoff behavior without diagnosis.",Controlled verification,UNASSIGNED,CONTROLLED_POST_P0_MILESTONE,NOT_REQUIRED,NONE,,[],"[""REQ-LIFINT-005""]",[],"[""PLT-002"",""SCN-001""]","[""LIF-001""]",
LIFINT-006,P1,NOT_STARTED,80-liveforever/802_interview_agent.md,41,4. Normative requirements,Corrections shall preserve original transcript/audio and create an edited reading layer with attribution.,Controlled verification,UNASSIGNED,CONTROLLED_POST_P0_MILESTONE,NOT_REQUIRED,NONE,,[],"[""REQ-LIFINT-006""]",[],"[""PLT-002"",""SCN-001""]","[""LIF-001""]",
LIFPLACE-001,P0,NOT_STARTED,80-liveforever/803_places_objects_people.md,36,4. Normative requirements,"Place records shall support address/region with privacy controls, names/aliases, time validity, scenes, maps, stories, and evidence.",Controlled verification,UNASSIGNED,FIRST_PRODUCTION_BLOCKING,NOT_REQUIRED,NONE,,[],"[""REQ-LIFPLACE-001""]",[],"[""PLT-002"",""SCN-001""]","[""LIF-001""]",
LIFPLACE-002,P0,NOT_STARTED,80-liveforever/803_places_objects_people.md,37,4. Normative requirements,"Object records shall support physical description, ownership/custody history, spatial anchors, photographs, documents, stories, and preservation status.",Controlled verification,UNASSIGNED,FIRST_PRODUCTION_BLOCKING,NOT_REQUIRED,NONE,,[],"[""REQ-LIFPLACE-002""]",[],"[""PLT-002"",""SCN-001""]","[""LIF-001""]",
LIFPLACE-003,P0,NOT_STARTED,80-liveforever/803_places_objects_people.md,38,4. Normative requirements,"Person records shall support names/aliases, relationships, audience/privacy, media consent, and identity evidence without requiring biometric templates.",Controlled verification,UNASSIGNED,FIRST_PRODUCTION_BLOCKING,NOT_REQUIRED,NONE,,[],"[""REQ-LIFPLACE-003""]",[],"[""PLT-002"",""SCN-001""]","[""LIF-001""]",
LIFPLACE-004,P1,NOT_STARTED,80-liveforever/803_places_objects_people.md,39,4. Normative requirements,Face or voice recognition suggestions shall remain private review items and use approved models/consent.,Controlled verification,UNASSIGNED,CONTROLLED_POST_P0_MILESTONE,NOT_REQUIRED,NONE,,[],"[""REQ-LIFPLACE-004""]",[],"[""PLT-002"",""SCN-001""]","[""LIF-001""]",
LIFPLACE-005,P1,NOT_STARTED,80-liveforever/803_places_objects_people.md,40,4. Normative requirements,A memory shall be able to refer to an unidentified person or object without forced classification.,Controlled verification,UNASSIGNED,CONTROLLED_POST_P0_MILESTONE,NOT_REQUIRED,NONE,,[],"[""REQ-LIFPLACE-005""]",[],"[""PLT-002"",""SCN-001""]","[""LIF-001""]",
LIFPLACE-006,P1,NOT_STARTED,80-liveforever/803_places_objects_people.md,41,4. Normative requirements,"Deceased, living, minor, and public-figure subjects shall support different default consent/risk policies.",Controlled verification,UNASSIGNED,CONTROLLED_POST_P0_MILESTONE,NOT_REQUIRED,NONE,,[],"[""REQ-LIFPLACE-006""]",[],"[""PLT-002"",""SCN-001""]","[""LIF-001""]",
LIFMEDIA-001,P0,NOT_STARTED,80-liveforever/804_photos_video_documents.md,36,4. Normative requirements,"Media assets shall store hash, technical metadata, source/custody, date uncertainty, people/place/object annotations, rights/consent, sensitivity, and derivative lineage.",Automated test,UNASSIGNED,FIRST_PRODUCTION_BLOCKING,NOT_REQUIRED,NONE,,[],"[""REQ-LIFMEDIA-001""]",[],"[""PLT-002"",""SCN-001""]","[""LIF-001""]",
LIFMEDIA-002,P0,NOT_STARTED,80-liveforever/804_photos_video_documents.md,37,4. Normative requirements,OCR and captions shall cite page/image regions and confidence and allow correction.,Controlled verification,UNASSIGNED,FIRST_PRODUCTION_BLOCKING,NOT_REQUIRED,NONE,,[],"[""REQ-LIFMEDIA-002""]",[],"[""PLT-002"",""SCN-001""]","[""LIF-001""]",
LIFMEDIA-003,P0,NOT_STARTED,80-liveforever/804_photos_video_documents.md,38,4. Normative requirements,"Spatial placement shall record method, transform/anchor, uncertainty, and supporting correspondences.",Controlled verification,UNASSIGNED,FIRST_PRODUCTION_BLOCKING,NOT_REQUIRED,NONE,,[],"[""REQ-LIFMEDIA-003""]",[],"[""PLT-002"",""SCN-001""]","[""LIF-001""]",
LIFMEDIA-004,P1,NOT_STARTED,80-liveforever/804_photos_video_documents.md,39,4. Normative requirements,Restoration shall never overwrite the preservation master.,Controlled verification,UNASSIGNED,CONTROLLED_POST_P0_MILESTONE,NOT_REQUIRED,NONE,,[],"[""REQ-LIFMEDIA-004""]",[],"[""PLT-002"",""SCN-001""]","[""LIF-001""]",
LIFMEDIA-005,P1,NOT_STARTED,80-liveforever/804_photos_video_documents.md,40,4. Normative requirements,The experience shall allow switching between original and restored/generated variants.,Controlled verification,UNASSIGNED,CONTROLLED_POST_P0_MILESTONE,NOT_REQUIRED,NONE,,[],"[""REQ-LIFMEDIA-005""]",[],"[""PLT-002"",""SCN-001""]","[""LIF-001""]",
LIFMEDIA-006,P1,NOT_STARTED,80-liveforever/804_photos_video_documents.md,41,4. Normative requirements,"Public editions shall enforce rights and consent, not merely project membership.",Controlled verification,UNASSIGNED,CONTROLLED_POST_P0_MILESTONE,NOT_REQUIRED,NONE,,[],"[""REQ-LIFMEDIA-006""]",[],"[""PLT-002"",""SCN-001""]","[""LIF-001""]",
LIFPRES-001,P0,NOT_STARTED,80-liveforever/805_voice_avatar_presence.md,36,4. Normative requirements,"A generated-presence consent shall define modality, purpose, audience, training data, providers, duration, posthumous behavior, prohibited topics/actions, and revocation/guardian process.",Controlled verification,UNASSIGNED,FIRST_PRODUCTION_BLOCKING,NOT_REQUIRED,NONE,,[],"[""REQ-LIFPRES-001""]",[],"[""IAM-001"",""LIF-001""]","[""LIF-002""]",
LIFPRES-002,P0,NOT_STARTED,80-liveforever/805_voice_avatar_presence.md,37,4. Normative requirements,Every generated interaction shall disclose simulation in the interface and retained session record.,Controlled verification,UNASSIGNED,FIRST_PRODUCTION_BLOCKING,NOT_REQUIRED,NONE,,[],"[""REQ-LIFPRES-002""]",[],"[""IAM-001"",""LIF-001""]","[""LIF-002""]",
LIFPRES-003,P0,NOT_STARTED,80-liveforever/805_voice_avatar_presence.md,38,4. Normative requirements,"The persona shall not make legal, financial, medical, consent, inheritance, or relationship decisions on behalf of the subject.",Controlled verification,UNASSIGNED,FIRST_PRODUCTION_BLOCKING,NOT_REQUIRED,NONE,,[],"[""REQ-LIFPRES-003""]",[],"[""IAM-001"",""LIF-001""]","[""LIF-002""]",
LIFPRES-004,P1,NOT_STARTED,80-liveforever/805_voice_avatar_presence.md,39,4. Normative requirements,Outputs shall cite or expose grounding evidence and label imaginative synthesis.,Controlled verification,UNASSIGNED,CONTROLLED_POST_P0_MILESTONE,NOT_REQUIRED,NONE,,[],"[""REQ-LIFPRES-004""]",[],"[""IAM-001"",""LIF-001""]","[""LIF-002""]",
LIFPRES-005,P1,NOT_STARTED,80-liveforever/805_voice_avatar_presence.md,40,4. Normative requirements,Model training artifacts and biometric embeddings shall use highly restricted storage and deletion controls.,Controlled verification,UNASSIGNED,CONTROLLED_POST_P0_MILESTONE,NOT_REQUIRED,NONE,,[],"[""REQ-LIFPRES-005""]",[],"[""IAM-001"",""LIF-001""]","[""LIF-002""]",
LIFPRES-006,P1,NOT_STARTED,80-liveforever/805_voice_avatar_presence.md,41,4. Normative requirements,A kill switch shall immediately disable future generation while preserving authorized audit and source records.,Controlled verification,UNASSIGNED,CONTROLLED_POST_P0_MILESTONE,NOT_REQUIRED,NONE,,[],"[""REQ-LIFPRES-006""]",[],"[""IAM-001"",""LIF-001""]","[""LIF-002""]",
LIFREC-001,P0,NOT_STARTED,80-liveforever/806_memory_reconstruction.md,36,4. Normative requirements,"A reconstruction plan shall list target time/place, source assets, testimonies, known controls, gaps, assumptions, models, human decisions, and intended audience.",Controlled verification,UNASSIGNED,FIRST_PRODUCTION_BLOCKING,NOT_REQUIRED,NONE,,[],"[""REQ-LIFREC-001""]",[],"[""LIF-001"",""LIF-002"",""REC-006"",""SCN-002""]","[""LIF-003""]",
LIFREC-002,P0,NOT_STARTED,80-liveforever/806_memory_reconstruction.md,37,4. Normative requirements,"Every reconstructed region/entity shall carry source class, supporting evidence, confidence/uncertainty, and creator/model lineage.",Controlled verification,UNASSIGNED,FIRST_PRODUCTION_BLOCKING,NOT_REQUIRED,NONE,,[],"[""REQ-LIFREC-002""]",[],"[""LIF-001"",""LIF-002"",""REC-006"",""SCN-002""]","[""LIF-003""]",
LIFREC-003,P0,NOT_STARTED,80-liveforever/806_memory_reconstruction.md,38,4. Normative requirements,Generated fill shall be togglable or visually inspectable separately from direct/source-constrained content.,Controlled verification,UNASSIGNED,FIRST_PRODUCTION_BLOCKING,NOT_REQUIRED,NONE,,[],"[""REQ-LIFREC-003""]",[],"[""LIF-001"",""LIF-002"",""REC-006"",""SCN-002""]","[""LIF-003""]",
LIFREC-004,P1,NOT_STARTED,80-liveforever/806_memory_reconstruction.md,39,4. Normative requirements,Conflicting evidence shall create alternatives or disputed attributes rather than arbitrary hidden selection.,Controlled verification,UNASSIGNED,CONTROLLED_POST_P0_MILESTONE,NOT_REQUIRED,NONE,,[],"[""REQ-LIFREC-004""]",[],"[""LIF-001"",""LIF-002"",""REC-006"",""SCN-002""]","[""LIF-003""]",
LIFREC-005,P1,NOT_STARTED,80-liveforever/806_memory_reconstruction.md,40,4. Normative requirements,The platform shall preserve current capture and historical reconstruction as distinct states.,Controlled verification,UNASSIGNED,CONTROLLED_POST_P0_MILESTONE,NOT_REQUIRED,NONE,,[],"[""REQ-LIFREC-005""]",[],"[""LIF-001"",""LIF-002"",""REC-006"",""SCN-002""]","[""LIF-003""]",
LIFREC-006,P1,NOT_STARTED,80-liveforever/806_memory_reconstruction.md,41,4. Normative requirements,A reconstruction edition shall include a limitations statement understandable to family viewers.,Controlled verification,UNASSIGNED,CONTROLLED_POST_P0_MILESTONE,NOT_REQUIRED,NONE,,[],"[""REQ-LIFREC-006""]",[],"[""LIF-001"",""LIF-002"",""REC-006"",""SCN-002""]","[""LIF-003""]",
LIFDISP-001,P0,NOT_STARTED,80-liveforever/807_conflicting_memories.md,36,4. Normative requirements,"A dispute record shall identify assertions, contributors, issue, evidence, visibility, status, and resolution/edition decision.",Controlled verification,UNASSIGNED,FIRST_PRODUCTION_BLOCKING,NOT_REQUIRED,NONE,,[],"[""REQ-LIFDISP-001""]",[],"[""LIF-001"",""LIF-002"",""REC-006"",""SCN-002""]","[""LIF-003""]",
LIFDISP-002,P0,NOT_STARTED,80-liveforever/807_conflicting_memories.md,37,4. Normative requirements,"Corrections shall distinguish transcription correction, factual correction, contributor retraction, consent restriction, and alternate interpretation.",Controlled verification,UNASSIGNED,FIRST_PRODUCTION_BLOCKING,NOT_REQUIRED,NONE,,[],"[""REQ-LIFDISP-002""]",[],"[""LIF-001"",""LIF-002"",""REC-006"",""SCN-002""]","[""LIF-003""]",
LIFDISP-003,P0,NOT_STARTED,80-liveforever/807_conflicting_memories.md,38,4. Normative requirements,A contributor shall be able to restrict their own account subject to agreed shared/preservation policy.,Controlled verification,UNASSIGNED,FIRST_PRODUCTION_BLOCKING,NOT_REQUIRED,NONE,,[],"[""REQ-LIFDISP-003""]",[],"[""LIF-001"",""LIF-002"",""REC-006"",""SCN-002""]","[""LIF-003""]",
LIFDISP-004,P1,NOT_STARTED,80-liveforever/807_conflicting_memories.md,39,4. Normative requirements,The system shall not use majority vote as proof of factual certainty.,Controlled verification,UNASSIGNED,CONTROLLED_POST_P0_MILESTONE,NOT_REQUIRED,NONE,,[],"[""REQ-LIFDISP-004""]",[],"[""LIF-001"",""LIF-002"",""REC-006"",""SCN-002""]","[""LIF-003""]",
LIFDISP-005,P1,NOT_STARTED,80-liveforever/807_conflicting_memories.md,40,4. Normative requirements,Agents shall present conflicts neutrally and cite sources rather than choosing a favorite account without policy.,Controlled verification,UNASSIGNED,CONTROLLED_POST_P0_MILESTONE,NOT_REQUIRED,NONE,,[],"[""REQ-LIFDISP-005""]",[],"[""LIF-001"",""LIF-002"",""REC-006"",""SCN-002""]","[""LIF-003""]",
LIFDISP-006,P1,NOT_STARTED,80-liveforever/807_conflicting_memories.md,41,4. Normative requirements,Public editions shall disclose material unresolved disputes when omission would create a misleading narrative.,Controlled verification,UNASSIGNED,CONTROLLED_POST_P0_MILESTONE,NOT_REQUIRED,NONE,,[],"[""REQ-LIFDISP-006""]",[],"[""LIF-001"",""LIF-002"",""REC-006"",""SCN-002""]","[""LIF-003""]",
LIFCONS-001,P0,NOT_STARTED,80-liveforever/808_consent_privacy_family_governance.md,36,4. Normative requirements,"Consent records shall include grantor, authority basis, subject/data scope, processing purposes, modalities, audiences, providers, geography, effective/expiry, revocation, posthumous rules, and evidence.",Controlled verification,UNASSIGNED,FIRST_PRODUCTION_BLOCKING,NOT_REQUIRED,NONE,,[],"[""REQ-LIFCONS-001""]",[],"[""IAM-001"",""LIF-001""]","[""LIF-002""]",
LIFCONS-002,P0,IN_PROGRESS,80-liveforever/808_consent_privacy_family_governance.md,37,4. Normative requirements,"The policy engine shall evaluate all applicable subject, contributor, third-party, minor, and audience restrictions.",Controlled verification,SIP Engineering,FIRST_PRODUCTION_BLOCKING,NOT_REQUIRED,NONE,,"[""src/sip/liveforever.py"",""src/sip/policy.py"",""src/sip/search.py"",""src/sip/exporting.py""]","[""tests/privacy/test_policy_propagation.py::test_liveforever_revocation_removes_derivative_from_all_affected_audiences""]","[""build/evidence/demos/liveforever.json"",""build/reports/test-matrix.json"",""build/reports/tests/privacy.xml""]","[""IAM-001"",""LIF-001""]","[""LIF-002""]","A controlled implementation/test boundary exists, but the normative requirement is broader than the retained evidence and remains in progress."
LIFCONS-003,P0,NOT_STARTED,80-liveforever/808_consent_privacy_family_governance.md,38,4. Normative requirements,A guardian/executor transition shall require documented authority and cannot enable prohibited generated presence.,Controlled verification,UNASSIGNED,FIRST_PRODUCTION_BLOCKING,NOT_REQUIRED,NONE,,[],"[""REQ-LIFCONS-003""]",[],"[""IAM-001"",""LIF-001""]","[""LIF-002""]",
LIFCONS-004,P1,NOT_STARTED,80-liveforever/808_consent_privacy_family_governance.md,39,4. Normative requirements,"The system shall support sealed/private, family, named-invite, memorial-event, and public editions with separate assets if needed.",Automated test,UNASSIGNED,CONTROLLED_POST_P0_MILESTONE,NOT_REQUIRED,NONE,,[],"[""REQ-LIFCONS-004""]",[],"[""IAM-001"",""LIF-001""]","[""LIF-002""]",
LIFCONS-005,P1,IMPLEMENTED_UNVERIFIED,80-liveforever/808_consent_privacy_family_governance.md,40,4. Normative requirements,Revocation shall stop new processing immediately and initiate derivative review/deletion/restriction according to policy.,Controlled verification,SIP Engineering,CONTROLLED_POST_P0_MILESTONE,NOT_REQUIRED,NONE,,"[""src/sip/liveforever.py"",""src/sip/policy.py"",""src/sip/search.py"",""src/sip/exporting.py""]","[""tests/integration/test_verticals.py::test_liveforever_conflicting_recollections_generated_label_audience_revocation_and_safe_exit""]","[""build/evidence/demos/liveforever.json"",""build/reports/test-matrix.json"",""build/reports/tests/integration.xml""]","[""IAM-001"",""LIF-001""]","[""LIF-002""]","Implementation and automated checks exist, but production-environment or full-scope evidence is incomplete; this requirement is intentionally not marked verified."
LIFCONS-006,P1,NOT_STARTED,80-liveforever/808_consent_privacy_family_governance.md,41,4. Normative requirements,Disputed authority shall freeze high-risk changes while preserving access needed for due process and safety.,Controlled verification,UNASSIGNED,CONTROLLED_POST_P0_MILESTONE,NOT_REQUIRED,NONE,,[],"[""REQ-LIFCONS-006""]",[],"[""IAM-001"",""LIF-001""]","[""LIF-002""]",
LIFLABEL-001,P0,NOT_STARTED,80-liveforever/809_ai_truth_labels.md,36,4. Normative requirements,"The platform shall support at minimum: direct_capture, source_document, first_person_recollection, witness_recollection, corroborated_synthesis, inferred, reconstructed, restored, generated, artistic, disputed, and unknown.",Controlled verification,UNASSIGNED,FIRST_PRODUCTION_BLOCKING,NOT_REQUIRED,NONE,,[],"[""REQ-LIFLABEL-001""]",[],"[""IAM-001"",""LIF-001"",""LIF-002"",""REC-006"",""SCN-002""]","[""LIF-002"",""LIF-003""]",
LIFLABEL-002,P0,NOT_STARTED,80-liveforever/809_ai_truth_labels.md,37,4. Normative requirements,"Generated or reconstructed content shall retain model, prompt/instructions, inputs, operator decisions, and output hash where policy permits.",Automated test,UNASSIGNED,FIRST_PRODUCTION_BLOCKING,NOT_REQUIRED,NONE,,[],"[""REQ-LIFLABEL-002""]",[],"[""IAM-001"",""LIF-001"",""LIF-002"",""REC-006"",""SCN-002""]","[""LIF-002"",""LIF-003""]",
LIFLABEL-003,P0,NOT_STARTED,80-liveforever/809_ai_truth_labels.md,38,4. Normative requirements,The viewer shall show labels at first meaningful presentation and on demand at region/entity/assertion detail.,Controlled verification,UNASSIGNED,FIRST_PRODUCTION_BLOCKING,NOT_REQUIRED,NONE,,[],"[""REQ-LIFLABEL-003""]",[],"[""IAM-001"",""LIF-001"",""LIF-002"",""REC-006"",""SCN-002""]","[""LIF-002"",""LIF-003""]",
LIFLABEL-004,P1,NOT_STARTED,80-liveforever/809_ai_truth_labels.md,39,4. Normative requirements,Static exports shall include legends and source labels that cannot be cropped away without altering the export artifact.,Controlled verification,UNASSIGNED,CONTROLLED_POST_P0_MILESTONE,NOT_REQUIRED,NONE,,[],"[""REQ-LIFLABEL-004""]",[],"[""IAM-001"",""LIF-001"",""LIF-002"",""REC-006"",""SCN-002""]","[""LIF-002"",""LIF-003""]",
LIFLABEL-005,P1,NOT_STARTED,80-liveforever/809_ai_truth_labels.md,40,4. Normative requirements,Agents shall include source labels in factual answers and cannot paraphrase generated dialogue as a quote.,Controlled verification,UNASSIGNED,CONTROLLED_POST_P0_MILESTONE,NOT_REQUIRED,NONE,,[],"[""REQ-LIFLABEL-005""]",[],"[""IAM-001"",""LIF-001"",""LIF-002"",""REC-006"",""SCN-002""]","[""LIF-002"",""LIF-003""]",
LIFLABEL-006,P1,NOT_STARTED,80-liveforever/809_ai_truth_labels.md,41,4. Normative requirements,"Automated tests shall verify labels survive scene commits, reports, share links, exports, and offline bundles.",Controlled verification,UNASSIGNED,CONTROLLED_POST_P0_MILESTONE,NOT_REQUIRED,NONE,,[],"[""REQ-LIFLABEL-006""]",[],"[""IAM-001"",""LIF-001"",""LIF-002"",""REC-006"",""SCN-002""]","[""LIF-002"",""LIF-003""]",
LIFUX-001,P0,NOT_STARTED,80-liveforever/810_experience_design.md,36,4. Normative requirements,"Users shall control autoplay, voice, generated presence, ambient sound, animation, and content sensitivity.",Controlled verification,UNASSIGNED,FIRST_PRODUCTION_BLOCKING,NOT_REQUIRED,NONE,,[],"[""REQ-LIFUX-001""]",[],"[""LIF-001"",""LIF-002"",""LIF-003"",""PLT-004"",""QA-003"",""REC-006"",""SCN-002""]","[""LIF-003"",""LIF-004""]",
LIFUX-002,P0,NOT_STARTED,80-liveforever/810_experience_design.md,37,4. Normative requirements,Every story shall have transcript/captions and source/evidence access when authorized.,Controlled verification,UNASSIGNED,FIRST_PRODUCTION_BLOCKING,NOT_REQUIRED,NONE,,[],"[""REQ-LIFUX-002""]",[],"[""LIF-001"",""LIF-002"",""LIF-003"",""PLT-004"",""QA-003"",""REC-006"",""SCN-002""]","[""LIF-003"",""LIF-004""]",
LIFUX-003,P0,NOT_STARTED,80-liveforever/810_experience_design.md,38,4. Normative requirements,The interface shall warn before highly sensitive or potentially distressing content according to contributor labeling and user preference.,Controlled verification,UNASSIGNED,FIRST_PRODUCTION_BLOCKING,NOT_REQUIRED,NONE,,[],"[""REQ-LIFUX-003""]",[],"[""LIF-001"",""LIF-002"",""LIF-003"",""PLT-004"",""QA-003"",""REC-006"",""SCN-002""]","[""LIF-003"",""LIF-004""]",
LIFUX-004,P1,NOT_STARTED,80-liveforever/810_experience_design.md,39,4. Normative requirements,Family contributions shall enter review without modifying a published edition automatically.,Controlled verification,UNASSIGNED,CONTROLLED_POST_P0_MILESTONE,NOT_REQUIRED,NONE,,[],"[""REQ-LIFUX-004""]",[],"[""LIF-001"",""LIF-002"",""LIF-003"",""PLT-004"",""QA-003"",""REC-006"",""SCN-002""]","[""LIF-003"",""LIF-004""]",
LIFUX-005,P1,NOT_STARTED,80-liveforever/810_experience_design.md,40,4. Normative requirements,"The experience shall provide clear exit, pause, and return-to-neutral-space controls.",Controlled verification,UNASSIGNED,CONTROLLED_POST_P0_MILESTONE,NOT_REQUIRED,NONE,,[],"[""REQ-LIFUX-005""]",[],"[""LIF-001"",""LIF-002"",""LIF-003"",""PLT-004"",""QA-003"",""REC-006"",""SCN-002""]","[""LIF-003"",""LIF-004""]",
LIFUX-006,P1,NOT_STARTED,80-liveforever/810_experience_design.md,41,4. Normative requirements,A saved narrative path shall record edition and scene commits so future updates do not silently change it.,Controlled verification,UNASSIGNED,CONTROLLED_POST_P0_MILESTONE,NOT_REQUIRED,NONE,,[],"[""REQ-LIFUX-006""]",[],"[""LIF-001"",""LIF-002"",""LIF-003"",""PLT-004"",""QA-003"",""REC-006"",""SCN-002""]","[""LIF-003"",""LIF-004""]",
LIFEXP-007,P0,NOT_STARTED,80-liveforever/810_experience_design.md,136,15. Version 1.1 navigable hybrid memory spaces,"Free locomotion shall require accepted scale, walkability, opening, stair/fall, spawn, and safe-exit checks.",Immersive safety test,UNASSIGNED,FIRST_PRODUCTION_BLOCKING,NOT_REQUIRED,NONE,,[],"[""REQ-LIFEXP-007""]",[],"[""LIF-001"",""LIF-002"",""LIF-003"",""PLT-004"",""QA-003"",""REC-006"",""SCN-002""]","[""LIF-003"",""LIF-004""]",
LIFEXP-008,P0,NOT_STARTED,80-liveforever/810_experience_design.md,137,15. Version 1.1 navigable hybrid memory spaces,"Spatial triggers shall not bypass consent, audience, truth-label, quiet-mode, synthetic-presence, or stop controls.",End-to-end policy test,UNASSIGNED,FIRST_PRODUCTION_BLOCKING,NOT_REQUIRED,NONE,,[],"[""REQ-LIFEXP-008""]",[],"[""LIF-001"",""LIF-002"",""LIF-003"",""PLT-004"",""QA-003"",""REC-006"",""SCN-002""]","[""LIF-003"",""LIF-004""]",
LIFEXP-009,P0,NOT_STARTED,80-liveforever/810_experience_design.md,138,15. Version 1.1 navigable hybrid memory spaces,An interaction proxy shall not be presented as evidence that an object or event historically existed at a location.,Truth-label test,UNASSIGNED,FIRST_PRODUCTION_BLOCKING,NOT_REQUIRED,NONE,,[],"[""REQ-LIFEXP-009""]",[],"[""LIF-001"",""LIF-002"",""LIF-003"",""PLT-004"",""QA-003"",""REC-006"",""SCN-002""]","[""LIF-003"",""LIF-004""]",
LIFEXP-010,P1,NOT_STARTED,80-liveforever/810_experience_design.md,139,15. Version 1.1 navigable hybrid memory spaces,"Guided, seated, teleport, 2D/source, transcript/audio, and evidence alternatives shall be available as appropriate.",Accessibility test,UNASSIGNED,CONTROLLED_POST_P0_MILESTONE,NOT_REQUIRED,NONE,,[],"[""REQ-LIFEXP-010""]",[],"[""LIF-001"",""LIF-002"",""LIF-003"",""PLT-004"",""QA-003"",""REC-006"",""SCN-002""]","[""LIF-003"",""LIF-004""]",
LIFEXP-011,P1,NOT_STARTED,80-liveforever/810_experience_design.md,140,15. Version 1.1 navigable hybrid memory spaces,Proxy replacement shall preserve story/object/person/media anchors or route unresolved anchors to family review.,Remesh test,UNASSIGNED,CONTROLLED_POST_P0_MILESTONE,NOT_REQUIRED,NONE,,[],"[""REQ-LIFEXP-011""]",[],"[""LIF-001"",""LIF-002"",""LIF-003"",""PLT-004"",""QA-003"",""REC-006"",""SCN-002""]","[""LIF-003"",""LIF-004""]",
LIFEXP-012,P1,NOT_STARTED,80-liveforever/810_experience_design.md,141,15. Version 1.1 navigable hybrid memory spaces,A non-splat preservation experience shall remain usable when the preferred renderer is unavailable.,Preservation test,UNASSIGNED,CONTROLLED_POST_P0_MILESTONE,NOT_REQUIRED,NONE,,[],"[""REQ-LIFEXP-012""]",[],"[""LIF-001"",""LIF-002"",""LIF-003"",""PLT-004"",""QA-003"",""REC-006"",""SCN-002""]","[""LIF-003"",""LIF-004""]",
LIFPRESV-001,P0,NOT_STARTED,80-liveforever/811_long_term_preservation.md,36,4. Normative requirements,"Preservation packages shall include originals, technical metadata, rights/consent, transcripts, memory graph, scene/evidence manifests, open spatial assets, checksums, and human-readable guides.",Controlled verification,UNASSIGNED,FIRST_PRODUCTION_BLOCKING,NOT_REQUIRED,NONE,,[],"[""REQ-LIFPRESV-001""]",[],"[""LIF-001"",""LIF-002"",""OPS-001"",""OPS-003"",""REC-006"",""SCN-002""]","[""LIF-003"",""OPS-004""]",
LIFPRESV-002,P0,NOT_STARTED,80-liveforever/811_long_term_preservation.md,37,4. Normative requirements,The system shall perform scheduled fixity checks and repair from independent replicas when authorized.,Controlled verification,UNASSIGNED,FIRST_PRODUCTION_BLOCKING,NOT_REQUIRED,NONE,,[],"[""REQ-LIFPRESV-002""]",[],"[""LIF-001"",""LIF-002"",""OPS-001"",""OPS-003"",""REC-006"",""SCN-002""]","[""LIF-003"",""OPS-004""]",
LIFPRESV-003,P0,NOT_STARTED,80-liveforever/811_long_term_preservation.md,38,4. Normative requirements,Format migration shall preserve originals and create documented derivatives with validation.,Controlled verification,UNASSIGNED,FIRST_PRODUCTION_BLOCKING,NOT_REQUIRED,NONE,,[],"[""REQ-LIFPRESV-003""]",[],"[""LIF-001"",""LIF-002"",""OPS-001"",""OPS-003"",""REC-006"",""SCN-002""]","[""LIF-003"",""OPS-004""]",
LIFPRESV-004,P1,NOT_STARTED,80-liveforever/811_long_term_preservation.md,39,4. Normative requirements,At least one edition shall be viewable without a proprietary cloud API.,Automated test,UNASSIGNED,CONTROLLED_POST_P0_MILESTONE,NOT_REQUIRED,NONE,,[],"[""REQ-LIFPRESV-004""]",[],"[""LIF-001"",""LIF-002"",""OPS-001"",""OPS-003"",""REC-006"",""SCN-002""]","[""LIF-003"",""OPS-004""]",
LIFPRESV-005,P1,NOT_STARTED,80-liveforever/811_long_term_preservation.md,40,4. Normative requirements,"Succession plans shall define administrators, recovery methods, keys, billing/retention choices, and prohibited uses.",Controlled verification,UNASSIGNED,CONTROLLED_POST_P0_MILESTONE,NOT_REQUIRED,NONE,,[],"[""REQ-LIFPRESV-005""]",[],"[""LIF-001"",""LIF-002"",""OPS-001"",""OPS-003"",""REC-006"",""SCN-002""]","[""LIF-003"",""OPS-004""]",
LIFPRESV-006,P1,NOT_STARTED,80-liveforever/811_long_term_preservation.md,41,4. Normative requirements,"Service shutdown planning shall include bulk export, key handoff or cryptographic deletion, and clear family notice.",Controlled verification,UNASSIGNED,CONTROLLED_POST_P0_MILESTONE,NOT_REQUIRED,NONE,,[],"[""REQ-LIFPRESV-006""]",[],"[""LIF-001"",""LIF-002"",""OPS-001"",""OPS-003"",""REC-006"",""SCN-002""]","[""LIF-003"",""OPS-004""]",
LIFTEST-001,P0,NOT_STARTED,80-liveforever/812_liveforever_acceptance_tests.md,36,4. Normative requirements,"The pilot shall capture one meaningful room, at least three spatially anchored interview stories, photographs/documents, one object, and a timeline.",Controlled verification,UNASSIGNED,FIRST_PRODUCTION_BLOCKING,NOT_REQUIRED,NONE,,[],"[""REQ-LIFTEST-001""]",[],"[""CON-004"",""LIF-003"",""OPS-004"",""QA-001""]","[""QA-002""]",
LIFTEST-002,P0,NOT_STARTED,80-liveforever/812_liveforever_acceptance_tests.md,37,4. Normative requirements,"The pilot shall demonstrate direct evidence, uncertain date, conflicting recollection, source-constrained reconstruction, and clearly labeled generated fill.",Controlled verification,UNASSIGNED,FIRST_PRODUCTION_BLOCKING,NOT_REQUIRED,NONE,,[],"[""REQ-LIFTEST-002""]",[],"[""CON-004"",""LIF-003"",""OPS-004"",""QA-001""]","[""QA-002""]",
LIFTEST-003,P0,NOT_STARTED,80-liveforever/812_liveforever_acceptance_tests.md,38,4. Normative requirements,"A contributor shall restrict one segment and the restriction shall propagate to search, viewer, agent, reports, share links, and export.",Controlled verification,UNASSIGNED,FIRST_PRODUCTION_BLOCKING,NOT_REQUIRED,NONE,,[],"[""REQ-LIFTEST-003""]",[],"[""CON-004"",""LIF-003"",""OPS-004"",""QA-001""]","[""QA-002""]",
LIFTEST-004,P1,NOT_STARTED,80-liveforever/812_liveforever_acceptance_tests.md,39,4. Normative requirements,A family reviewer shall propose a correction without altering the original recording/transcript.,Controlled verification,UNASSIGNED,CONTROLLED_POST_P0_MILESTONE,NOT_REQUIRED,NONE,,[],"[""REQ-LIFTEST-004""]",[],"[""CON-004"",""LIF-003"",""OPS-004"",""QA-001""]","[""QA-002""]",
LIFTEST-005,P1,IN_PROGRESS,80-liveforever/812_liveforever_acceptance_tests.md,40,4. Normative requirements,"The system shall export an offline package with originals, transcript, graph, scene, labels, consent summary, and checksums.",Controlled verification,SIP Engineering,CONTROLLED_POST_P0_MILESTONE,NOT_REQUIRED,NONE,,"[""src/sip/liveforever.py"",""src/sip/exporting.py"",""tools/run_demo.py"",""verticals/liveforever""]","[""tests/acceptance/test_vertical_demonstrations.py::test_liveforever_synthetic_acceptance_demonstration""]","[""build/evidence/demos/liveforever.json"",""build/reports/test-matrix.json"",""build/reports/tests/acceptance.xml""]","[""CON-004"",""LIF-003"",""OPS-004"",""QA-001""]","[""QA-002""]","A controlled implementation/test boundary exists, but the normative requirement is broader than the retained evidence and remains in progress."
LIFTEST-006,P1,NOT_STARTED,80-liveforever/812_liveforever_acceptance_tests.md,41,4. Normative requirements,"Accessibility tests shall cover captions, keyboard navigation, screen-reader metadata, reduced motion, and non-voice experience.",Controlled verification,UNASSIGNED,CONTROLLED_POST_P0_MILESTONE,NOT_REQUIRED,NONE,,[],"[""REQ-LIFTEST-006""]",[],"[""CON-004"",""LIF-003"",""OPS-004"",""QA-001""]","[""QA-002""]",
LIFDEMO-001,P0,NOT_STARTED,80-liveforever/813_liveforever_demo_scenario.md,36,4. Normative requirements,"The subject shall create consent/audience settings, capture the room, scan a meaningful object, and record an interview.",Controlled verification,UNASSIGNED,FIRST_PRODUCTION_BLOCKING,NOT_REQUIRED,NONE,,[],"[""REQ-LIFDEMO-001""]",[],"[""LIF-003"",""PLT-004"",""QA-003""]","[""LIF-004""]",
LIFDEMO-002,P0,NOT_STARTED,80-liveforever/813_liveforever_demo_scenario.md,37,4. Normative requirements,The platform shall transcribe and anchor stories to the room/object while preserving source time ranges.,Controlled verification,UNASSIGNED,FIRST_PRODUCTION_BLOCKING,NOT_REQUIRED,NONE,,[],"[""REQ-LIFDEMO-002""]",[],"[""LIF-003"",""PLT-004"",""QA-003""]","[""LIF-004""]",
LIFDEMO-003,P0,NOT_STARTED,80-liveforever/813_liveforever_demo_scenario.md,38,4. Normative requirements,Old photographs shall be placed with method/uncertainty and shown in evidence view.,Controlled verification,UNASSIGNED,FIRST_PRODUCTION_BLOCKING,NOT_REQUIRED,NONE,,[],"[""REQ-LIFDEMO-003""]",[],"[""LIF-003"",""PLT-004"",""QA-003""]","[""LIF-004""]",
LIFDEMO-004,P1,VERIFIED,80-liveforever/813_liveforever_demo_scenario.md,39,4. Normative requirements,A historical room element shall be reconstructed with visible source coverage and generated-gap labeling.,Controlled verification,SIP Engineering,CONTROLLED_POST_P0_MILESTONE,NOT_REQUIRED,NONE,,"[""src/sip/liveforever.py"",""tools/run_demo.py"",""docs/user/LIVEFOREVER.md"",""verticals/liveforever""]","[""tests/acceptance/test_vertical_demonstrations.py::test_liveforever_synthetic_acceptance_demonstration""]","[""build/evidence/demos/liveforever.json"",""build/reports/test-matrix.json"",""build/reports/tests/acceptance.xml""]","[""LIF-003"",""PLT-004"",""QA-003""]","[""LIF-004""]","Verified in the deterministic local reference profile by the exact linked automated test(s) and retained evidence; no external hardware, cloud, GPU, legal, or customer-pilot result is inferred."
LIFDEMO-005,P1,VERIFIED,80-liveforever/813_liveforever_demo_scenario.md,40,4. Normative requirements,A family contributor shall add an alternate recollection and the edition shall present both without overwriting either.,Controlled verification,SIP Engineering,CONTROLLED_POST_P0_MILESTONE,NOT_REQUIRED,NONE,,"[""src/sip/liveforever.py"",""tools/run_demo.py"",""docs/user/LIVEFOREVER.md"",""verticals/liveforever""]","[""tests/acceptance/test_vertical_demonstrations.py::test_liveforever_synthetic_acceptance_demonstration""]","[""build/evidence/demos/liveforever.json"",""build/reports/test-matrix.json"",""build/reports/tests/acceptance.xml""]","[""LIF-003"",""PLT-004"",""QA-003""]","[""LIF-004""]","Verified in the deterministic local reference profile by the exact linked automated test(s) and retained evidence; no external hardware, cloud, GPU, legal, or customer-pilot result is inferred."
LIFDEMO-006,P1,NOT_STARTED,80-liveforever/813_liveforever_demo_scenario.md,41,4. Normative requirements,The demo shall produce a private family share and an offline preservation export with different permissions.,Controlled verification,UNASSIGNED,CONTROLLED_POST_P0_MILESTONE,NOT_REQUIRED,NONE,,[],"[""REQ-LIFDEMO-006""]",[],"[""LIF-003"",""PLT-004"",""QA-003""]","[""LIF-004""]",
LIFHYB-001,P0,NOT_STARTED,80-liveforever/814_hybrid_representation_liveforever.md,189,14. Normative requirements,"LiveForever shall keep captured place, historical reconstruction, generated interpretation, semantic memory, and evidence roles separately identifiable.",Schema and viewer test,UNASSIGNED,FIRST_PRODUCTION_BLOCKING,NOT_REQUIRED,NONE,,[],"[""REQ-LIFHYB-001""]",[],"[""LIF-003"",""PLT-002"",""PLT-004"",""QA-003"",""REC-008"",""REC-009""]","[""LIF-004"",""PLT-004""]",
LIFHYB-002,P0,NOT_STARTED,80-liveforever/814_hybrid_representation_liveforever.md,190,14. Normative requirements,"A proxy or visual reconstruction shall not establish historical certainty, identity, speech, intent, relationship, or event occurrence without supporting evidence.",Truth-policy test,UNASSIGNED,FIRST_PRODUCTION_BLOCKING,NOT_REQUIRED,NONE,,[],"[""REQ-LIFHYB-002""]",[],"[""LIF-003"",""PLT-002"",""PLT-004"",""QA-003"",""REC-008"",""REC-009""]","[""LIF-004"",""PLT-004""]",
LIFHYB-003,P0,NOT_STARTED,80-liveforever/814_hybrid_representation_liveforever.md,191,14. Normative requirements,"Memory identity and evidence shall survive proxy regeneration, splat retraining, tiling, and renderer replacement.",Remapping and migration test,UNASSIGNED,FIRST_PRODUCTION_BLOCKING,NOT_REQUIRED,NONE,,[],"[""REQ-LIFHYB-003""]",[],"[""LIF-003"",""PLT-002"",""PLT-004"",""QA-003"",""REC-008"",""REC-009""]","[""LIF-004"",""PLT-004""]",
LIFHYB-004,P0,NOT_STARTED,80-liveforever/814_hybrid_representation_liveforever.md,192,14. Normative requirements,"Every visual, proxy, collision, navigation, screenshot, and export derivative shall inherit applicable consent, audience, retention, and deletion dependencies.",Consent propagation test,UNASSIGNED,FIRST_PRODUCTION_BLOCKING,NOT_REQUIRED,NONE,,[],"[""REQ-LIFHYB-004""]",[],"[""LIF-003"",""PLT-002"",""PLT-004"",""QA-003"",""REC-008"",""REC-009""]","[""LIF-004"",""PLT-004""]",
LIFHYB-005,P0,NOT_STARTED,80-liveforever/814_hybrid_representation_liveforever.md,193,14. Normative requirements,Generated or artistically reconstructed regions and objects shall remain machine-readable and visibly labeled and shall never be reused as source evidence.,Generation-lineage test,UNASSIGNED,FIRST_PRODUCTION_BLOCKING,NOT_REQUIRED,NONE,,[],"[""REQ-LIFHYB-005""]",[],"[""LIF-003"",""PLT-002"",""PLT-004"",""QA-003"",""REC-008"",""REC-009""]","[""LIF-004"",""PLT-004""]",
LIFHYB-006,P0,NOT_STARTED,80-liveforever/814_hybrid_representation_liveforever.md,194,14. Normative requirements,Conflicting or alternate reconstructions shall be able to coexist without forcing one branch to appear as settled fact.,Alternate-memory scenario,UNASSIGNED,FIRST_PRODUCTION_BLOCKING,NOT_REQUIRED,NONE,,[],"[""REQ-LIFHYB-006""]",[],"[""LIF-003"",""PLT-002"",""PLT-004"",""QA-003"",""REC-008"",""REC-009""]","[""LIF-004"",""PLT-004""]",
LIFHYB-007,P0,IMPLEMENTED_UNVERIFIED,80-liveforever/814_hybrid_representation_liveforever.md,195,14. Normative requirements,"A person likeness, voice, gesture, dialogue, or first-person agent shall remain disabled unless the separate consent and safety gates authorize it.",Safety policy test,SIP Engineering,FIRST_PRODUCTION_BLOCKING,NOT_REQUIRED,NONE,,"[""src/sip/liveforever.py"",""src/sip/policy.py"",""apps/web""]","[""tests/integration/test_verticals.py::test_liveforever_conflicting_recollections_generated_label_audience_revocation_and_safe_exit""]","[""apps/web"",""build/reports/test-matrix.json"",""build/reports/tests/integration.xml"",""src/sip/liveforever.py"",""src/sip/policy.py""]","[""LIF-003"",""PLT-002"",""PLT-004"",""QA-003"",""REC-008"",""REC-009""]","[""LIF-004"",""PLT-004""]","Implementation and automated checks exist, but production-environment or full-scope evidence is incomplete; this requirement is intentionally not marked verified."
LIFHYB-008,P0,NOT_STARTED,80-liveforever/814_hybrid_representation_liveforever.md,196,14. Normative requirements,Sensitive private-place data shall not be sent to an unapproved hosted conversion or editing provider.,External-provider security test,UNASSIGNED,FIRST_PRODUCTION_BLOCKING,NOT_REQUIRED,NONE,,[],"[""REQ-LIFHYB-008""]",[],"[""LIF-003"",""PLT-002"",""PLT-004"",""QA-003"",""REC-008"",""REC-009""]","[""LIF-004"",""PLT-004""]",
LIFHYB-009,P1,NOT_STARTED,80-liveforever/814_hybrid_representation_liveforever.md,197,14. Normative requirements,The experience shall support evidence reveal from a spatial memory or object within the current audience policy.,Evidence UX test,UNASSIGNED,CONTROLLED_POST_P0_MILESTONE,NOT_REQUIRED,NONE,,[],"[""REQ-LIFHYB-009""]",[],"[""LIF-003"",""PLT-002"",""PLT-004"",""QA-003"",""REC-008"",""REC-009""]","[""LIF-004"",""PLT-004""]",
LIFHYB-010,P1,NOT_STARTED,80-liveforever/814_hybrid_representation_liveforever.md,198,14. Normative requirements,"Collision/navigation shall be non-safety-critical and shall provide teleport, guided transition, bounded navigation, or no-entry fallback for uncertain geometry.",VR/desktop navigation test,UNASSIGNED,CONTROLLED_POST_P0_MILESTONE,NOT_REQUIRED,NONE,,[],"[""REQ-LIFHYB-010""]",[],"[""LIF-003"",""PLT-002"",""PLT-004"",""QA-003"",""REC-008"",""REC-009""]","[""LIF-004"",""PLT-004""]",
LIFHYB-011,P1,IMPLEMENTED_UNVERIFIED,80-liveforever/814_hybrid_representation_liveforever.md,199,14. Normative requirements,"Quiet mode, immediate safe exit, reduced motion, captions/transcripts, and non-immersive alternatives shall be available.",Accessibility and emotional-safety test,SIP Engineering,CONTROLLED_POST_P0_MILESTONE,NOT_REQUIRED,NONE,,"[""src/sip/liveforever.py"",""src/sip/policy.py"",""apps/web""]","[""tests/integration/test_verticals.py::test_liveforever_conflicting_recollections_generated_label_audience_revocation_and_safe_exit""]","[""apps/web"",""build/reports/test-matrix.json"",""build/reports/tests/integration.xml"",""src/sip/liveforever.py"",""src/sip/policy.py""]","[""LIF-003"",""PLT-002"",""PLT-004"",""QA-003"",""REC-008"",""REC-009""]","[""LIF-004"",""PLT-004""]","Implementation and automated checks exist, but production-environment or full-scope evidence is incomplete; this requirement is intentionally not marked verified."
LIFHYB-012,P1,NOT_STARTED,80-liveforever/814_hybrid_representation_liveforever.md,200,14. Normative requirements,"Spatialized archival, restored, reenacted, ambient, and synthesized audio shall retain distinct provenance labels.",Audio provenance test,UNASSIGNED,CONTROLLED_POST_P0_MILESTONE,NOT_REQUIRED,NONE,,[],"[""REQ-LIFHYB-012""]",[],"[""LIF-003"",""PLT-002"",""PLT-004"",""QA-003"",""REC-008"",""REC-009""]","[""LIF-004"",""PLT-004""]",
LIFHYB-013,P1,NOT_STARTED,80-liveforever/814_hybrid_representation_liveforever.md,201,14. Normative requirements,A historical branch shall declare the source class of each material element or region at the granularity supported by the reconstruction.,Branch manifest test,UNASSIGNED,CONTROLLED_POST_P0_MILESTONE,NOT_REQUIRED,NONE,,[],"[""REQ-LIFHYB-013""]",[],"[""LIF-003"",""PLT-002"",""PLT-004"",""QA-003"",""REC-008"",""REC-009""]","[""LIF-004"",""PLT-004""]",
LIFHYB-014,P1,NOT_STARTED,80-liveforever/814_hybrid_representation_liveforever.md,202,14. Normative requirements,"Preservation export shall include open or documented assets, semantic graph, truth labels, consent policies, source hashes, and accessible fallbacks.",Independent restore test,UNASSIGNED,CONTROLLED_POST_P0_MILESTONE,NOT_REQUIRED,NONE,,[],"[""REQ-LIFHYB-014""]",[],"[""LIF-003"",""PLT-002"",""PLT-004"",""QA-003"",""REC-008"",""REC-009""]","[""LIF-004"",""PLT-004""]",
LIFHYB-015,P1,NOT_STARTED,80-liveforever/814_hybrid_representation_liveforever.md,203,14. Normative requirements,"A consent or audience change shall trigger deterministic withdrawal, redaction, regeneration, or erasure of affected derived representations.",Revocation drill,UNASSIGNED,CONTROLLED_POST_P0_MILESTONE,NOT_REQUIRED,NONE,,[],"[""REQ-LIFHYB-015""]",[],"[""LIF-003"",""PLT-002"",""PLT-004"",""QA-003"",""REC-008"",""REC-009""]","[""LIF-004"",""PLT-004""]",
LIFHYB-016,P1,NOT_STARTED,80-liveforever/814_hybrid_representation_liveforever.md,204,14. Normative requirements,"The system shall permit a source-only or evidence-first experience that does not require generated content, splats, avatars, or immersive navigation.",Minimal preservation scenario,UNASSIGNED,CONTROLLED_POST_P0_MILESTONE,NOT_REQUIRED,NONE,,[],"[""REQ-LIFHYB-016""]",[],"[""LIF-003"",""PLT-002"",""PLT-004"",""QA-003"",""REC-008"",""REC-009""]","[""LIF-004"",""PLT-004""]",
OPSTHREA-001,P0,VERIFIED,90-security-ops/900_threat_model.md,36,4. Normative requirements,"The threat model shall enumerate capture-device compromise, upload tampering, archive bombs, parser exploits, GPU escape, cross-tenant access, signed-URL leakage, viewer scraping, model exfiltration, prompt injection, insider abuse, and destructive deletion.",Automated test,SIP Engineering,FIRST_PRODUCTION_BLOCKING,NOT_REQUIRED,NONE,,"[""docs/security/THREAT_MODEL.md"",""src/sip/security.py"",""src/sip/worker_sandbox.py""]","[""tests/contract/test_documentation.py::test_threat_model_enumerates_specified_attack_classes""]","[""build/reports/test-matrix.json"",""build/reports/tests/contract.xml""]","[""DATA-001"",""IAM-001"",""PLT-001""]","[""OPS-001""]","Verified in the deterministic local reference profile by the exact linked automated test(s) and retained evidence; no external hardware, cloud, GPU, legal, or customer-pilot result is inferred."
OPSTHREA-002,P0,NOT_STARTED,90-security-ops/900_threat_model.md,37,4. Normative requirements,"Each critical threat shall map to preventative, detective, and recovery controls plus tests and owners.",Automated test,UNASSIGNED,FIRST_PRODUCTION_BLOCKING,NOT_REQUIRED,NONE,,[],"[""REQ-OPSTHREA-002""]",[],"[""DATA-001"",""IAM-001"",""PLT-001""]","[""OPS-001""]",
OPSTHREA-003,P0,NOT_STARTED,90-security-ops/900_threat_model.md,38,4. Normative requirements,Sensitive facility and family data shall use misuse/abuse cases beyond ordinary confidentiality.,Controlled verification,UNASSIGNED,FIRST_PRODUCTION_BLOCKING,NOT_REQUIRED,NONE,,[],"[""REQ-OPSTHREA-003""]",[],"[""DATA-001"",""IAM-001"",""PLT-001""]","[""OPS-001""]",
OPSTHREA-004,P1,NOT_STARTED,90-security-ops/900_threat_model.md,39,4. Normative requirements,"The threat model shall be reviewed when adding a sensor, model provider, sharing mode, plugin, or new data purpose.",Controlled verification,UNASSIGNED,CONTROLLED_POST_P0_MILESTONE,NOT_REQUIRED,NONE,,[],"[""REQ-OPSTHREA-004""]",[],"[""DATA-001"",""IAM-001"",""PLT-001""]","[""OPS-001""]",
OPSTHREA-005,P1,NOT_STARTED,90-security-ops/900_threat_model.md,40,4. Normative requirements,Residual risks shall be visible to release decision makers.,Controlled verification,UNASSIGNED,CONTROLLED_POST_P0_MILESTONE,NOT_REQUIRED,NONE,,[],"[""REQ-OPSTHREA-005""]",[],"[""DATA-001"",""IAM-001"",""PLT-001""]","[""OPS-001""]",
OPSTHREA-006,P1,NOT_STARTED,90-security-ops/900_threat_model.md,41,4. Normative requirements,A public viewer shall be analyzed as hostile client code with no trusted secrets.,Controlled verification,UNASSIGNED,CONTROLLED_POST_P0_MILESTONE,NOT_REQUIRED,NONE,,[],"[""REQ-OPSTHREA-006""]",[],"[""DATA-001"",""IAM-001"",""PLT-001""]","[""OPS-001""]",
OPSTHR-007,P0,VERIFIED,90-security-ops/900_threat_model.md,136,15. Version 1.1 hybrid-provider threats,"Threat modeling shall cover geometry/splat payload parsing, provider egress, topology disclosure, derivative redaction, authority spoofing, and immersive collision/navigation failure.",Threat-model review,SIP Engineering,FIRST_PRODUCTION_BLOCKING,NOT_REQUIRED,NONE,,"[""docs/security/THREAT_MODEL.md"",""src/sip/security.py"",""src/sip/worker_sandbox.py""]","[""tests/contract/test_documentation.py::test_threat_model_enumerates_specified_attack_classes""]","[""build/reports/test-matrix.json"",""build/reports/tests/contract.xml""]","[""DATA-001"",""IAM-001"",""PLT-001""]","[""OPS-001""]","Verified in the deterministic local reference profile by the exact linked automated test(s) and retained evidence; no external hardware, cloud, GPU, legal, or customer-pilot result is inferred."
OPSTHR-008,P0,NOT_STARTED,90-security-ops/900_threat_model.md,137,15. Version 1.1 hybrid-provider threats,Untrusted provider outputs shall remain quarantined with malware/resource/format/transform/content validation.,Security test,UNASSIGNED,FIRST_PRODUCTION_BLOCKING,NOT_REQUIRED,NONE,,[],"[""REQ-OPSTHR-008""]",[],"[""DATA-001"",""IAM-001"",""PLT-001""]","[""OPS-001""]",
OPSTHR-009,P0,NOT_STARTED,90-security-ops/900_threat_model.md,138,15. Version 1.1 hybrid-provider threats,Authorization shall apply to geometry derivatives even when texture or obvious personal data has been removed.,Policy test,UNASSIGNED,FIRST_PRODUCTION_BLOCKING,NOT_REQUIRED,NONE,,[],"[""REQ-OPSTHR-009""]",[],"[""DATA-001"",""IAM-001"",""PLT-001""]","[""OPS-001""]",
OPSTHR-010,P1,NOT_STARTED,90-security-ops/900_threat_model.md,139,15. Version 1.1 hybrid-provider threats,"Abuse tests shall attempt to elevate proxy/design assets to verified/observed authority through API, import, UI, and export paths.",Adversarial test,UNASSIGNED,CONTROLLED_POST_P0_MILESTONE,NOT_REQUIRED,NONE,,[],"[""REQ-OPSTHR-010""]",[],"[""DATA-001"",""IAM-001"",""PLT-001""]","[""OPS-001""]",
OPSTHR-011,P1,NOT_STARTED,90-security-ops/900_threat_model.md,140,15. Version 1.1 hybrid-provider threats,Client and CDN caches shall purge or invalidate superseded/redacted hybrid assets according to policy.,Cache/privacy test,UNASSIGNED,CONTROLLED_POST_P0_MILESTONE,NOT_REQUIRED,NONE,,[],"[""REQ-OPSTHR-011""]",[],"[""DATA-001"",""IAM-001"",""PLT-001""]","[""OPS-001""]",
OPSTHR-012,P1,NOT_STARTED,90-security-ops/900_threat_model.md,141,15. Version 1.1 hybrid-provider threats,Immersive safety failures shall disable affected locomotion modes while preserving a safe fallback.,Fault-injection test,UNASSIGNED,CONTROLLED_POST_P0_MILESTONE,NOT_REQUIRED,NONE,,[],"[""REQ-OPSTHR-012""]",[],"[""DATA-001"",""IAM-001"",""PLT-001""]","[""OPS-001""]",
OPSSEC-001,P0,NOT_STARTED,90-security-ops/901_security_architecture.md,36,4. Normative requirements,Human privileged access shall require phishing-resistant MFA where available and just-in-time elevation.,Controlled verification,UNASSIGNED,FIRST_PRODUCTION_BLOCKING,NOT_REQUIRED,NONE,,[],"[""REQ-OPSSEC-001""]",[],"[""DATA-001"",""IAM-001"",""PLT-001""]","[""OPS-001""]",
OPSSEC-002,P0,NOT_STARTED,90-security-ops/901_security_architecture.md,37,4. Normative requirements,Service-to-service authentication shall use short-lived workload identities with audience and scope.,Controlled verification,UNASSIGNED,FIRST_PRODUCTION_BLOCKING,NOT_REQUIRED,NONE,,[],"[""REQ-OPSSEC-002""]",[],"[""DATA-001"",""IAM-001"",""PLT-001""]","[""OPS-001""]",
OPSSEC-003,P0,NOT_STARTED,90-security-ops/901_security_architecture.md,38,4. Normative requirements,Network policies shall restrict worker egress and prevent runtime model downloads in production.,Automated test,UNASSIGNED,FIRST_PRODUCTION_BLOCKING,NOT_REQUIRED,NONE,,[],"[""REQ-OPSSEC-003""]",[],"[""DATA-001"",""IAM-001"",""PLT-001""]","[""OPS-001""]",
OPSSEC-004,P1,NOT_STARTED,90-security-ops/901_security_architecture.md,39,4. Normative requirements,"Secrets shall live in an approved secret manager and never in repositories, images, logs, manifests, or mobile packages.",Controlled verification,UNASSIGNED,CONTROLLED_POST_P0_MILESTONE,NOT_REQUIRED,NONE,,[],"[""REQ-OPSSEC-004""]",[],"[""DATA-001"",""IAM-001"",""PLT-001""]","[""OPS-001""]",
OPSSEC-005,P1,EXTERNAL_VALIDATION_REQUIRED,90-security-ops/901_security_architecture.md,40,4. Normative requirements,"Containers and mobile builds shall be hardened, signed, scanned, and patched under defined SLAs.",Controlled verification,Security Engineering / Mobile Release Engineering,CONTROLLED_POST_P0_MILESTONE,REQUIRED,NONE,,"[""infrastructure/containers"",""infrastructure/kubernetes/base"",""tools/security_check.py"",""docs/security/THREAT_MODEL.md""]","[""tests/contract/test_observability_infrastructure.py::test_observability_profile_is_hardened_and_digest_pinned""]","[""build/reports/infrastructure-static-validation.json"",""build/reports/security-report.json"",""build/reports/test-matrix.json"",""build/reports/tests/contract.xml""]","[""DATA-001"",""IAM-001"",""PLT-001""]","[""OPS-001""]","Build signed production containers and Apple mobile artifacts, execute vulnerability and hardening scans against their final digests, verify patch-SLA tracking, and retain scanner databases, signatures, and review evidence."
OPSSEC-006,P1,NOT_STARTED,90-security-ops/901_security_architecture.md,41,4. Normative requirements,Sensitive-access and administrative events shall be immutable and monitored.,Automated test,UNASSIGNED,CONTROLLED_POST_P0_MILESTONE,NOT_REQUIRED,NONE,,[],"[""REQ-OPSSEC-006""]",[],"[""DATA-001"",""IAM-001"",""PLT-001""]","[""OPS-001""]",
OPSKEY-001,P0,NOT_STARTED,90-security-ops/902_encryption_key_management.md,36,4. Normative requirements,All network connections shall use current approved TLS with certificate validation; local transfer uses authenticated encrypted channels.,Automated test,UNASSIGNED,FIRST_PRODUCTION_BLOCKING,NOT_REQUIRED,NONE,,[],"[""REQ-OPSKEY-001""]",[],"[""DATA-001"",""IAM-001"",""PLT-001""]","[""OPS-001""]",
OPSKEY-002,P0,NOT_STARTED,90-security-ops/902_encryption_key_management.md,37,4. Normative requirements,"Data keys shall be generated securely, wrapped by managed or local key-encryption keys, and scoped by policy.",Automated test,UNASSIGNED,FIRST_PRODUCTION_BLOCKING,NOT_REQUIRED,NONE,,[],"[""REQ-OPSKEY-002""]",[],"[""DATA-001"",""IAM-001"",""PLT-001""]","[""OPS-001""]",
OPSKEY-003,P0,NOT_STARTED,90-security-ops/902_encryption_key_management.md,38,4. Normative requirements,"Key access shall be logged with actor/workload, purpose, resource scope, and outcome.",Controlled verification,UNASSIGNED,FIRST_PRODUCTION_BLOCKING,NOT_REQUIRED,NONE,,[],"[""REQ-OPSKEY-003""]",[],"[""DATA-001"",""IAM-001"",""PLT-001""]","[""OPS-001""]",
OPSKEY-004,P1,NOT_STARTED,90-security-ops/902_encryption_key_management.md,39,4. Normative requirements,Rotation shall support rewrapping and emergency revocation with bounded impact.,Controlled verification,UNASSIGNED,CONTROLLED_POST_P0_MILESTONE,NOT_REQUIRED,NONE,,[],"[""REQ-OPSKEY-004""]",[],"[""DATA-001"",""IAM-001"",""PLT-001""]","[""OPS-001""]",
OPSKEY-005,P1,NOT_STARTED,90-security-ops/902_encryption_key_management.md,40,4. Normative requirements,Recovery mechanisms shall avoid one-person permanent loss while respecting local-only and family succession policy.,Controlled verification,UNASSIGNED,CONTROLLED_POST_P0_MILESTONE,NOT_REQUIRED,NONE,,[],"[""REQ-OPSKEY-005""]",[],"[""DATA-001"",""IAM-001"",""PLT-001""]","[""OPS-001""]",
OPSKEY-006,P1,NOT_STARTED,90-security-ops/902_encryption_key_management.md,41,4. Normative requirements,Cryptographic erasure shall include key deletion evidence and residual replica/backup timelines.,Controlled verification,UNASSIGNED,CONTROLLED_POST_P0_MILESTONE,NOT_REQUIRED,NONE,,[],"[""REQ-OPSKEY-006""]",[],"[""DATA-001"",""IAM-001"",""PLT-001""]","[""OPS-001""]",
OPSPRIV-001,P0,NOT_STARTED,90-security-ops/903_privacy_compliance.md,36,4. Normative requirements,"The platform shall maintain a data inventory linking category, purpose, legal/consent basis, processors, residency, retention, security, and rights workflow.",Controlled verification,UNASSIGNED,FIRST_PRODUCTION_BLOCKING,NOT_REQUIRED,NONE,,[],"[""REQ-OPSPRIV-001""]",[],"[""DATA-001"",""IAM-001"",""PLT-001""]","[""OPS-001""]",
OPSPRIV-002,P0,NOT_STARTED,90-security-ops/903_privacy_compliance.md,37,4. Normative requirements,New data purposes or providers shall require privacy impact review before processing.,Controlled verification,UNASSIGNED,FIRST_PRODUCTION_BLOCKING,NOT_REQUIRED,NONE,,[],"[""REQ-OPSPRIV-002""]",[],"[""DATA-001"",""IAM-001"",""PLT-001""]","[""OPS-001""]",
OPSPRIV-003,P0,NOT_STARTED,90-security-ops/903_privacy_compliance.md,38,4. Normative requirements,"Subject-access export shall explain source records, derivatives, sharing, consent, and automated processing in understandable form.",Controlled verification,UNASSIGNED,FIRST_PRODUCTION_BLOCKING,NOT_REQUIRED,NONE,,[],"[""REQ-OPSPRIV-003""]",[],"[""DATA-001"",""IAM-001"",""PLT-001""]","[""OPS-001""]",
OPSPRIV-004,P1,NOT_STARTED,90-security-ops/903_privacy_compliance.md,39,4. Normative requirements,Correction/restriction/deletion requests shall be tracked and verified across canonical and derived stores.,Controlled verification,UNASSIGNED,CONTROLLED_POST_P0_MILESTONE,NOT_REQUIRED,NONE,,[],"[""REQ-OPSPRIV-004""]",[],"[""DATA-001"",""IAM-001"",""PLT-001""]","[""OPS-001""]",
OPSPRIV-005,P1,NOT_STARTED,90-security-ops/903_privacy_compliance.md,40,4. Normative requirements,Vendor agreements and settings shall prohibit training/use beyond approved purpose where required.,Controlled verification,UNASSIGNED,CONTROLLED_POST_P0_MILESTONE,NOT_REQUIRED,NONE,,[],"[""REQ-OPSPRIV-005""]",[],"[""DATA-001"",""IAM-001"",""PLT-001""]","[""OPS-001""]",
OPSPRIV-006,P1,NOT_STARTED,90-security-ops/903_privacy_compliance.md,41,4. Normative requirements,Incident workflows shall identify affected people/projects and applicable notification decision without exposing additional data.,Controlled verification,UNASSIGNED,CONTROLLED_POST_P0_MILESTONE,NOT_REQUIRED,NONE,,[],"[""REQ-OPSPRIV-006""]",[],"[""DATA-001"",""IAM-001"",""PLT-001""]","[""OPS-001""]",
OPSAUDIT-001,P0,NOT_STARTED,90-security-ops/904_audit_chain_of_custody.md,36,4. Normative requirements,"Audit events shall include actor/workload, action, resource, tenant/project, time, source IP/device context when appropriate, purpose, outcome, trace, and before/after references.",Automated test,UNASSIGNED,FIRST_PRODUCTION_BLOCKING,NOT_REQUIRED,NONE,,[],"[""REQ-OPSAUDIT-001""]",[],"[""DATA-001"",""IAM-001"",""PLT-001""]","[""OPS-001""]",
OPSAUDIT-002,P0,NOT_STARTED,90-security-ops/904_audit_chain_of_custody.md,37,4. Normative requirements,"Capture finalization shall record package root hash, device/app, signer, and verification result.",Automated test,UNASSIGNED,FIRST_PRODUCTION_BLOCKING,NOT_REQUIRED,NONE,,[],"[""REQ-OPSAUDIT-002""]",[],"[""DATA-001"",""IAM-001"",""PLT-001""]","[""OPS-001""]",
OPSAUDIT-003,P0,IMPLEMENTED_UNVERIFIED,90-security-ops/904_audit_chain_of_custody.md,38,4. Normative requirements,"Evidence access, model execution, authority changes, consent changes, exports, and deletion shall be audited.",Controlled verification,SIP Engineering,FIRST_PRODUCTION_BLOCKING,NOT_REQUIRED,NONE,,"[""src/sip/audit.py"",""src/sip/spatial_data.py"",""src/sip/database.py"",""src/sip/model_governance.py"",""src/sip/lifecycle.py"",""src/sip/exporting.py"",""migrations""]","[""tests/contract/test_spatial_truth_api.py::test_evidence_and_assertion_reads_enforce_server_side_audience_purpose_and_scope"",""tests/integration/test_spatial_truth_twin.py::test_datevid_evidence_read_rechecks_referenced_consent_and_audits_revocation""]","[""build/reports/test-matrix.json"",""build/reports/tests/contract.xml"",""build/reports/tests/integration.xml"",""build/reports/tests/security.xml""]","[""DATA-001"",""IAM-001"",""PLT-001""]","[""OPS-001""]","Implementation and automated checks exist, but production-environment or full-scope evidence is incomplete; this requirement is intentionally not marked verified."
OPSAUDIT-004,P1,NOT_STARTED,90-security-ops/904_audit_chain_of_custody.md,39,4. Normative requirements,Audit storage shall prevent ordinary application roles from altering or deleting events.,Automated test,UNASSIGNED,CONTROLLED_POST_P0_MILESTONE,NOT_REQUIRED,NONE,,[],"[""REQ-OPSAUDIT-004""]",[],"[""DATA-001"",""IAM-001"",""PLT-001""]","[""OPS-001""]",
OPSAUDIT-005,P1,NOT_STARTED,90-security-ops/904_audit_chain_of_custody.md,40,4. Normative requirements,"Verification tools shall detect gaps, broken chains, invalid signatures, and missing referenced manifests.",Controlled verification,UNASSIGNED,CONTROLLED_POST_P0_MILESTONE,NOT_REQUIRED,NONE,,[],"[""REQ-OPSAUDIT-005""]",[],"[""DATA-001"",""IAM-001"",""PLT-001""]","[""OPS-001""]",
OPSAUDIT-006,P1,NOT_STARTED,90-security-ops/904_audit_chain_of_custody.md,41,4. Normative requirements,Legal/evidentiary claims shall require separate counsel and jurisdictional procedure.,Controlled verification,UNASSIGNED,CONTROLLED_POST_P0_MILESTONE,NOT_REQUIRED,NONE,,[],"[""REQ-OPSAUDIT-006""]",[],"[""DATA-001"",""IAM-001"",""PLT-001""]","[""OPS-001""]",
OPSSRE-001,P0,VERIFIED,90-security-ops/905_sre_runbooks.md,36,4. Normative requirements,"Runbooks shall cover database outage, object corruption, queue backlog, GPU failure, model regression, cross-tenant suspicion, leaked share link, consent failure, bad redaction, deletion error, and backup restore.",Controlled verification,SIP Engineering,FIRST_PRODUCTION_BLOCKING,NOT_REQUIRED,NONE,,"[""docs/operator/INCIDENT_RESPONSE.md"",""docs/runbooks/OPERATIONS_INCIDENTS.md"",""docs/runbooks/OBSERVABILITY_INCIDENTS.md""]","[""tests/contract/test_documentation.py::test_operations_runbooks_cover_required_incident_classes_and_procedure_fields""]","[""build/reports/test-matrix.json"",""build/reports/tests/contract.xml""]","[""PLT-001"",""REC-001""]","[""OPS-002""]","Verified in the deterministic local reference profile by the exact linked automated test(s) and retained evidence; no external hardware, cloud, GPU, legal, or customer-pilot result is inferred."
OPSSRE-002,P0,VERIFIED,90-security-ops/905_sre_runbooks.md,37,4. Normative requirements,"Each runbook shall include trigger, severity, roles, commands/controls, decision points, evidence, validation, rollback, and communications.",Controlled verification,SIP Engineering,FIRST_PRODUCTION_BLOCKING,NOT_REQUIRED,NONE,,"[""docs/operator/INCIDENT_RESPONSE.md"",""docs/runbooks/OPERATIONS_INCIDENTS.md"",""docs/runbooks/OBSERVABILITY_INCIDENTS.md""]","[""tests/contract/test_documentation.py::test_operations_runbooks_cover_required_incident_classes_and_procedure_fields""]","[""build/reports/test-matrix.json"",""build/reports/tests/contract.xml""]","[""PLT-001"",""REC-001""]","[""OPS-002""]","Verified in the deterministic local reference profile by the exact linked automated test(s) and retained evidence; no external hardware, cloud, GPU, legal, or customer-pilot result is inferred."
OPSSRE-003,P0,NOT_STARTED,90-security-ops/905_sre_runbooks.md,38,4. Normative requirements,Incident actions shall be audited and preserve forensic evidence without copying sensitive data unnecessarily.,Controlled verification,UNASSIGNED,FIRST_PRODUCTION_BLOCKING,NOT_REQUIRED,NONE,,[],"[""REQ-OPSSRE-003""]",[],"[""PLT-001"",""REC-001""]","[""OPS-002""]",
OPSSRE-004,P1,NOT_STARTED,90-security-ops/905_sre_runbooks.md,39,4. Normative requirements,After-action reviews shall create tracked corrective requirements and tests.,Controlled verification,UNASSIGNED,CONTROLLED_POST_P0_MILESTONE,NOT_REQUIRED,NONE,,[],"[""REQ-OPSSRE-004""]",[],"[""PLT-001"",""REC-001""]","[""OPS-002""]",
OPSSRE-005,P1,NOT_STARTED,90-security-ops/905_sre_runbooks.md,40,4. Normative requirements,Runbooks shall be exercised through game days.,Controlled verification,UNASSIGNED,CONTROLLED_POST_P0_MILESTONE,NOT_REQUIRED,NONE,,[],"[""REQ-OPSSRE-005""]",[],"[""PLT-001"",""REC-001""]","[""OPS-002""]",
OPSSRE-006,P1,NOT_STARTED,90-security-ops/905_sre_runbooks.md,41,4. Normative requirements,On-call access shall use just-in-time privileges and recorded sessions where appropriate.,Controlled verification,UNASSIGNED,CONTROLLED_POST_P0_MILESTONE,NOT_REQUIRED,NONE,,[],"[""REQ-OPSSRE-006""]",[],"[""PLT-001"",""REC-001""]","[""OPS-002""]",
OPSDR-001,P0,NOT_STARTED,90-security-ops/906_backup_restore_dr.md,36,4. Normative requirements,Recovery objectives shall be declared by data/service class and deployment profile.,Controlled verification,UNASSIGNED,FIRST_PRODUCTION_BLOCKING,NOT_REQUIRED,NONE,,[],"[""REQ-OPSDR-001""]",[],"[""OPS-001"",""OPS-003""]","[""OPS-004""]",
OPSDR-002,P0,NOT_STARTED,90-security-ops/906_backup_restore_dr.md,37,4. Normative requirements,Database backups shall support point-in-time recovery and periodic isolated restore tests.,Controlled verification,UNASSIGNED,FIRST_PRODUCTION_BLOCKING,NOT_REQUIRED,NONE,,[],"[""REQ-OPSDR-002""]",[],"[""OPS-001"",""OPS-003""]","[""OPS-004""]",
OPSDR-003,P0,NOT_STARTED,90-security-ops/906_backup_restore_dr.md,38,4. Normative requirements,Object storage shall use versioning/immutability or equivalent protections against accidental/malicious deletion.,Controlled verification,UNASSIGNED,FIRST_PRODUCTION_BLOCKING,NOT_REQUIRED,NONE,,[],"[""REQ-OPSDR-003""]",[],"[""OPS-001"",""OPS-003""]","[""OPS-004""]",
OPSDR-004,P1,NOT_STARTED,90-security-ops/906_backup_restore_dr.md,39,4. Normative requirements,Key recovery shall be tested without exposing root keys to ordinary operators.,Controlled verification,UNASSIGNED,CONTROLLED_POST_P0_MILESTONE,NOT_REQUIRED,NONE,,[],"[""REQ-OPSDR-004""]",[],"[""OPS-001"",""OPS-003""]","[""OPS-004""]",
OPSDR-005,P1,IMPLEMENTED_UNVERIFIED,90-security-ops/906_backup_restore_dr.md,40,4. Normative requirements,"A restore shall reconcile manifests/hashes, database references, object assets, audit chronology, and queued jobs before reopening writes.",Automated test,SIP Engineering,CONTROLLED_POST_P0_MILESTONE,NOT_REQUIRED,NONE,,"[""src/sip/lifecycle.py"",""src/sip/exporting.py"",""docs/operator/BACKUP_RESTORE.md"",""tools/run_demo.py""]","[""tests/e2e/test_platform_demonstrations.py::test_foundation_portability_demonstration"",""tests/integration/test_export_restore.py::test_open_preservation_clean_restore_rehydrates_authoritative_rows_and_fails_closed_for_executable_state""]","[""build/evidence/demos/foundation.json"",""build/reports/test-matrix.json"",""build/reports/tests/e2e.xml"",""build/reports/tests/integration.xml""]","[""OPS-001"",""OPS-003""]","[""OPS-004""]","Implementation and automated checks exist, but production-environment or full-scope evidence is incomplete; this requirement is intentionally not marked verified."
OPSDR-006,P1,NOT_STARTED,90-security-ops/906_backup_restore_dr.md,41,4. Normative requirements,Disaster tests shall include a complete tenant/project portability export when service recovery is not practical.,Controlled verification,UNASSIGNED,CONTROLLED_POST_P0_MILESTONE,NOT_REQUIRED,NONE,,[],"[""REQ-OPSDR-006""]",[],"[""OPS-001"",""OPS-003""]","[""OPS-004""]",
OPSHYB-001,P0,NOT_STARTED,90-security-ops/907_cloud_hybrid_deployment.md,36,4. Normative requirements,"Every deployment shall expose the same canonical package, scene, evidence, and export contracts.",Controlled verification,UNASSIGNED,FIRST_PRODUCTION_BLOCKING,NOT_REQUIRED,NONE,,[],"[""REQ-OPSHYB-001""]",[],"[""FND-002"",""OPS-001""]","[""OPS-003""]",
OPSHYB-002,P0,NOT_STARTED,90-security-ops/907_cloud_hybrid_deployment.md,37,4. Normative requirements,Hybrid transfer policy shall specify which asset classes may leave the site and at what processing stage.,Controlled verification,UNASSIGNED,FIRST_PRODUCTION_BLOCKING,NOT_REQUIRED,NONE,,[],"[""REQ-OPSHYB-002""]",[],"[""FND-002"",""OPS-001""]","[""OPS-003""]",
OPSHYB-003,P0,NOT_STARTED,90-security-ops/907_cloud_hybrid_deployment.md,38,4. Normative requirements,"Edge nodes shall enroll with unique identity, signed software, disk encryption, health reporting, and revocation.",Automated test,UNASSIGNED,FIRST_PRODUCTION_BLOCKING,NOT_REQUIRED,NONE,,[],"[""REQ-OPSHYB-003""]",[],"[""FND-002"",""OPS-001""]","[""OPS-003""]",
OPSHYB-004,P1,NOT_STARTED,90-security-ops/907_cloud_hybrid_deployment.md,39,4. Normative requirements,Offline updates shall be signed and rollback-capable.,Controlled verification,UNASSIGNED,CONTROLLED_POST_P0_MILESTONE,NOT_REQUIRED,NONE,,[],"[""REQ-OPSHYB-004""]",[],"[""FND-002"",""OPS-001""]","[""OPS-003""]",
OPSHYB-005,P1,NOT_STARTED,90-security-ops/907_cloud_hybrid_deployment.md,40,4. Normative requirements,"A project migration between deployment modes shall preserve IDs, history, permissions, consent, hashes, and model/run manifests.",Automated test,UNASSIGNED,CONTROLLED_POST_P0_MILESTONE,NOT_REQUIRED,NONE,,[],"[""REQ-OPSHYB-005""]",[],"[""FND-002"",""OPS-001""]","[""OPS-003""]",
OPSHYB-006,P1,NOT_STARTED,90-security-ops/907_cloud_hybrid_deployment.md,41,4. Normative requirements,Cloud dependence shall be visible to administrators before enabling a feature.,Controlled verification,UNASSIGNED,CONTROLLED_POST_P0_MILESTONE,NOT_REQUIRED,NONE,,[],"[""REQ-OPSHYB-006""]",[],"[""FND-002"",""OPS-001""]","[""OPS-003""]",
OPSAWS-001,P0,NOT_STARTED,90-security-ops/908_aws_reference_architecture.md,36,4. Normative requirements,Infrastructure shall be defined as code with separate environments/accounts or equivalent strong boundaries.,Controlled verification,UNASSIGNED,FIRST_PRODUCTION_BLOCKING,NOT_REQUIRED,NONE,,[],"[""REQ-OPSAWS-001""]",[],"[""FND-002"",""OPS-001""]","[""OPS-003""]",
OPSAWS-002,P0,NOT_STARTED,90-security-ops/908_aws_reference_architecture.md,37,4. Normative requirements,"Databases and object stores shall be private, encrypted, backed up, and accessible only through approved identities/endpoints.",Automated test,UNASSIGNED,FIRST_PRODUCTION_BLOCKING,NOT_REQUIRED,NONE,,[],"[""REQ-OPSAWS-002""]",[],"[""FND-002"",""OPS-001""]","[""OPS-003""]",
OPSAWS-003,P0,NOT_STARTED,90-security-ops/908_aws_reference_architecture.md,38,4. Normative requirements,"GPU queues shall enforce tenant/profile quotas, cost budgets, and dead-letter handling.",Controlled verification,UNASSIGNED,FIRST_PRODUCTION_BLOCKING,NOT_REQUIRED,NONE,,[],"[""REQ-OPSAWS-003""]",[],"[""FND-002"",""OPS-001""]","[""OPS-003""]",
OPSAWS-004,P1,NOT_STARTED,90-security-ops/908_aws_reference_architecture.md,39,4. Normative requirements,CloudFront/CDN delivery shall use signed authorization and redacted immutable derivatives; raw assets are not public origins.,Controlled verification,UNASSIGNED,CONTROLLED_POST_P0_MILESTONE,NOT_REQUIRED,NONE,,[],"[""REQ-OPSAWS-004""]",[],"[""FND-002"",""OPS-001""]","[""OPS-003""]",
OPSAWS-005,P1,NOT_STARTED,90-security-ops/908_aws_reference_architecture.md,40,4. Normative requirements,KMS/secrets access shall be least privilege and audited.,Controlled verification,UNASSIGNED,CONTROLLED_POST_P0_MILESTONE,NOT_REQUIRED,NONE,,[],"[""REQ-OPSAWS-005""]",[],"[""FND-002"",""OPS-001""]","[""OPS-003""]",
OPSAWS-006,P1,NOT_STARTED,90-security-ops/908_aws_reference_architecture.md,41,4. Normative requirements,Provider-specific services shall have documented export/replacement paths.,Controlled verification,UNASSIGNED,CONTROLLED_POST_P0_MILESTONE,NOT_REQUIRED,NONE,,[],"[""REQ-OPSAWS-006""]",[],"[""FND-002"",""OPS-001""]","[""OPS-003""]",
OPSCOST-001,P0,NOT_STARTED,90-security-ops/909_cost_capacity_model.md,36,4. Normative requirements,"The model shall attribute CPU seconds, GPU seconds by profile, memory, object bytes by tier, database/storage growth, requests, search/vector usage, CDN/egress, transcription/OCR/model API use, and support overhead.",Automated test,UNASSIGNED,FIRST_PRODUCTION_BLOCKING,NOT_REQUIRED,NONE,,[],"[""REQ-OPSCOST-001""]",[],"[""PLT-001"",""REC-001""]","[""OPS-002""]",
OPSCOST-002,P0,NOT_STARTED,90-security-ops/909_cost_capacity_model.md,37,4. Normative requirements,"Costs shall roll up by tenant, project, capture, run, stage, model, and calendar period.",Controlled verification,UNASSIGNED,FIRST_PRODUCTION_BLOCKING,NOT_REQUIRED,NONE,,[],"[""REQ-OPSCOST-002""]",[],"[""PLT-001"",""REC-001""]","[""OPS-002""]",
OPSCOST-003,P0,NOT_STARTED,90-security-ops/909_cost_capacity_model.md,38,4. Normative requirements,"Admission control shall enforce project budgets, tenant quotas, concurrency, and anomaly detection.",Controlled verification,UNASSIGNED,FIRST_PRODUCTION_BLOCKING,NOT_REQUIRED,NONE,,[],"[""REQ-OPSCOST-003""]",[],"[""PLT-001"",""REC-001""]","[""OPS-002""]",
OPSCOST-004,P1,NOT_STARTED,90-security-ops/909_cost_capacity_model.md,39,4. Normative requirements,The UI shall show estimated cost/processing tier before optional expensive final reconstruction.,Controlled verification,UNASSIGNED,CONTROLLED_POST_P0_MILESTONE,NOT_REQUIRED,NONE,,[],"[""REQ-OPSCOST-004""]",[],"[""PLT-001"",""REC-001""]","[""OPS-002""]",
OPSCOST-005,P1,NOT_STARTED,90-security-ops/909_cost_capacity_model.md,40,4. Normative requirements,Capacity plans shall use measured scene minutes/frames/area and peak concurrency with headroom.,Controlled verification,UNASSIGNED,CONTROLLED_POST_P0_MILESTONE,NOT_REQUIRED,NONE,,[],"[""REQ-OPSCOST-005""]",[],"[""PLT-001"",""REC-001""]","[""OPS-002""]",
OPSCOST-006,P1,NOT_STARTED,90-security-ops/909_cost_capacity_model.md,41,4. Normative requirements,A price-source update shall be versioned and not change historical actual-cost records.,Controlled verification,UNASSIGNED,CONTROLLED_POST_P0_MILESTONE,NOT_REQUIRED,NONE,,[],"[""REQ-OPSCOST-006""]",[],"[""PLT-001"",""REC-001""]","[""OPS-002""]",
OPSPERF-001,P0,NOT_STARTED,90-security-ops/910_performance_budgets.md,36,4. Normative requirements,The iOS app shall maintain capture responsiveness and bounded frame-drop behavior on supported devices under declared thermal conditions.,Controlled verification,UNASSIGNED,FIRST_PRODUCTION_BLOCKING,NOT_REQUIRED,NONE,,[],"[""REQ-OPSPERF-001""]",[],"[""CAP-005"",""GOV-001"",""PLT-001"",""REC-001"",""REC-005""]","[""OPS-002"",""QA-001""]",
OPSPERF-002,P0,NOT_STARTED,90-security-ops/910_performance_budgets.md,37,4. Normative requirements,Upload shall saturate available policy-permitted bandwidth while preserving foreground responsiveness and resumability.,Controlled verification,UNASSIGNED,FIRST_PRODUCTION_BLOCKING,NOT_REQUIRED,NONE,,[],"[""REQ-OPSPERF-002""]",[],"[""CAP-005"",""GOV-001"",""PLT-001"",""REC-001"",""REC-005""]","[""OPS-002"",""QA-001""]",
OPSPERF-003,P0,NOT_STARTED,90-security-ops/910_performance_budgets.md,38,4. Normative requirements,API and search SLOs shall be defined by endpoint class and result size.,Automated test,UNASSIGNED,FIRST_PRODUCTION_BLOCKING,NOT_REQUIRED,NONE,,[],"[""REQ-OPSPERF-003""]",[],"[""CAP-005"",""GOV-001"",""PLT-001"",""REC-001"",""REC-005""]","[""OPS-002"",""QA-001""]",
OPSPERF-004,P1,NOT_STARTED,90-security-ops/910_performance_budgets.md,39,4. Normative requirements,"The viewer shall define frame-time, first-meaningful-scene, memory, and network budgets by device tier and scene size.",Controlled verification,UNASSIGNED,CONTROLLED_POST_P0_MILESTONE,NOT_REQUIRED,NONE,,[],"[""REQ-OPSPERF-004""]",[],"[""CAP-005"",""GOV-001"",""PLT-001"",""REC-001"",""REC-005""]","[""OPS-002"",""QA-001""]",
OPSPERF-005,P1,NOT_STARTED,90-security-ops/910_performance_budgets.md,40,4. Normative requirements,Pipeline profiles shall define expected runtime and peak VRAM/RAM per input class.,Controlled verification,UNASSIGNED,CONTROLLED_POST_P0_MILESTONE,NOT_REQUIRED,NONE,,[],"[""REQ-OPSPERF-005""]",[],"[""CAP-005"",""GOV-001"",""PLT-001"",""REC-001"",""REC-005""]","[""OPS-002"",""QA-001""]",
OPSPERF-006,P1,NOT_STARTED,90-security-ops/910_performance_budgets.md,41,4. Normative requirements,Load tests shall include noisy-neighbor and tenant-quota behavior.,Controlled verification,UNASSIGNED,CONTROLLED_POST_P0_MILESTONE,NOT_REQUIRED,NONE,,[],"[""REQ-OPSPERF-006""]",[],"[""CAP-005"",""GOV-001"",""PLT-001"",""REC-001"",""REC-005""]","[""OPS-002"",""QA-001""]",
OPSCICD-001,P0,IN_PROGRESS,90-security-ops/911_ci_cd_supply_chain.md,36,4. Normative requirements,"CI shall run formatting, type checks, unit/integration tests, schema compatibility, license/SBOM, secret scan, vulnerability scan, and artifact signing.",Automated test,SIP Engineering,FIRST_PRODUCTION_BLOCKING,NOT_REQUIRED,NONE,,"["".github/workflows/ci.yml"","".github/workflows/release.yml"",""tools/release.py"",""tools/security_check.py"",""tools/license_check.py""]","[""tests/contract/test_delivery_tools.py::test_github_actions_are_sha_pinned_and_least_privilege""]","[""build/reports/license-gate.json"",""build/reports/release-report.json"",""build/reports/security-report.json"",""build/reports/test-matrix.json"",""build/reports/tests/contract.xml""]","[""DATA-001"",""IAM-001"",""PLT-001""]","[""FND-001"",""OPS-001""]","A controlled implementation/test boundary exists, but the normative requirement is broader than the retained evidence and remains in progress."
OPSCICD-002,P0,IN_PROGRESS,90-security-ops/911_ci_cd_supply_chain.md,37,4. Normative requirements,"Mobile, web, service, worker, infrastructure, and model manifests shall share a release record.",Controlled verification,SIP Engineering,FIRST_PRODUCTION_BLOCKING,NOT_REQUIRED,NONE,,"["".github/workflows/ci.yml"","".github/workflows/release.yml"",""tools/release.py"",""tools/security_check.py"",""tools/license_check.py""]","[""tests/contract/test_delivery_tools.py::test_release_readiness_fails_closed_for_open_gates"",""tests/contract/test_delivery_tools.py::test_release_source_zip_is_byte_deterministic""]","[""build/reports/license-gate.json"",""build/reports/release-report.json"",""build/reports/security-report.json"",""build/reports/test-matrix.json"",""build/reports/tests/contract.xml""]","[""DATA-001"",""IAM-001"",""PLT-001""]","[""FND-001"",""OPS-001""]","A controlled implementation/test boundary exists, but the normative requirement is broader than the retained evidence and remains in progress."
OPSCICD-003,P0,IN_PROGRESS,90-security-ops/911_ci_cd_supply_chain.md,38,4. Normative requirements,Production deployment shall verify signatures and environment policy.,Controlled verification,SIP Engineering,FIRST_PRODUCTION_BLOCKING,NOT_REQUIRED,NONE,,"["".github/workflows/ci.yml"","".github/workflows/release.yml"",""tools/release.py"",""tools/security_check.py"",""tools/license_check.py""]","[""tests/contract/test_infrastructure.py::test_release_gate_fails_closed_before_images_and_outputs_exist""]","[""build/reports/license-gate.json"",""build/reports/release-report.json"",""build/reports/security-report.json"",""build/reports/test-matrix.json"",""build/reports/tests/contract.xml""]","[""DATA-001"",""IAM-001"",""PLT-001""]","[""FND-001"",""OPS-001""]","A controlled implementation/test boundary exists, but the normative requirement is broader than the retained evidence and remains in progress."
OPSCICD-004,P1,NOT_STARTED,90-security-ops/911_ci_cd_supply_chain.md,39,4. Normative requirements,Release promotion shall require benchmark and acceptance evidence from `955_release_gates.md`.,Controlled verification,UNASSIGNED,CONTROLLED_POST_P0_MILESTONE,NOT_REQUIRED,NONE,,[],"[""REQ-OPSCICD-004""]",[],"[""DATA-001"",""IAM-001"",""PLT-001""]","[""FND-001"",""OPS-001""]",
OPSCICD-005,P1,NOT_STARTED,90-security-ops/911_ci_cd_supply_chain.md,40,4. Normative requirements,Emergency patches shall still produce traceable artifacts and retrospective review.,Controlled verification,UNASSIGNED,CONTROLLED_POST_P0_MILESTONE,NOT_REQUIRED,NONE,,[],"[""REQ-OPSCICD-005""]",[],"[""DATA-001"",""IAM-001"",""PLT-001""]","[""FND-001"",""OPS-001""]",
OPSCICD-006,P1,NOT_STARTED,90-security-ops/911_ci_cd_supply_chain.md,41,4. Normative requirements,"Rollback shall include service, worker routing/model, configuration, and database compatibility plans.",Controlled verification,UNASSIGNED,CONTROLLED_POST_P0_MILESTONE,NOT_REQUIRED,NONE,,[],"[""REQ-OPSCICD-006""]",[],"[""DATA-001"",""IAM-001"",""PLT-001""]","[""FND-001"",""OPS-001""]",
OPSSUP-001,P0,NOT_STARTED,90-security-ops/912_support_operations.md,36,4. Normative requirements,"Support bundles shall contain versions, manifests, metrics, stable errors, hardware/profile, and selected redacted logs without raw media by default.",Controlled verification,UNASSIGNED,FIRST_PRODUCTION_BLOCKING,NOT_REQUIRED,NONE,,[],"[""REQ-OPSSUP-001""]",[],"[""PLT-001"",""REC-001""]","[""OPS-002""]",
OPSSUP-002,P0,NOT_STARTED,90-security-ops/912_support_operations.md,37,4. Normative requirements,"Customer-approved scene access shall state scope, purpose, personnel, duration, and revocation.",Controlled verification,UNASSIGNED,FIRST_PRODUCTION_BLOCKING,NOT_REQUIRED,NONE,,[],"[""REQ-OPSSUP-002""]",[],"[""PLT-001"",""REC-001""]","[""OPS-002""]",
OPSSUP-003,P0,NOT_STARTED,90-security-ops/912_support_operations.md,38,4. Normative requirements,Support engineers shall not copy raw assets to unmanaged systems.,Controlled verification,UNASSIGNED,FIRST_PRODUCTION_BLOCKING,NOT_REQUIRED,NONE,,[],"[""REQ-OPSSUP-003""]",[],"[""PLT-001"",""REC-001""]","[""OPS-002""]",
OPSSUP-004,P1,NOT_STARTED,90-security-ops/912_support_operations.md,39,4. Normative requirements,High-risk LiveForever or security-system issues shall route to specially authorized personnel.,Controlled verification,UNASSIGNED,CONTROLLED_POST_P0_MILESTONE,NOT_REQUIRED,NONE,,[],"[""REQ-OPSSUP-004""]",[],"[""PLT-001"",""REC-001""]","[""OPS-002""]",
OPSSUP-005,P1,NOT_STARTED,90-security-ops/912_support_operations.md,40,4. Normative requirements,Resolved tickets shall link remediation and affected release without retaining unnecessary customer data.,Controlled verification,UNASSIGNED,CONTROLLED_POST_P0_MILESTONE,NOT_REQUIRED,NONE,,[],"[""REQ-OPSSUP-005""]",[],"[""PLT-001"",""REC-001""]","[""OPS-002""]",
OPSSUP-006,P1,NOT_STARTED,90-security-ops/912_support_operations.md,41,4. Normative requirements,Support tooling shall enforce tenant isolation and cannot generate unrestricted signed URLs.,Controlled verification,UNASSIGNED,CONTROLLED_POST_P0_MILESTONE,NOT_REQUIRED,NONE,,[],"[""REQ-OPSSUP-006""]",[],"[""PLT-001"",""REC-001""]","[""OPS-002""]",
SECEXT-001,P0,IMPLEMENTED_UNVERIFIED,90-security-ops/913_external_spatial_provider_governance.md,191,14. Normative requirements,An external or unknown provider shall not access source or derived scene bytes before an approved provider dossier and matching data/purpose policy exist.,Egress and admission test,SIP Engineering,FIRST_PRODUCTION_BLOCKING,NOT_REQUIRED,NONE,,"[""src/sip/hybrid.py"",""src/sip/contracts.py"",""src/sip/model_governance.py"",""src/sip/security.py"",""src/sip/audit.py"",""docs/security/THREAT_MODEL.md"",""migrations/versions/0011_governed_hybrid_representation.py""]","[""tests/integration/test_governed_hybrid.py::test_provider_admission_denials_fail_closed_and_retain_safe_evidence"",""tests/integration/test_governed_hybrid.py::test_provider_descriptor_revision_promotion_and_tamper_fail_closed"",""tests/integration/test_governed_hybrid.py::test_provider_training_public_demo_and_retention_require_separate_server_side_authorization""]","[""build/reports/license-gate.json"",""build/reports/test-matrix.json"",""build/reports/tests/integration.xml"",""build/reports/tests/security.xml""]","[""DATA-001"",""GOV-001"",""IAM-001"",""PLT-001""]","[""GOV-002"",""OPS-001""]","Implementation and automated checks exist, but production-environment or full-scope evidence is incomplete; this requirement is intentionally not marked verified."
SECEXT-002,P0,IMPLEMENTED_UNVERIFIED,90-security-ops/913_external_spatial_provider_governance.md,192,14. Normative requirements,"Unknown data processing, retention, training, region, license, or security facts shall default to no production data access.",Governance policy test,SIP Engineering,FIRST_PRODUCTION_BLOCKING,NOT_REQUIRED,NONE,,"[""src/sip/hybrid.py"",""src/sip/contracts.py"",""src/sip/model_governance.py"",""src/sip/security.py"",""src/sip/audit.py"",""docs/security/THREAT_MODEL.md"",""migrations/versions/0011_governed_hybrid_representation.py""]","[""tests/integration/test_governed_hybrid.py::test_provider_admission_denials_fail_closed_and_retain_safe_evidence"",""tests/integration/test_governed_hybrid.py::test_provider_descriptor_revision_promotion_and_tamper_fail_closed"",""tests/integration/test_governed_hybrid.py::test_provider_training_public_demo_and_retention_require_separate_server_side_authorization""]","[""build/reports/license-gate.json"",""build/reports/test-matrix.json"",""build/reports/tests/integration.xml"",""build/reports/tests/security.xml""]","[""DATA-001"",""GOV-001"",""IAM-001"",""PLT-001""]","[""GOV-002"",""OPS-001""]","Implementation and automated checks exist, but production-environment or full-scope evidence is incomplete; this requirement is intentionally not marked verified."
SECEXT-003,P0,IMPLEMENTED_UNVERIFIED,90-security-ops/913_external_spatial_provider_governance.md,193,14. Normative requirements,"Data classification shall account for geometry, layout, inference, relationships, and security context even when textures or obvious identifiers are removed.",Classification review test,SIP Engineering,FIRST_PRODUCTION_BLOCKING,NOT_REQUIRED,NONE,,"[""src/sip/hybrid.py"",""src/sip/contracts.py"",""src/sip/model_governance.py"",""src/sip/security.py"",""src/sip/audit.py"",""docs/security/THREAT_MODEL.md"",""migrations/versions/0011_governed_hybrid_representation.py""]","[""tests/integration/test_governed_hybrid.py::test_spatial_classification_signals_raise_the_floor_and_block_sensitive_external_egress""]","[""build/reports/license-gate.json"",""build/reports/test-matrix.json"",""build/reports/tests/integration.xml"",""build/reports/tests/security.xml""]","[""DATA-001"",""GOV-001"",""IAM-001"",""PLT-001""]","[""GOV-002"",""OPS-001""]","Implementation and automated checks exist, but production-environment or full-scope evidence is incomplete; this requirement is intentionally not marked verified."
SECEXT-004,P0,IMPLEMENTED_UNVERIFIED,90-security-ops/913_external_spatial_provider_governance.md,194,14. Normative requirements,"Manual external use shall follow controlled minimization, export, custody, receipt, import validation, independent review, and deletion/cleanup recording.",Procedure and audit test,SIP Engineering,FIRST_PRODUCTION_BLOCKING,NOT_REQUIRED,NONE,,"[""src/sip/hybrid.py"",""src/sip/contracts.py"",""src/sip/model_governance.py"",""src/sip/security.py"",""src/sip/audit.py"",""docs/security/THREAT_MODEL.md"",""migrations/versions/0011_governed_hybrid_representation.py""]","[""tests/integration/test_governed_hybrid.py::test_manual_external_path_exports_only_non_authoritative_derivatives_and_retains_receipt""]","[""build/reports/license-gate.json"",""build/reports/test-matrix.json"",""build/reports/tests/integration.xml"",""build/reports/tests/security.xml""]","[""DATA-001"",""GOV-001"",""IAM-001"",""PLT-001""]","[""GOV-002"",""OPS-001""]","Implementation and automated checks exist, but production-environment or full-scope evidence is incomplete; this requirement is intentionally not marked verified."
SECEXT-005,P0,IMPLEMENTED_UNVERIFIED,90-security-ops/913_external_spatial_provider_governance.md,195,14. Normative requirements,"Private residential, restricted building-system, critical-infrastructure, biometric, intimate, and LiveForever-sensitive data shall be blocked from public hosted providers unless a specific higher-order approval permits it.",Negative security tests,SIP Engineering,FIRST_PRODUCTION_BLOCKING,NOT_REQUIRED,NONE,,"[""src/sip/hybrid.py"",""src/sip/contracts.py"",""src/sip/model_governance.py"",""src/sip/security.py"",""src/sip/audit.py"",""docs/security/THREAT_MODEL.md"",""migrations/versions/0011_governed_hybrid_representation.py""]","[""tests/integration/test_governed_hybrid.py::test_provider_admission_denials_fail_closed_and_retain_safe_evidence"",""tests/integration/test_governed_hybrid.py::test_spatial_classification_signals_raise_the_floor_and_block_sensitive_external_egress""]","[""build/reports/license-gate.json"",""build/reports/test-matrix.json"",""build/reports/tests/integration.xml"",""build/reports/tests/security.xml""]","[""DATA-001"",""GOV-001"",""IAM-001"",""PLT-001""]","[""GOV-002"",""OPS-001""]","Implementation and automated checks exist, but production-environment or full-scope evidence is incomplete; this requirement is intentionally not marked verified."
SECEXT-006,P0,IMPLEMENTED_UNVERIFIED,90-security-ops/913_external_spatial_provider_governance.md,196,14. Normative requirements,"Provider approval shall separately cover source code, weights, datasets, dependencies, commercial rights, deployment mode, and execution artifact hashes.",License/model gate test,SIP Engineering,FIRST_PRODUCTION_BLOCKING,NOT_REQUIRED,NONE,,"[""src/sip/hybrid.py"",""src/sip/contracts.py"",""src/sip/model_governance.py"",""src/sip/security.py"",""src/sip/audit.py"",""docs/security/THREAT_MODEL.md"",""migrations/versions/0011_governed_hybrid_representation.py""]","[""tests/integration/test_governed_hybrid.py::test_provider_admission_denials_fail_closed_and_retain_safe_evidence"",""tests/integration/test_governed_hybrid.py::test_provider_descriptor_revision_promotion_and_tamper_fail_closed""]","[""build/reports/license-gate.json"",""build/reports/test-matrix.json"",""build/reports/tests/integration.xml"",""build/reports/tests/security.xml""]","[""DATA-001"",""GOV-001"",""IAM-001"",""PLT-001""]","[""GOV-002"",""OPS-001""]","Implementation and automated checks exist, but production-environment or full-scope evidence is incomplete; this requirement is intentionally not marked verified."
SECEXT-007,P0,IMPLEMENTED_UNVERIFIED,90-security-ops/913_external_spatial_provider_governance.md,197,14. Normative requirements,"Provider credentials and object access shall be short-lived, least-privilege, operation-scoped, and revoked at completion or incident.",IAM integration test,SIP Engineering,FIRST_PRODUCTION_BLOCKING,NOT_REQUIRED,NONE,,"[""src/sip/hybrid.py"",""src/sip/contracts.py"",""src/sip/model_governance.py"",""src/sip/security.py"",""src/sip/audit.py"",""docs/security/THREAT_MODEL.md"",""migrations/versions/0011_governed_hybrid_representation.py""]","[""tests/integration/test_governed_hybrid.py::test_conversion_admission_worker_scope_progress_idempotency_and_cancel"",""tests/integration/test_governed_hybrid.py::test_worker_lease_rotation_is_bounded_and_supersedes_prior_credentials""]","[""build/reports/license-gate.json"",""build/reports/test-matrix.json"",""build/reports/tests/integration.xml"",""build/reports/tests/security.xml""]","[""DATA-001"",""GOV-001"",""IAM-001"",""PLT-001""]","[""GOV-002"",""OPS-001""]","Implementation and automated checks exist, but production-environment or full-scope evidence is incomplete; this requirement is intentionally not marked verified."
SECEXT-008,P0,IMPLEMENTED_UNVERIFIED,90-security-ops/913_external_spatial_provider_governance.md,198,14. Normative requirements,"A consented preservation or construction purpose shall not be expanded to provider training, public demonstration, or unrelated retention without separate authorization.",Consent-purpose test,SIP Engineering,FIRST_PRODUCTION_BLOCKING,NOT_REQUIRED,NONE,,"[""src/sip/hybrid.py"",""src/sip/contracts.py"",""src/sip/model_governance.py"",""src/sip/security.py"",""src/sip/audit.py"",""docs/security/THREAT_MODEL.md"",""migrations/versions/0011_governed_hybrid_representation.py""]","[""tests/integration/test_governed_hybrid.py::test_provider_training_public_demo_and_retention_require_separate_server_side_authorization""]","[""build/reports/license-gate.json"",""build/reports/test-matrix.json"",""build/reports/tests/integration.xml"",""build/reports/tests/security.xml""]","[""DATA-001"",""GOV-001"",""IAM-001"",""PLT-001""]","[""GOV-002"",""OPS-001""]","Implementation and automated checks exist, but production-environment or full-scope evidence is incomplete; this requirement is intentionally not marked verified."
SECEXT-009,P1,NOT_STARTED,90-security-ops/913_external_spatial_provider_governance.md,199,14. Normative requirements,"Approved external execution shall use destination controls, egress monitoring, content hashes, signed receipts, quarantine, and return validation appropriate to the data class.",Security integration test,UNASSIGNED,CONTROLLED_POST_P0_MILESTONE,NOT_REQUIRED,NONE,,[],"[""REQ-SECEXT-009""]",[],"[""DATA-001"",""GOV-001"",""IAM-001"",""PLT-001""]","[""GOV-002"",""OPS-001""]",
SECEXT-010,P1,NOT_STARTED,90-security-ops/913_external_spatial_provider_governance.md,200,14. Normative requirements,A provider version or material terms/control change shall enter review or shadow state and shall not inherit approval automatically.,Change-management test,UNASSIGNED,CONTROLLED_POST_P0_MILESTONE,NOT_REQUIRED,NONE,,[],"[""REQ-SECEXT-010""]",[],"[""DATA-001"",""GOV-001"",""IAM-001"",""PLT-001""]","[""GOV-002"",""OPS-001""]",
SECEXT-011,P1,NOT_STARTED,90-security-ops/913_external_spatial_provider_governance.md,201,14. Normative requirements,"Provider exceptions shall be scoped, approved, audited, automatically expiring, and unable to waive truth, consent, legal-hold, or authority rules.",Exception lifecycle test,UNASSIGNED,CONTROLLED_POST_P0_MILESTONE,NOT_REQUIRED,NONE,,[],"[""REQ-SECEXT-011""]",[],"[""DATA-001"",""GOV-001"",""IAM-001"",""PLT-001""]","[""GOV-002"",""OPS-001""]",
SECEXT-012,P1,NOT_STARTED,90-security-ops/913_external_spatial_provider_governance.md,202,14. Normative requirements,"Incidents shall identify and withdraw affected source, derivative, publication, cache, and export assets while preserving investigation evidence.",Incident exercise,UNASSIGNED,CONTROLLED_POST_P0_MILESTONE,NOT_REQUIRED,NONE,,[],"[""REQ-SECEXT-012""]",[],"[""DATA-001"",""GOV-001"",""IAM-001"",""PLT-001""]","[""GOV-002"",""OPS-001""]",
SECEXT-013,P1,NOT_STARTED,90-security-ops/913_external_spatial_provider_governance.md,203,14. Normative requirements,Local-only deployments shall deny network-required providers by default and expose the attempted egress in audit.,Local deployment test,UNASSIGNED,CONTROLLED_POST_P0_MILESTONE,NOT_REQUIRED,NONE,,[],"[""REQ-SECEXT-013""]",[],"[""DATA-001"",""GOV-001"",""IAM-001"",""PLT-001""]","[""GOV-002"",""OPS-001""]",
SECEXT-014,P1,NOT_STARTED,90-security-ops/913_external_spatial_provider_governance.md,204,14. Normative requirements,"SplatEdit shall remain limited to synthetic, public, or explicitly public-cleared fixtures until its production-relevant processing and permission posture is approved.",Provider registry test,UNASSIGNED,CONTROLLED_POST_P0_MILESTONE,NOT_REQUIRED,NONE,,[],"[""REQ-SECEXT-014""]",[],"[""DATA-001"",""GOV-001"",""IAM-001"",""PLT-001""]","[""GOV-002"",""OPS-001""]",
SECEXT-015,P1,NOT_STARTED,90-security-ops/913_external_spatial_provider_governance.md,205,14. Normative requirements,"Output from an external provider shall be treated as untrusted content and parsed, scanned, registered, and validated in isolation.",Malformed asset test,UNASSIGNED,CONTROLLED_POST_P0_MILESTONE,NOT_REQUIRED,NONE,,[],"[""REQ-SECEXT-015""]",[],"[""DATA-001"",""GOV-001"",""IAM-001"",""PLT-001""]","[""GOV-002"",""OPS-001""]",
SECEXT-016,P1,NOT_STARTED,90-security-ops/913_external_spatial_provider_governance.md,206,14. Normative requirements,"Operational telemetry about provider use shall not contain raw geometry, media, transcripts, secrets, or unnecessary precise locations.",Logging privacy test,UNASSIGNED,CONTROLLED_POST_P0_MILESTONE,NOT_REQUIRED,NONE,,[],"[""REQ-SECEXT-016""]",[],"[""DATA-001"",""GOV-001"",""IAM-001"",""PLT-001""]","[""GOV-002"",""OPS-001""]",
TSTSTRAT-001,P0,IN_PROGRESS,95-testing-delivery/950_test_strategy.md,36,4. Normative requirements,"Every P0 requirement shall map to an automated test, controlled field procedure, review artifact, or continuously monitored control.",Controlled verification,SIP Engineering,FIRST_PRODUCTION_BLOCKING,NOT_REQUIRED,NONE,,"[""tools/run_test_matrix.py"",""tools/update_requirements.py"",""src/sip/spec_lint.py"",""requirements/requirements-ledger.json""]","[""tests/contract/test_spec_lint.py::test_requirements_outputs_are_queryable_and_have_controlled_test_plans""]","[""build/reports/test-matrix.json"",""build/reports/tests/contract.xml""]","[""CAP-005"",""CON-004"",""GOV-001"",""LIF-003"",""OPS-004"",""QA-001"",""REC-005""]","[""QA-001"",""QA-002""]","A controlled implementation/test boundary exists, but the normative requirement is broader than the retained evidence and remains in progress."
TSTSTRAT-002,P0,IN_PROGRESS,95-testing-delivery/950_test_strategy.md,37,4. Normative requirements,"Test evidence shall include input hashes, environment, version, output, result, thresholds, and reviewer when manual.",Automated test,SIP Engineering,FIRST_PRODUCTION_BLOCKING,NOT_REQUIRED,NONE,,"[""tools/run_test_matrix.py"",""tools/update_requirements.py"",""src/sip/spec_lint.py"",""requirements/requirements-ledger.json""]","[""tests/contract/test_spec_lint.py::test_requirements_outputs_are_queryable_and_have_controlled_test_plans"",""tests/contract/test_spec_lint.py::test_test_matrix_contract_is_fail_closed_without_reading_the_live_matrix"",""tests/contract/test_test_matrix_resume.py::test_active_staging_is_isolated_from_published_report_cleanup"",""tests/contract/test_test_matrix_resume.py::test_finalized_shard_records_use_repository_relative_live_paths"",""tests/contract/test_test_matrix_resume.py::test_generated_traceability_outputs_do_not_create_a_test_evidence_bootstrap_loop"",""tests/contract/test_test_matrix_resume.py::test_isolated_pytest_runner_terminates_when_controller_disappears"",""tests/contract/test_test_matrix_resume.py::test_source_tree_hash_prunes_generated_trees_and_changes_only_for_relevant_source"",""tests/contract/test_test_matrix_resume.py::test_stage_owner_token_rejects_orphaned_shard_writes"",""tests/contract/test_test_matrix_resume.py::test_staged_shard_resume_is_hash_bound_and_rejects_mutation"",""tests/contract/test_test_matrix_resume.py::test_staged_shard_resume_rejects_evidence_outside_atomic_staging_root"",""tests/contract/test_test_matrix_resume.py::test_suite_sidecar_rejects_changed_source_or_tampered_outputs"",""tests/contract/test_test_matrix_resume.py::test_suite_writer_lease_serializes_independent_processes"",""tests/contract/test_test_matrix_resume.py::test_traceability_shard_resume_is_invalidated_by_generated_input_change_without_matrix_bootstrap"",""tests/contract/test_traceability_evidence.py::test_post_commit_traceability_gate_requires_every_declared_artifact"",""tests/contract/test_traceability_evidence.py::test_traceability_rejects_stale_or_tampered_canonical_junit"",""tests/e2e/test_platform_demonstrations.py::test_demo_evidence_wrapper_serializes_temporal_values_and_hashes_exact_report""]","[""build/reports/test-matrix.json"",""build/reports/tests/contract.xml"",""build/reports/tests/e2e.xml""]","[""CAP-005"",""CON-004"",""GOV-001"",""LIF-003"",""OPS-004"",""QA-001"",""REC-005""]","[""QA-001"",""QA-002""]","A controlled implementation/test boundary exists, but the normative requirement is broader than the retained evidence and remains in progress."
TSTSTRAT-003,P0,NOT_STARTED,95-testing-delivery/950_test_strategy.md,38,4. Normative requirements,"The strategy shall cover unit, property, contract, integration, end-to-end, field, benchmark, load, resilience, security, privacy, accessibility, migration, backup, and acceptance testing.",Controlled verification,UNASSIGNED,FIRST_PRODUCTION_BLOCKING,NOT_REQUIRED,NONE,,[],"[""REQ-TSTSTRAT-003""]",[],"[""CAP-005"",""CON-004"",""GOV-001"",""LIF-003"",""OPS-004"",""QA-001"",""REC-005""]","[""QA-001"",""QA-002""]",
TSTSTRAT-004,P1,NOT_STARTED,95-testing-delivery/950_test_strategy.md,39,4. Normative requirements,Failed critical tests shall block release unless an allowed waiver with compensating control exists.,Controlled verification,UNASSIGNED,CONTROLLED_POST_P0_MILESTONE,NOT_REQUIRED,NONE,,[],"[""REQ-TSTSTRAT-004""]",[],"[""CAP-005"",""CON-004"",""GOV-001"",""LIF-003"",""OPS-004"",""QA-001"",""REC-005""]","[""QA-001"",""QA-002""]",
TSTSTRAT-005,P1,NOT_STARTED,95-testing-delivery/950_test_strategy.md,40,4. Normative requirements,Test data shall be synthetic or consented and follow retention/access policy.,Controlled verification,UNASSIGNED,CONTROLLED_POST_P0_MILESTONE,NOT_REQUIRED,NONE,,[],"[""REQ-TSTSTRAT-005""]",[],"[""CAP-005"",""CON-004"",""GOV-001"",""LIF-003"",""OPS-004"",""QA-001"",""REC-005""]","[""QA-001"",""QA-002""]",
TSTSTRAT-006,P1,NOT_STARTED,95-testing-delivery/950_test_strategy.md,41,4. Normative requirements,Flaky tests shall be quarantined only with owner and expiry and cannot represent sole P0 evidence.,Controlled verification,UNASSIGNED,CONTROLLED_POST_P0_MILESTONE,NOT_REQUIRED,NONE,,[],"[""REQ-TSTSTRAT-006""]",[],"[""CAP-005"",""CON-004"",""GOV-001"",""LIF-003"",""OPS-004"",""QA-001"",""REC-005""]","[""QA-001"",""QA-002""]",
TSTLAY-001,P0,NOT_STARTED,95-testing-delivery/951_unit_integration_e2e.md,36,4. Normative requirements,"Coordinate math shall have property tests for identity, inverse, composition, units, and camera ray round trips.",Controlled verification,UNASSIGNED,FIRST_PRODUCTION_BLOCKING,NOT_REQUIRED,NONE,,[],"[""REQ-TSTLAY-001""]",[],"[""CAP-005"",""GOV-001"",""REC-005""]","[""QA-001""]",
TSTLAY-002,P0,IN_PROGRESS,95-testing-delivery/951_unit_integration_e2e.md,37,4. Normative requirements,"CSCP validators shall have malformed, adversarial, backward-compatible, and forward-unknown-field fixtures.",Controlled verification,SIP Engineering,FIRST_PRODUCTION_BLOCKING,NOT_REQUIRED,NONE,,"[""src/sip/capture.py"",""src/sip/worker_sandbox.py"",""tools/run_test_matrix.py"",""tests/fixtures""]","[""tests/contract/test_delivery_tools.py::test_synthetic_fixture_corpus_is_deterministic_hashed_and_fail_closed"",""tests/e2e/test_platform_demonstrations.py::test_malformed_spatial_archive_is_bounded_and_cannot_publish""]","[""build/reports/test-matrix.json"",""build/reports/tests/contract.xml"",""build/reports/tests/e2e.xml""]","[""CAP-005"",""GOV-001"",""REC-005""]","[""QA-001""]","A controlled implementation/test boundary exists, but the normative requirement is broader than the retained evidence and remains in progress."
TSTLAY-003,P0,NOT_STARTED,95-testing-delivery/951_unit_integration_e2e.md,38,4. Normative requirements,"API/event tests shall cover idempotency, retries, concurrency, authorization, pagination, and schema compatibility.",Automated test,UNASSIGNED,FIRST_PRODUCTION_BLOCKING,NOT_REQUIRED,NONE,,[],"[""REQ-TSTLAY-003""]",[],"[""CAP-005"",""GOV-001"",""REC-005""]","[""QA-001""]",
TSTLAY-004,P1,IN_PROGRESS,95-testing-delivery/951_unit_integration_e2e.md,39,4. Normative requirements,"Worker tests shall verify resource limits, cancellation, checkpoints, hash validation, and unapproved-model rejection.",Automated test,SIP Engineering,CONTROLLED_POST_P0_MILESTONE,NOT_REQUIRED,NONE,,"[""src/sip/capture.py"",""src/sip/worker_sandbox.py"",""tools/run_test_matrix.py"",""tests/fixtures""]","[""tests/contract/test_delivery_tools.py::test_synthetic_fixture_corpus_is_deterministic_hashed_and_fail_closed"",""tests/contract/test_worker_manifests.py::test_worker_manifests_are_immutable_least_privilege_and_cover_registry"",""tests/security/test_worker_sandbox.py::test_worker_sandbox_denies_network_and_shell_but_allows_trusted_control_io""]","[""build/reports/test-matrix.json"",""build/reports/tests/contract.xml"",""build/reports/tests/security.xml""]","[""CAP-005"",""GOV-001"",""REC-005""]","[""QA-001""]","A controlled implementation/test boundary exists, but the normative requirement is broader than the retained evidence and remains in progress."
TSTLAY-005,P1,NOT_STARTED,95-testing-delivery/951_unit_integration_e2e.md,40,4. Normative requirements,"End-to-end tests shall cover capture ingest through scene publication, review, search, viewer metadata, export, and deletion request.",Controlled verification,UNASSIGNED,CONTROLLED_POST_P0_MILESTONE,NOT_REQUIRED,NONE,,[],"[""REQ-TSTLAY-005""]",[],"[""CAP-005"",""GOV-001"",""REC-005""]","[""QA-001""]",
TSTLAY-006,P1,NOT_STARTED,95-testing-delivery/951_unit_integration_e2e.md,41,4. Normative requirements,Golden updates shall include comparison reports and reviewer approval.,Controlled verification,UNASSIGNED,CONTROLLED_POST_P0_MILESTONE,NOT_REQUIRED,NONE,,[],"[""REQ-TSTLAY-006""]",[],"[""CAP-005"",""GOV-001"",""REC-005""]","[""QA-001""]",
TSTGEO-001,P0,NOT_STARTED,95-testing-delivery/952_sensor_geometry_tests.md,36,4. Normative requirements,"Synthetic fixtures shall validate intrinsics, distortion, unprojection, transform convention, interpolation, and scale.",Automated test,UNASSIGNED,FIRST_PRODUCTION_BLOCKING,NOT_REQUIRED,NONE,,[],"[""REQ-TSTGEO-001""]",[],"[""CAP-005"",""GOV-001"",""PLT-004"",""QA-001"",""REC-005"",""REC-008"",""REC-009""]","[""QA-001"",""QA-003""]",
TSTGEO-002,P0,NOT_STARTED,95-testing-delivery/952_sensor_geometry_tests.md,37,4. Normative requirements,"Physical rigs/rooms shall include known dimensions, planes, corners, thin structures, reflective surfaces, repeated texture, stairs, and loops.",Controlled verification,UNASSIGNED,FIRST_PRODUCTION_BLOCKING,NOT_REQUIRED,NONE,,[],"[""REQ-TSTGEO-002""]",[],"[""CAP-005"",""GOV-001"",""PLT-004"",""QA-001"",""REC-005"",""REC-008"",""REC-009""]","[""QA-001"",""QA-003""]",
TSTGEO-003,P0,NOT_STARTED,95-testing-delivery/952_sensor_geometry_tests.md,38,4. Normative requirements,Cross-device and cross-session tests shall measure transform repeatability and change-detection false positives.,Controlled verification,UNASSIGNED,FIRST_PRODUCTION_BLOCKING,NOT_REQUIRED,NONE,,[],"[""REQ-TSTGEO-003""]",[],"[""CAP-005"",""GOV-001"",""PLT-004"",""QA-001"",""REC-005"",""REC-008"",""REC-009""]","[""QA-001"",""QA-003""]",
TSTGEO-004,P1,NOT_STARTED,95-testing-delivery/952_sensor_geometry_tests.md,39,4. Normative requirements,Measurements shall be compared against calibrated independent tools and reported by range/orientation/surface type.,Controlled verification,UNASSIGNED,CONTROLLED_POST_P0_MILESTONE,NOT_REQUIRED,NONE,,[],"[""REQ-TSTGEO-004""]",[],"[""CAP-005"",""GOV-001"",""PLT-004"",""QA-001"",""REC-005"",""REC-008"",""REC-009""]","[""QA-001"",""QA-003""]",
TSTGEO-005,P1,NOT_STARTED,95-testing-delivery/952_sensor_geometry_tests.md,40,4. Normative requirements,LingBot and other learned outputs shall be evaluated independently and in fusion.,Controlled verification,UNASSIGNED,CONTROLLED_POST_P0_MILESTONE,NOT_REQUIRED,NONE,,[],"[""REQ-TSTGEO-005""]",[],"[""CAP-005"",""GOV-001"",""PLT-004"",""QA-001"",""REC-005"",""REC-008"",""REC-009""]","[""QA-001"",""QA-003""]",
TSTGEO-006,P1,NOT_STARTED,95-testing-delivery/952_sensor_geometry_tests.md,41,4. Normative requirements,A passing visual render shall not substitute for numeric trajectory/surface tests.,Controlled verification,UNASSIGNED,CONTROLLED_POST_P0_MILESTONE,NOT_REQUIRED,NONE,,[],"[""REQ-TSTGEO-006""]",[],"[""CAP-005"",""GOV-001"",""PLT-004"",""QA-001"",""REC-005"",""REC-008"",""REC-009""]","[""QA-001"",""QA-003""]",
TSTSEC-001,P0,IMPLEMENTED_UNVERIFIED,95-testing-delivery/953_security_privacy_tests.md,36,4. Normative requirements,"Tests shall attempt unauthorized discovery through IDs, counts, search snippets, vectors, thumbnails, tiles, caches, logs, share links, signed URLs, exports, and agent tools.",Controlled verification,SIP Engineering,FIRST_PRODUCTION_BLOCKING,NOT_REQUIRED,NONE,,"[""src/sip/capture.py"",""src/sip/security.py"",""src/sip/worker_sandbox.py"",""tests/fixtures""]","[""tests/integration/test_desktop_review.py::test_desktop_http_profile_is_loopback_host_origin_and_csrf_safe"",""tests/integration/test_desktop_review.py::test_desktop_live_http_authorizes_before_emitting_exactly_one_status"",""tests/integration/test_scene_runtime_review.py::test_scene_runtime_scope_is_fail_closed_across_tenants""]","[""build/reports/test-matrix.json"",""build/reports/tests/integration.xml""]","[""CON-004"",""DATA-001"",""IAM-001"",""LIF-003"",""OPS-004"",""PLT-001"",""QA-001""]","[""OPS-001"",""QA-002""]","Implementation and automated checks exist, but production-environment or full-scope evidence is incomplete; this requirement is intentionally not marked verified."
TSTSEC-002,P0,NOT_STARTED,95-testing-delivery/953_security_privacy_tests.md,37,4. Normative requirements,"Consent restriction/revocation shall propagate to processing, viewer, search, agents, reports, notifications, exports, and future model training.",Controlled verification,UNASSIGNED,FIRST_PRODUCTION_BLOCKING,NOT_REQUIRED,NONE,,[],"[""REQ-TSTSEC-002""]",[],"[""CON-004"",""DATA-001"",""IAM-001"",""LIF-003"",""OPS-004"",""PLT-001"",""QA-001""]","[""OPS-001"",""QA-002""]",
TSTSEC-003,P0,IN_PROGRESS,95-testing-delivery/953_security_privacy_tests.md,38,4. Normative requirements,"File ingestion shall test malicious archives, media parsers, oversized dimensions, embedded scripts, and metadata injection.",Controlled verification,SIP Engineering,FIRST_PRODUCTION_BLOCKING,NOT_REQUIRED,NONE,,"[""src/sip/capture.py"",""src/sip/security.py"",""src/sip/worker_sandbox.py"",""tests/fixtures""]","[""tests/contract/test_delivery_tools.py::test_synthetic_fixture_corpus_is_deterministic_hashed_and_fail_closed"",""tests/e2e/test_platform_demonstrations.py::test_malformed_spatial_archive_is_bounded_and_cannot_publish""]","[""build/reports/test-matrix.json"",""build/reports/tests/contract.xml"",""build/reports/tests/e2e.xml""]","[""CON-004"",""DATA-001"",""IAM-001"",""LIF-003"",""OPS-004"",""PLT-001"",""QA-001""]","[""OPS-001"",""QA-002""]","A controlled implementation/test boundary exists, but the normative requirement is broader than the retained evidence and remains in progress."
TSTSEC-004,P1,NOT_STARTED,95-testing-delivery/953_security_privacy_tests.md,39,4. Normative requirements,"Agent tests shall cover destructive requests, role confusion, evidence fabrication, source-label removal, and speaking as an unconsented person.",Controlled verification,UNASSIGNED,CONTROLLED_POST_P0_MILESTONE,NOT_REQUIRED,NONE,,[],"[""REQ-TSTSEC-004""]",[],"[""CON-004"",""DATA-001"",""IAM-001"",""LIF-003"",""OPS-004"",""PLT-001"",""QA-001""]","[""OPS-001"",""QA-002""]",
TSTSEC-005,P1,NOT_STARTED,95-testing-delivery/953_security_privacy_tests.md,40,4. Normative requirements,"Deletion tests shall verify canonical, derivatives, indexes, caches, links, and backup expiry behavior.",Controlled verification,UNASSIGNED,CONTROLLED_POST_P0_MILESTONE,NOT_REQUIRED,NONE,,[],"[""REQ-TSTSEC-005""]",[],"[""CON-004"",""DATA-001"",""IAM-001"",""LIF-003"",""OPS-004"",""PLT-001"",""QA-001""]","[""OPS-001"",""QA-002""]",
TSTSEC-006,P1,NOT_STARTED,95-testing-delivery/953_security_privacy_tests.md,41,4. Normative requirements,Incident and support access controls shall be exercised through realistic scenarios.,Controlled verification,UNASSIGNED,CONTROLLED_POST_P0_MILESTONE,NOT_REQUIRED,NONE,,[],"[""REQ-TSTSEC-006""]",[],"[""CON-004"",""DATA-001"",""IAM-001"",""LIF-003"",""OPS-004"",""PLT-001"",""QA-001""]","[""OPS-001"",""QA-002""]",
TSTDATA-001,P0,NOT_STARTED,95-testing-delivery/954_dataset_benchmark_plan.md,36,4. Normative requirements,"Each dataset shall document purpose, source, consent/rights, license, subjects/locations, sensitivities, allowed uses, retention, splits, ground truth, known bias, and hash manifest.",Automated test,UNASSIGNED,FIRST_PRODUCTION_BLOCKING,NOT_REQUIRED,NONE,,[],"[""REQ-TSTDATA-001""]",[],"[""CAP-005"",""GOV-001"",""PLT-004"",""QA-001"",""REC-005"",""REC-008"",""REC-009""]","[""QA-001"",""QA-003""]",
TSTDATA-002,P0,NOT_STARTED,95-testing-delivery/954_dataset_benchmark_plan.md,37,4. Normative requirements,Train/tune/test leakage shall be assessed for any model adapted by the team.,Controlled verification,UNASSIGNED,FIRST_PRODUCTION_BLOCKING,NOT_REQUIRED,NONE,,[],"[""REQ-TSTDATA-002""]",[],"[""CAP-005"",""GOV-001"",""PLT-004"",""QA-001"",""REC-005"",""REC-008"",""REC-009""]","[""QA-001"",""QA-003""]",
TSTDATA-003,P0,NOT_STARTED,95-testing-delivery/954_dataset_benchmark_plan.md,38,4. Normative requirements,"Ground truth shall state equipment/method, calibration, uncertainty, alignment, and processing.",Controlled verification,UNASSIGNED,FIRST_PRODUCTION_BLOCKING,NOT_REQUIRED,NONE,,[],"[""REQ-TSTDATA-003""]",[],"[""CAP-005"",""GOV-001"",""PLT-004"",""QA-001"",""REC-005"",""REC-008"",""REC-009""]","[""QA-001"",""QA-003""]",
TSTDATA-004,P1,NOT_STARTED,95-testing-delivery/954_dataset_benchmark_plan.md,39,4. Normative requirements,Field pilots shall use data agreements that separate service delivery from model improvement.,Controlled verification,UNASSIGNED,CONTROLLED_POST_P0_MILESTONE,NOT_REQUIRED,NONE,,[],"[""REQ-TSTDATA-004""]",[],"[""CAP-005"",""GOV-001"",""PLT-004"",""QA-001"",""REC-005"",""REC-008"",""REC-009""]","[""QA-001"",""QA-003""]",
TSTDATA-005,P1,NOT_STARTED,95-testing-delivery/954_dataset_benchmark_plan.md,40,4. Normative requirements,Public result publication shall respect location/security and personal privacy.,Controlled verification,UNASSIGNED,CONTROLLED_POST_P0_MILESTONE,NOT_REQUIRED,NONE,,[],"[""REQ-TSTDATA-005""]",[],"[""CAP-005"",""GOV-001"",""PLT-004"",""QA-001"",""REC-005"",""REC-008"",""REC-009""]","[""QA-001"",""QA-003""]",
TSTDATA-006,P1,NOT_STARTED,95-testing-delivery/954_dataset_benchmark_plan.md,41,4. Normative requirements,Dataset withdrawal shall identify affected models/results and trigger governance review.,Controlled verification,UNASSIGNED,CONTROLLED_POST_P0_MILESTONE,NOT_REQUIRED,NONE,,[],"[""REQ-TSTDATA-006""]",[],"[""CAP-005"",""GOV-001"",""PLT-004"",""QA-001"",""REC-005"",""REC-008"",""REC-009""]","[""QA-001"",""QA-003""]",
TSTGATE-001,P0,NOT_STARTED,95-testing-delivery/955_release_gates.md,36,4. Normative requirements,"Research release shall use authorized test data, explicit research labels, and no commercial/customer output from unapproved models.",Controlled verification,UNASSIGNED,FIRST_PRODUCTION_BLOCKING,NOT_REQUIRED,NONE,,[],"[""REQ-TSTGATE-001""]",[],"[""CON-004"",""LIF-003"",""OPS-004"",""QA-001""]","[""QA-002""]",
TSTGATE-002,P0,NOT_STARTED,95-testing-delivery/955_release_gates.md,37,4. Normative requirements,"Pilot release shall define operating envelope, customer consent, support plan, measurement limitations, and rollback/export.",Controlled verification,UNASSIGNED,FIRST_PRODUCTION_BLOCKING,NOT_REQUIRED,NONE,,[],"[""REQ-TSTGATE-002""]",[],"[""CON-004"",""LIF-003"",""OPS-004"",""QA-001""]","[""QA-002""]",
TSTGATE-003,P0,IN_PROGRESS,95-testing-delivery/955_release_gates.md,38,4. Normative requirements,"Production release shall pass all P0 requirements, vulnerability/SBOM/license review, benchmark thresholds, consent/truth-label tests, backup restore, migration, load, and acceptance scenarios.",Controlled verification,SIP Engineering,FIRST_PRODUCTION_BLOCKING,NOT_REQUIRED,NONE,,"[""src/sip/spec_lint.py"",""tools/release.py"","".github/workflows/release.yml""]","[""tests/contract/test_checkpoint_acceptance_status.py::test_acceptance_preserves_blocked_child_and_distinguishes_command_error"",""tests/contract/test_checkpoint_acceptance_status.py::test_acceptance_relative_output_is_rooted_in_repository"",""tests/contract/test_checkpoint_acceptance_status.py::test_acceptance_separates_command_execution_from_child_control_completeness"",""tests/contract/test_checkpoint_acceptance_status.py::test_acceptance_snapshots_each_child_report_before_a_shared_path_is_overwritten"",""tests/contract/test_delivery_tools.py::test_release_readiness_fails_closed_for_open_gates"",""tests/contract/test_progress05_traceability_audit.py::test_progress05_traceability_audit_artifact_has_no_drift"",""tests/contract/test_progress05_traceability_audit.py::test_progress05_traceability_is_semantically_audited_and_linked_tests_declare_ids"",""tests/contract/test_spec_lint.py::test_release_spec_gate_fails_closed_on_unverified_requirements""]","[""build/reports/release-report.json"",""build/reports/spec-lint.json"",""build/reports/test-matrix.json"",""build/reports/tests/contract.xml""]","[""CON-004"",""LIF-003"",""OPS-004"",""QA-001""]","[""QA-002""]","A controlled implementation/test boundary exists, but the normative requirement is broader than the retained evidence and remains in progress."
TSTGATE-004,P1,NOT_STARTED,95-testing-delivery/955_release_gates.md,39,4. Normative requirements,"Enterprise release shall additionally pass tenant isolation, SSO/audit, retention/legal hold, DR, scale, and support controls.",Controlled verification,UNASSIGNED,CONTROLLED_POST_P0_MILESTONE,NOT_REQUIRED,NONE,,[],"[""REQ-TSTGATE-004""]",[],"[""CON-004"",""LIF-003"",""OPS-004"",""QA-001""]","[""QA-002""]",
TSTGATE-005,P1,NOT_STARTED,95-testing-delivery/955_release_gates.md,40,4. Normative requirements,Known limitations shall be included in release notes and UI where they affect use.,Controlled verification,UNASSIGNED,CONTROLLED_POST_P0_MILESTONE,NOT_REQUIRED,NONE,,[],"[""REQ-TSTGATE-005""]",[],"[""CON-004"",""LIF-003"",""OPS-004"",""QA-001""]","[""QA-002""]",
TSTGATE-006,P1,NOT_STARTED,95-testing-delivery/955_release_gates.md,41,4. Normative requirements,Rollback shall be rehearsed before production promotion.,Controlled verification,UNASSIGNED,CONTROLLED_POST_P0_MILESTONE,NOT_REQUIRED,NONE,,[],"[""REQ-TSTGATE-006""]",[],"[""CON-004"",""LIF-003"",""OPS-004"",""QA-001""]","[""QA-002""]",
TSTGATE-007,P0,NOT_STARTED,95-testing-delivery/955_release_gates.md,136,15. Version 1.1 hybrid-representation release gate,"A surface provider shall not enter production without current legal, privacy, security, reproducibility, and stratified benchmark approval.",Release review,UNASSIGNED,FIRST_PRODUCTION_BLOCKING,NOT_REQUIRED,NONE,,[],"[""REQ-TSTGATE-007""]",[],"[""CON-004"",""LIF-003"",""OPS-004"",""QA-001""]","[""QA-002""]",
TSTGATE-008,P0,NOT_STARTED,95-testing-delivery/955_release_gates.md,137,15. Version 1.1 hybrid-representation release gate,"Raycast, render, collision, navigation, occlusion, audio, and measurement suitability shall be gated independently.",Quality-profile test,UNASSIGNED,FIRST_PRODUCTION_BLOCKING,NOT_REQUIRED,NONE,,[],"[""REQ-TSTGATE-008""]",[],"[""CON-004"",""LIF-003"",""OPS-004"",""QA-001""]","[""QA-002""]",
TSTGATE-009,P0,NOT_STARTED,95-testing-delivery/955_release_gates.md,138,15. Version 1.1 hybrid-representation release gate,Production promotion shall prove proxy authority restrictions in Construction and LiveForever end-to-end scenarios.,Acceptance test,UNASSIGNED,FIRST_PRODUCTION_BLOCKING,NOT_REQUIRED,NONE,,[],"[""REQ-TSTGATE-009""]",[],"[""CON-004"",""LIF-003"",""OPS-004"",""QA-001""]","[""QA-002""]",
TSTGATE-010,P1,NOT_STARTED,95-testing-delivery/955_release_gates.md,139,15. Version 1.1 hybrid-representation release gate,"Release evidence shall include native-hybrid comparison, open export/import, non-splat fallback, provider replacement, and rollback.",Release evidence audit,UNASSIGNED,CONTROLLED_POST_P0_MILESTONE,NOT_REQUIRED,NONE,,[],"[""REQ-TSTGATE-010""]",[],"[""CON-004"",""LIF-003"",""OPS-004"",""QA-001""]","[""QA-002""]",
TSTGATE-011,P1,NOT_STARTED,95-testing-delivery/955_release_gates.md,140,15. Version 1.1 hybrid-representation release gate,Known proxy gaps and prohibited uses shall appear in machine-readable limitations and applicable UI/report surfaces.,Documentation/UI test,UNASSIGNED,CONTROLLED_POST_P0_MILESTONE,NOT_REQUIRED,NONE,,[],"[""REQ-TSTGATE-011""]",[],"[""CON-004"",""LIF-003"",""OPS-004"",""QA-001""]","[""QA-002""]",
TSTGATE-012,P1,NOT_STARTED,95-testing-delivery/955_release_gates.md,141,15. Version 1.1 hybrid-representation release gate,A provider/license/terms change shall trigger re-review before subsequent production execution.,Governance test,UNASSIGNED,CONTROLLED_POST_P0_MILESTONE,NOT_REQUIRED,NONE,,[],"[""REQ-TSTGATE-012""]",[],"[""CON-004"",""LIF-003"",""OPS-004"",""QA-001""]","[""QA-002""]",
DELMVP-001,P0,NOT_STARTED,95-testing-delivery/956_mvp_plan.md,36,4. Normative requirements,MVP shall ingest first-party iPhone and Polycam raw capture fixtures.,Controlled verification,UNASSIGNED,FIRST_PRODUCTION_BLOCKING,NOT_REQUIRED,NONE,,[],"[""REQ-DELMVP-001""]",[],"[""CON-004"",""LIF-003"",""OPS-004"",""QA-001""]","[""QA-002""]",
DELMVP-002,P0,NOT_STARTED,95-testing-delivery/956_mvp_plan.md,37,4. Normative requirements,"MVP shall run ARKit/LiDAR metric processing, a gated LingBot research adapter, alignment, TSDF/mesh, quality summary, and browser publication.",Controlled verification,UNASSIGNED,FIRST_PRODUCTION_BLOCKING,NOT_REQUIRED,NONE,,[],"[""REQ-DELMVP-002""]",[],"[""CON-004"",""LIF-003"",""OPS-004"",""QA-001""]","[""QA-002""]",
DELMVP-003,P0,NOT_STARTED,95-testing-delivery/956_mvp_plan.md,38,4. Normative requirements,"MVP shall create stable entities, anchors, evidence, assertions, tasks, scene commits, diff, search, and open export.",Controlled verification,UNASSIGNED,FIRST_PRODUCTION_BLOCKING,NOT_REQUIRED,NONE,,[],"[""REQ-DELMVP-003""]",[],"[""CON-004"",""LIF-003"",""OPS-004"",""QA-001""]","[""QA-002""]",
DELMVP-004,P1,NOT_STARTED,95-testing-delivery/956_mvp_plan.md,39,4. Normative requirements,"Construction demo shall include a systems room, devices/door/equipment, drawing link, issue, measurement verification, and report.",Controlled verification,UNASSIGNED,CONTROLLED_POST_P0_MILESTONE,NOT_REQUIRED,NONE,,[],"[""REQ-DELMVP-004""]",[],"[""CON-004"",""LIF-003"",""OPS-004"",""QA-001""]","[""QA-002""]",
DELMVP-005,P1,NOT_STARTED,95-testing-delivery/956_mvp_plan.md,40,4. Normative requirements,"LiveForever demo shall include a room, object, interview stories, old media, uncertainty/conflict, evidence view, consent, and preservation export.",Controlled verification,UNASSIGNED,CONTROLLED_POST_P0_MILESTONE,NOT_REQUIRED,NONE,,[],"[""REQ-DELMVP-005""]",[],"[""CON-004"",""LIF-003"",""OPS-004"",""QA-001""]","[""QA-002""]",
DELMVP-006,P1,NOT_STARTED,95-testing-delivery/956_mvp_plan.md,41,4. Normative requirements,MVP shall run local workstation or hybrid and document production blockers.,Controlled verification,UNASSIGNED,CONTROLLED_POST_P0_MILESTONE,NOT_REQUIRED,NONE,,[],"[""REQ-DELMVP-006""]",[],"[""CON-004"",""LIF-003"",""OPS-004"",""QA-001""]","[""QA-002""]",
DELROAD-001,P0,NOT_STARTED,95-testing-delivery/957_roadmap.md,36,4. Normative requirements,"Every roadmap item shall name prerequisites, customer outcome, architecture impact, risk, acceptance, and deprecation/migration implications.",Controlled verification,UNASSIGNED,FIRST_PRODUCTION_BLOCKING,NOT_REQUIRED,NONE,,[],"[""REQ-DELROAD-001""]",[],"[""CON-004"",""LIF-003"",""OPS-004"",""QA-001""]","[""QA-002""]",
DELROAD-002,P0,NOT_STARTED,95-testing-delivery/957_roadmap.md,37,4. Normative requirements,Quarter labels shall not substitute for dependency-based sequencing.,Controlled verification,UNASSIGNED,FIRST_PRODUCTION_BLOCKING,NOT_REQUIRED,NONE,,[],"[""REQ-DELROAD-002""]",[],"[""CON-004"",""LIF-003"",""OPS-004"",""QA-001""]","[""QA-002""]",
DELROAD-003,P0,NOT_STARTED,95-testing-delivery/957_roadmap.md,38,4. Normative requirements,"Research spikes shall have time bounds and decisions, not become unowned permanent forks.",Controlled verification,UNASSIGNED,FIRST_PRODUCTION_BLOCKING,NOT_REQUIRED,NONE,,[],"[""REQ-DELROAD-003""]",[],"[""CON-004"",""LIF-003"",""OPS-004"",""QA-001""]","[""QA-002""]",
DELROAD-004,P1,NOT_STARTED,95-testing-delivery/957_roadmap.md,39,4. Normative requirements,Commercial dependencies shall have fallback/exit paths.,Controlled verification,UNASSIGNED,CONTROLLED_POST_P0_MILESTONE,NOT_REQUIRED,NONE,,[],"[""REQ-DELROAD-004""]",[],"[""CON-004"",""LIF-003"",""OPS-004"",""QA-001""]","[""QA-002""]",
DELROAD-005,P1,NOT_STARTED,95-testing-delivery/957_roadmap.md,40,4. Normative requirements,"Roadmap review shall use pilot evidence, benchmark results, cost, support burden, and consent/security incidents.",Controlled verification,UNASSIGNED,CONTROLLED_POST_P0_MILESTONE,NOT_REQUIRED,NONE,,[],"[""REQ-DELROAD-005""]",[],"[""CON-004"",""LIF-003"",""OPS-004"",""QA-001""]","[""QA-002""]",
DELROAD-006,P1,NOT_STARTED,95-testing-delivery/957_roadmap.md,41,4. Normative requirements,The roadmap shall preserve local-only and open-export commitments as capabilities expand.,Controlled verification,UNASSIGNED,CONTROLLED_POST_P0_MILESTONE,NOT_REQUIRED,NONE,,[],"[""REQ-DELROAD-006""]",[],"[""CON-004"",""LIF-003"",""OPS-004"",""QA-001""]","[""QA-002""]",
DELDEV-001,P0,NOT_STARTED,95-testing-delivery/959_developer_onboarding.md,36,4. Normative requirements,"The repository shall provide version-managed toolchains, containerized dependencies, seed fixtures, one-command checks, and troubleshooting.",Controlled verification,UNASSIGNED,FIRST_PRODUCTION_BLOCKING,NOT_REQUIRED,NONE,,[],"[""REQ-DELDEV-001""]",[],[],"[""FND-001""]",
DELDEV-002,P0,IMPLEMENTED_UNVERIFIED,95-testing-delivery/959_developer_onboarding.md,37,4. Normative requirements,Local data shall be synthetic and clearly isolated from production.,Controlled verification,SIP Engineering,FIRST_PRODUCTION_BLOCKING,NOT_REQUIRED,NONE,,"[""Makefile"",""justfile"",""tools/static_checks.py"",""tools/typecheck.py"",""docs/developer/GETTING_STARTED.md"",""CONTRIBUTING.md""]","[""tests/contract/test_delivery_tools.py::test_demo_output_lock_serializes_destructive_setup""]","[""build/reports/test-matrix.json"",""build/reports/tests/contract.xml""]",[],"[""FND-001""]","Implementation and automated checks exist, but production-environment or full-scope evidence is incomplete; this requirement is intentionally not marked verified."
DELDEV-003,P0,NOT_STARTED,95-testing-delivery/959_developer_onboarding.md,38,4. Normative requirements,"Developers shall complete secure-coding, data classification, truth/provenance, and model-license orientation.",Controlled verification,UNASSIGNED,FIRST_PRODUCTION_BLOCKING,NOT_REQUIRED,NONE,,[],"[""REQ-DELDEV-003""]",[],[],"[""FND-001""]",
DELDEV-004,P1,IN_PROGRESS,95-testing-delivery/959_developer_onboarding.md,39,4. Normative requirements,"The onboarding path shall validate schemas, run tests, ingest a fixture, execute mock metric/learned stages, and open the viewer.",Automated test,SIP Engineering,CONTROLLED_POST_P0_MILESTONE,NOT_REQUIRED,NONE,,"[""Makefile"",""justfile"",""tools/static_checks.py"",""tools/typecheck.py"",""docs/developer/GETTING_STARTED.md"",""CONTRIBUTING.md""]","[""tests/contract/test_delivery_tools.py::test_make_and_just_commands_resolve_to_implemented_tools""]","[""build/reports/test-matrix.json"",""build/reports/tests/contract.xml""]",[],"[""FND-001""]","A controlled implementation/test boundary exists, but the normative requirement is broader than the retained evidence and remains in progress."
DELDEV-005,P1,EXTERNAL_VALIDATION_REQUIRED,95-testing-delivery/959_developer_onboarding.md,40,4. Normative requirements,GPU setup shall verify driver/runtime compatibility and use approved local checkpoints only.,Controlled verification,ML Platform / Release Engineering,CONTROLLED_POST_P0_MILESTONE,REQUIRED,NONE,,"[""Makefile"",""justfile"",""tools/static_checks.py"",""tools/typecheck.py"",""docs/developer/GETTING_STARTED.md"",""CONTRIBUTING.md""]","[""tests/contract/test_delivery_tools.py::test_gpu_doctor_requires_compatible_runtime_and_approved_local_checkpoint"",""tests/contract/test_delivery_tools.py::test_make_and_just_commands_resolve_to_implemented_tools""]","[""build/reports/test-matrix.json"",""build/reports/tests/contract.xml""]",[],"[""FND-001""]","Run the documented GPU doctor on each supported NVIDIA driver/CUDA/container profile with an approved local checkpoint hash; retain driver, runtime, device, image, checkpoint, and pass/fail evidence."
DELDEV-006,P1,VERIFIED,95-testing-delivery/959_developer_onboarding.md,41,4. Normative requirements,"Contributor documentation shall state code owners, review expectations, ADR process, and release gates.",Controlled verification,SIP Engineering,CONTROLLED_POST_P0_MILESTONE,NOT_REQUIRED,NONE,,"[""Makefile"",""justfile"",""tools/static_checks.py"",""tools/typecheck.py"",""docs/developer/GETTING_STARTED.md"",""CONTRIBUTING.md""]","[""tests/contract/test_documentation.py::test_contributor_documentation_defines_ownership_adr_review_and_release_gates""]","[""build/reports/test-matrix.json"",""build/reports/tests/contract.xml""]",[],"[""FND-001""]","Verified in the deterministic local reference profile by the exact linked automated test(s) and retained evidence; no external hardware, cloud, GPU, legal, or customer-pilot result is inferred."
DELDOD-001,P0,IN_PROGRESS,95-testing-delivery/960_definition_of_done.md,36,4. Normative requirements,"A completed feature shall satisfy linked requirements and acceptance tests, include typed contracts, errors, audit, metrics, authorization, retention, and user documentation.",Controlled verification,SIP Engineering,FIRST_PRODUCTION_BLOCKING,NOT_REQUIRED,NONE,,"[""docs/developer"",""docs/operator"",""docs/user"",""docs/release"",""src/sip/errors.py"",""src/sip/audit.py""]","[""tests/contract/test_documentation.py::test_required_documentation_and_readme_links_exist""]","[""build/reports/test-matrix.json"",""build/reports/tests/contract.xml""]","[""CON-004"",""LIF-003"",""OPS-004"",""QA-001""]","[""QA-002""]","A controlled implementation/test boundary exists, but the normative requirement is broader than the retained evidence and remains in progress."
DELDOD-002,P0,IMPLEMENTED_UNVERIFIED,95-testing-delivery/960_definition_of_done.md,37,4. Normative requirements,"A completed schema change shall include compatibility, migration, rollback/recovery, fixtures, and generated clients.",Automated test,SIP Engineering,FIRST_PRODUCTION_BLOCKING,NOT_REQUIRED,NONE,,"[""docs/developer"",""docs/operator"",""docs/user"",""docs/release"",""src/sip/errors.py"",""src/sip/audit.py""]","[""tests/migration/test_migrations.py::test_clean_install_reaches_head_and_matches_canonical_tables""]","[""build/reports/test-matrix.json"",""build/reports/tests/migration.xml""]","[""CON-004"",""LIF-003"",""OPS-004"",""QA-001""]","[""QA-002""]","Implementation and automated checks exist, but production-environment or full-scope evidence is incomplete; this requirement is intentionally not marked verified."
DELDOD-003,P0,NOT_STARTED,95-testing-delivery/960_definition_of_done.md,38,4. Normative requirements,"A completed model integration shall include approval manifest, adapter isolation, benchmarks, failure detection, cost, monitoring, rollback, and reproducibility.",Controlled verification,UNASSIGNED,FIRST_PRODUCTION_BLOCKING,NOT_REQUIRED,NONE,,[],"[""REQ-DELDOD-003""]",[],"[""CON-004"",""LIF-003"",""OPS-004"",""QA-001""]","[""QA-002""]",
DELDOD-004,P1,NOT_STARTED,95-testing-delivery/960_definition_of_done.md,39,4. Normative requirements,"A completed UI shall include loading/error/empty/restricted states, accessibility, source labels, analytics/telemetry policy, and end-to-end tests.",Controlled verification,UNASSIGNED,CONTROLLED_POST_P0_MILESTONE,NOT_REQUIRED,NONE,,[],"[""REQ-DELDOD-004""]",[],"[""CON-004"",""LIF-003"",""OPS-004"",""QA-001""]","[""QA-002""]",
DELDOD-005,P1,NOT_STARTED,95-testing-delivery/960_definition_of_done.md,40,4. Normative requirements,"A completed operational service shall include SLO, alerts, runbooks, backup/recovery, capacity, and ownership.",Controlled verification,UNASSIGNED,CONTROLLED_POST_P0_MILESTONE,NOT_REQUIRED,NONE,,[],"[""REQ-DELDOD-005""]",[],"[""CON-004"",""LIF-003"",""OPS-004"",""QA-001""]","[""QA-002""]",
DELDOD-006,P1,NOT_STARTED,95-testing-delivery/960_definition_of_done.md,41,4. Normative requirements,Acceptance evidence shall be linked to the release or epic record.,Controlled verification,UNASSIGNED,CONTROLLED_POST_P0_MILESTONE,NOT_REQUIRED,NONE,,[],"[""REQ-DELDOD-006""]",[],"[""CON-004"",""LIF-003"",""OPS-004"",""QA-001""]","[""QA-002""]",
DELDOD-007,P0,NOT_STARTED,95-testing-delivery/960_definition_of_done.md,136,15. Version 1.1 definition of done for hybrid assets,"A completed provider adapter shall include signed manifest, isolation, contract tests, quarantine, stable errors, cost/resource limits, cancellation, and rollback.",Definition-of-done audit,UNASSIGNED,FIRST_PRODUCTION_BLOCKING,NOT_REQUIRED,NONE,,[],"[""REQ-DELDOD-007""]",[],"[""CON-004"",""LIF-003"",""OPS-004"",""QA-001""]","[""QA-002""]",
DELDOD-008,P0,NOT_STARTED,95-testing-delivery/960_definition_of_done.md,137,15. Version 1.1 definition of done for hybrid assets,"A completed proxy pipeline shall include per-use validation, limitations, protected regions, support maps, authority restrictions, and replacement.",Acceptance audit,UNASSIGNED,FIRST_PRODUCTION_BLOCKING,NOT_REQUIRED,NONE,,[],"[""REQ-DELDOD-008""]",[],"[""CON-004"",""LIF-003"",""OPS-004"",""QA-001""]","[""QA-002""]",
DELDOD-009,P0,NOT_STARTED,95-testing-delivery/960_definition_of_done.md,138,15. Version 1.1 definition of done for hybrid assets,"A completed hybrid viewer shall prove semantic stability, measurement re-resolution, security, safe locomotion, accessibility, and fallback.",End-to-end test,UNASSIGNED,FIRST_PRODUCTION_BLOCKING,NOT_REQUIRED,NONE,,[],"[""REQ-DELDOD-009""]",[],"[""CON-004"",""LIF-003"",""OPS-004"",""QA-001""]","[""QA-002""]",
DELDOD-010,P1,NOT_STARTED,95-testing-delivery/960_definition_of_done.md,139,15. Version 1.1 definition of done for hybrid assets,"A completed conversion path shall include loss declaration, open export/import, provenance, policy inheritance, and preservation behavior.",Portability test,UNASSIGNED,CONTROLLED_POST_P0_MILESTONE,NOT_REQUIRED,NONE,,[],"[""REQ-DELDOD-010""]",[],"[""CON-004"",""LIF-003"",""OPS-004"",""QA-001""]","[""QA-002""]",
DELDOD-011,P1,NOT_STARTED,95-testing-delivery/960_definition_of_done.md,140,15. Version 1.1 definition of done for hybrid assets,"A completed external/manual workflow shall include minimization, receipt, expiry, quarantine, provider status, and data-class denial tests.",Security audit,UNASSIGNED,CONTROLLED_POST_P0_MILESTONE,NOT_REQUIRED,NONE,,[],"[""REQ-DELDOD-011""]",[],"[""CON-004"",""LIF-003"",""OPS-004"",""QA-001""]","[""QA-002""]",
DELDOD-012,P1,NOT_STARTED,95-testing-delivery/960_definition_of_done.md,141,15. Version 1.1 definition of done for hybrid assets,"Acceptance evidence shall be linked to requirement, provider version, benchmark profile, scene class, and release.",Traceability audit,UNASSIGNED,CONTROLLED_POST_P0_MILESTONE,NOT_REQUIRED,NONE,,[],"[""REQ-DELDOD-012""]",[],"[""CON-004"",""LIF-003"",""OPS-004"",""QA-001""]","[""QA-002""]",
HYBTEST-001,P0,NOT_STARTED,95-testing-delivery/961_splat_surface_benchmark_acceptance.md,287,18. Normative requirements,Provider and runtime claims shall be evaluated by versioned intended-use profiles rather than a single visual quality score.,Benchmark framework test,UNASSIGNED,FIRST_PRODUCTION_BLOCKING,NOT_REQUIRED,NONE,,[],"[""REQ-HYBTEST-001""]",[],"[""CON-004"",""LIF-003"",""OPS-004"",""PLT-004"",""QA-001"",""REC-008"",""REC-009""]","[""QA-003"",""QA-002""]",
HYBTEST-002,P0,NOT_STARTED,95-testing-delivery/961_splat_surface_benchmark_acceptance.md,288,18. Normative requirements,"Ground truth shall be independent of the candidate provider and shall include exact/surveyed geometry, semantic regions, held-out views, or annotated behavior appropriate to the claim.",Dataset review,UNASSIGNED,FIRST_PRODUCTION_BLOCKING,NOT_REQUIRED,NONE,,[],"[""REQ-HYBTEST-002""]",[],"[""CON-004"",""LIF-003"",""OPS-004"",""PLT-004"",""QA-001"",""REC-008"",""REC-009""]","[""QA-003"",""QA-002""]",
HYBTEST-003,P0,NOT_STARTED,95-testing-delivery/961_splat_surface_benchmark_acceptance.md,289,18. Normative requirements,"Geometry metrics shall be reported globally and by critical semantic region so averages cannot hide missing doors, stairs, devices, objects, or false walls.",Metrics test,UNASSIGNED,FIRST_PRODUCTION_BLOCKING,NOT_REQUIRED,NONE,,[],"[""REQ-HYBTEST-003""]",[],"[""CON-004"",""LIF-003"",""OPS-004"",""PLT-004"",""QA-001"",""REC-008"",""REC-009""]","[""QA-003"",""QA-002""]",
HYBTEST-004,P0,NOT_STARTED,95-testing-delivery/961_splat_surface_benchmark_acceptance.md,290,18. Normative requirements,"Authority tests shall prove that proxy, visual, design, generated, and provider-self-validated outputs cannot receive prohibited status.",Negative policy test,UNASSIGNED,FIRST_PRODUCTION_BLOCKING,NOT_REQUIRED,NONE,,[],"[""REQ-HYBTEST-004""]",[],"[""CON-004"",""LIF-003"",""OPS-004"",""PLT-004"",""QA-001"",""REC-008"",""REC-009""]","[""QA-003"",""QA-002""]",
HYBTEST-005,P0,NOT_STARTED,95-testing-delivery/961_splat_surface_benchmark_acceptance.md,291,18. Normative requirements,"Provider conformance shall cover policy admission, hashes, coordinates, resources, progress, cancellation, recovery, isolation, outputs, provenance, and publication separation.",Conformance suite,UNASSIGNED,FIRST_PRODUCTION_BLOCKING,NOT_REQUIRED,NONE,,[],"[""REQ-HYBTEST-005""]",[],"[""CON-004"",""LIF-003"",""OPS-004"",""PLT-004"",""QA-001"",""REC-008"",""REC-009""]","[""QA-003"",""QA-002""]",
HYBTEST-006,P0,NOT_STARTED,95-testing-delivery/961_splat_surface_benchmark_acceptance.md,292,18. Normative requirements,Security tests shall prove unapproved external-provider denial before data mount and complete derivative invalidation after privacy or consent change.,Security integration test,UNASSIGNED,FIRST_PRODUCTION_BLOCKING,NOT_REQUIRED,NONE,,[],"[""REQ-HYBTEST-006""]",[],"[""CON-004"",""LIF-003"",""OPS-004"",""PLT-004"",""QA-001"",""REC-008"",""REC-009""]","[""QA-003"",""QA-002""]",
HYBTEST-007,P0,NOT_STARTED,95-testing-delivery/961_splat_surface_benchmark_acceptance.md,293,18. Normative requirements,"Construction and LiveForever acceptance scenarios shall pass with retained source, operation, validation, viewer, review, and export evidence.",Vertical E2E tests,UNASSIGNED,FIRST_PRODUCTION_BLOCKING,NOT_REQUIRED,NONE,,[],"[""REQ-HYBTEST-007""]",[],"[""CON-004"",""LIF-003"",""OPS-004"",""PLT-004"",""QA-001"",""REC-008"",""REC-009""]","[""QA-003"",""QA-002""]",
HYBTEST-008,P0,NOT_STARTED,95-testing-delivery/961_splat_surface_benchmark_acceptance.md,294,18. Normative requirements,Production release shall include at least one approved local or project-private conversion/proxy path and shall not depend solely on a public manual web tool.,Release review,UNASSIGNED,FIRST_PRODUCTION_BLOCKING,NOT_REQUIRED,NONE,,[],"[""REQ-HYBTEST-008""]",[],"[""CON-004"",""LIF-003"",""OPS-004"",""PLT-004"",""QA-001"",""REC-008"",""REC-009""]","[""QA-003"",""QA-002""]",
HYBTEST-009,P1,NOT_STARTED,95-testing-delivery/961_splat_surface_benchmark_acceptance.md,295,18. Normative requirements,"Selection tests shall measure role resolution, entity precision/recall, hit error, metric snap residual, LOD stability, and remap behavior.",Automated interaction test,UNASSIGNED,CONTROLLED_POST_P0_MILESTONE,NOT_REQUIRED,NONE,,[],"[""REQ-HYBTEST-009""]",[],"[""CON-004"",""LIF-003"",""OPS-004"",""PLT-004"",""QA-001"",""REC-008"",""REC-009""]","[""QA-003"",""QA-002""]",
HYBTEST-010,P1,NOT_STARTED,95-testing-delivery/961_splat_surface_benchmark_acceptance.md,296,18. Normative requirements,"Collision and navigation shall be benchmarked separately for declared actor profiles and shall not imply safety, accessibility, egress, or robotics approval.",Profile benchmark,UNASSIGNED,CONTROLLED_POST_P0_MILESTONE,NOT_REQUIRED,NONE,,[],"[""REQ-HYBTEST-010""]",[],"[""CON-004"",""LIF-003"",""OPS-004"",""PLT-004"",""QA-001"",""REC-008"",""REC-009""]","[""QA-003"",""QA-002""]",
HYBTEST-011,P1,NOT_STARTED,95-testing-delivery/961_splat_surface_benchmark_acceptance.md,297,18. Normative requirements,"Large-scene tests shall cover tiling, seams, streaming, independent regeneration, cross-tile identity, memory, and degraded modes.",Building-scale test,UNASSIGNED,CONTROLLED_POST_P0_MILESTONE,NOT_REQUIRED,NONE,,[],"[""REQ-HYBTEST-011""]",[],"[""CON-004"",""LIF-003"",""OPS-004"",""PLT-004"",""QA-001"",""REC-008"",""REC-009""]","[""QA-003"",""QA-002""]",
HYBTEST-012,P1,NOT_STARTED,95-testing-delivery/961_splat_surface_benchmark_acceptance.md,298,18. Normative requirements,"Provider upgrades shall run in shadow and compare quality, behavior, performance, cost, security, license, and reproducibility against the active version.",Upgrade gate,UNASSIGNED,CONTROLLED_POST_P0_MILESTONE,NOT_REQUIRED,NONE,,[],"[""REQ-HYBTEST-012""]",[],"[""CON-004"",""LIF-003"",""OPS-004"",""PLT-004"",""QA-001"",""REC-008"",""REC-009""]","[""QA-003"",""QA-002""]",
HYBTEST-013,P1,NOT_STARTED,95-testing-delivery/961_splat_surface_benchmark_acceptance.md,299,18. Normative requirements,"Human evaluation shall be task-based and shall test recognition of authority/truth labels, evidence access, comfort, accessibility, and failure communication.",Controlled user study,UNASSIGNED,CONTROLLED_POST_P0_MILESTONE,NOT_REQUIRED,NONE,,[],"[""REQ-HYBTEST-013""]",[],"[""CON-004"",""LIF-003"",""OPS-004"",""PLT-004"",""QA-001"",""REC-008"",""REC-009""]","[""QA-003"",""QA-002""]",
HYBTEST-014,P1,NOT_STARTED,95-testing-delivery/961_splat_surface_benchmark_acceptance.md,300,18. Normative requirements,"All benchmark evidence shall be machine-readable, content-addressed, reproducible where claimed, and attached to provider and release records.",Evidence audit,UNASSIGNED,CONTROLLED_POST_P0_MILESTONE,NOT_REQUIRED,NONE,,[],"[""REQ-HYBTEST-014""]",[],"[""CON-004"",""LIF-003"",""OPS-004"",""PLT-004"",""QA-001"",""REC-008"",""REC-009""]","[""QA-003"",""QA-002""]",
HYBTEST-015,P1,VERIFIED,95-testing-delivery/961_splat_surface_benchmark_acceptance.md,301,18. Normative requirements,Mesh-to-splat and splat-to-surface round trips shall report information loss and shall not claim representation equivalence.,Interoperability test,SIP Engineering,CONTROLLED_POST_P0_MILESTONE,NOT_REQUIRED,NONE,,"[""src/sip/geometry.py"",""src/sip/representations.py"",""src/sip/worker_sandbox.py"",""tools/run_demo.py""]","[""tests/e2e/test_platform_demonstrations.py::test_mesh_splat_surface_roundtrip_reports_irreversible_loss""]","[""build/evidence/demos/hybrid.json"",""build/reports/test-matrix.json"",""build/reports/tests/e2e.xml""]","[""CON-004"",""LIF-003"",""OPS-004"",""PLT-004"",""QA-001"",""REC-008"",""REC-009""]","[""QA-003"",""QA-002""]","Verified in the deterministic local reference profile by the exact linked automated test(s) and retained evidence; no external hardware, cloud, GPU, legal, or customer-pilot result is inferred."
HYBTEST-016,P1,VERIFIED,95-testing-delivery/961_splat_surface_benchmark_acceptance.md,302,18. Normative requirements,Malformed and adversarial spatial files shall be parsed in isolation with bounded resources and no publication side effect.,Fuzz and abuse test,SIP Engineering,CONTROLLED_POST_P0_MILESTONE,NOT_REQUIRED,NONE,,"[""src/sip/geometry.py"",""src/sip/representations.py"",""src/sip/worker_sandbox.py"",""tools/run_demo.py""]","[""tests/e2e/test_platform_demonstrations.py::test_malformed_spatial_archive_is_bounded_and_cannot_publish""]","[""build/evidence/demos/hybrid.json"",""build/reports/test-matrix.json"",""build/reports/tests/e2e.xml""]","[""CON-004"",""LIF-003"",""OPS-004"",""PLT-004"",""QA-001"",""REC-008"",""REC-009""]","[""QA-003"",""QA-002""]","Verified in the deterministic local reference profile by the exact linked automated test(s) and retained evidence; no external hardware, cloud, GPU, legal, or customer-pilot result is inferred."
APPFAIL-001,P0,VERIFIED,99-appendices/995_failure_mode_catalog.md,36,4. Normative requirements,"The catalog shall cover mobile interruption, tracking loss, corrupt package, hash mismatch, clock error, bad calibration, pose collapse, misalignment, false loop, depth-scale error, dynamic contamination, mesh defect, model/license block, queue/provider outage, index staleness, permission leak, redaction failure, and deletion error.",Automated test,SIP Engineering,FIRST_PRODUCTION_BLOCKING,NOT_REQUIRED,NONE,,"[""src/sip/failures.py"",""governance/failure-catalog.json"",""docs/adr/ADR-0007-versioned-failure-catalog-and-new-lineage-recovery.md""]","[""tests/unit/test_failure_catalog.py::test_failure_catalog_covers_mandated_modes_with_complete_stable_fields""]","[""build/reports/governance-check.json"",""build/reports/test-matrix.json"",""build/reports/tests/unit.xml"",""governance/failure-catalog.json""]","[""CAP-005"",""CON-004"",""GOV-001"",""LIF-003"",""OPS-004"",""QA-001"",""REC-005""]","[""QA-001"",""QA-002""]","Verified in the deterministic local reference profile by the exact linked automated test(s) and retained evidence; no external hardware, cloud, GPU, legal, or customer-pilot result is inferred."
APPFAIL-002,P0,VERIFIED,99-appendices/995_failure_mode_catalog.md,37,4. Normative requirements,"Each failure shall have severity, retryability, safe checkpoint, operator action, customer message, audit requirement, and test reference.",Controlled verification,SIP Engineering,FIRST_PRODUCTION_BLOCKING,NOT_REQUIRED,NONE,,"[""src/sip/failures.py"",""governance/failure-catalog.json"",""docs/adr/ADR-0007-versioned-failure-catalog-and-new-lineage-recovery.md""]","[""tests/unit/test_failure_catalog.py::test_failure_catalog_covers_mandated_modes_with_complete_stable_fields""]","[""build/reports/governance-check.json"",""build/reports/test-matrix.json"",""build/reports/tests/unit.xml"",""governance/failure-catalog.json""]","[""CAP-005"",""CON-004"",""GOV-001"",""LIF-003"",""OPS-004"",""QA-001"",""REC-005""]","[""QA-001"",""QA-002""]","Verified in the deterministic local reference profile by the exact linked automated test(s) and retained evidence; no external hardware, cloud, GPU, legal, or customer-pilot result is inferred."
APPFAIL-003,P0,VERIFIED,99-appendices/995_failure_mode_catalog.md,38,4. Normative requirements,Fatal failures shall preserve diagnostic manifests without exposing sensitive raw data.,Controlled verification,SIP Engineering,FIRST_PRODUCTION_BLOCKING,NOT_REQUIRED,NONE,,"[""src/sip/failures.py"",""governance/failure-catalog.json"",""docs/adr/ADR-0007-versioned-failure-catalog-and-new-lineage-recovery.md""]","[""tests/unit/test_failure_catalog.py::test_diagnostics_are_allowlisted_bounded_and_contain_no_raw_sensitive_content""]","[""build/reports/governance-check.json"",""build/reports/test-matrix.json"",""build/reports/tests/unit.xml"",""governance/failure-catalog.json""]","[""CAP-005"",""CON-004"",""GOV-001"",""LIF-003"",""OPS-004"",""QA-001"",""REC-005""]","[""QA-001"",""QA-002""]","Verified in the deterministic local reference profile by the exact linked automated test(s) and retained evidence; no external hardware, cloud, GPU, legal, or customer-pilot result is inferred."
APPFAIL-004,P1,VERIFIED,99-appendices/995_failure_mode_catalog.md,39,4. Normative requirements,A failure classified as unsafe shall prevent publication even when partial outputs exist.,Automated test,SIP Engineering,CONTROLLED_POST_P0_MILESTONE,NOT_REQUIRED,NONE,,"[""src/sip/failures.py"",""governance/failure-catalog.json"",""docs/adr/ADR-0007-versioned-failure-catalog-and-new-lineage-recovery.md""]","[""tests/unit/test_failure_catalog.py::test_unsafe_and_fatal_failures_block_or_withdraw_publication""]","[""build/reports/governance-check.json"",""build/reports/test-matrix.json"",""build/reports/tests/unit.xml"",""governance/failure-catalog.json""]","[""CAP-005"",""CON-004"",""GOV-001"",""LIF-003"",""OPS-004"",""QA-001"",""REC-005""]","[""QA-001"",""QA-002""]","Verified in the deterministic local reference profile by the exact linked automated test(s) and retained evidence; no external hardware, cloud, GPU, legal, or customer-pilot result is inferred."
APPFAIL-005,P1,VERIFIED,99-appendices/995_failure_mode_catalog.md,40,4. Normative requirements,Recovery shall create new run/commit lineage rather than rewriting the failed record.,Controlled verification,SIP Engineering,CONTROLLED_POST_P0_MILESTONE,NOT_REQUIRED,NONE,,"[""src/sip/failures.py"",""governance/failure-catalog.json"",""docs/adr/ADR-0007-versioned-failure-catalog-and-new-lineage-recovery.md""]","[""tests/unit/test_failure_catalog.py::test_recovery_creates_new_lineage_and_never_rewrites_failed_evidence""]","[""build/reports/governance-check.json"",""build/reports/test-matrix.json"",""build/reports/tests/unit.xml"",""governance/failure-catalog.json""]","[""CAP-005"",""CON-004"",""GOV-001"",""LIF-003"",""OPS-004"",""QA-001"",""REC-005""]","[""QA-001"",""QA-002""]","Verified in the deterministic local reference profile by the exact linked automated test(s) and retained evidence; no external hardware, cloud, GPU, legal, or customer-pilot result is inferred."
APPFAIL-006,P1,VERIFIED,99-appendices/995_failure_mode_catalog.md,41,4. Normative requirements,Failure-code compatibility shall be maintained for API clients and support analytics.,Automated test,SIP Engineering,CONTROLLED_POST_P0_MILESTONE,NOT_REQUIRED,NONE,,"[""src/sip/failures.py"",""governance/failure-catalog.json"",""docs/adr/ADR-0007-versioned-failure-catalog-and-new-lineage-recovery.md""]","[""tests/unit/test_failure_catalog.py::test_diagnostics_are_allowlisted_bounded_and_contain_no_raw_sensitive_content""]","[""build/reports/governance-check.json"",""build/reports/test-matrix.json"",""build/reports/tests/unit.xml"",""governance/failure-catalog.json""]","[""CAP-005"",""CON-004"",""GOV-001"",""LIF-003"",""OPS-004"",""QA-001"",""REC-005""]","[""QA-001"",""QA-002""]","Verified in the deterministic local reference profile by the exact linked automated test(s) and retained evidence; no external hardware, cloud, GPU, legal, or customer-pilot result is inferred."
APPFAIL-007,P0,VERIFIED,99-appendices/995_failure_mode_catalog.md,147,Version 1.1 hybrid-representation failure additions,"The failure catalog shall cover provider denial/revocation, malformed outputs, transform error, false geometry, anchor failure, redaction propagation, authority misuse, and immersive safety.",Failure-catalog audit,SIP Engineering,FIRST_PRODUCTION_BLOCKING,NOT_REQUIRED,NONE,,"[""src/sip/failures.py"",""governance/failure-catalog.json"",""docs/adr/ADR-0007-versioned-failure-catalog-and-new-lineage-recovery.md""]","[""tests/unit/test_failure_catalog.py::test_unsafe_and_fatal_failures_block_or_withdraw_publication""]","[""build/reports/governance-check.json"",""build/reports/test-matrix.json"",""build/reports/tests/unit.xml"",""governance/failure-catalog.json""]","[""CAP-005"",""CON-004"",""GOV-001"",""LIF-003"",""OPS-004"",""QA-001"",""REC-005""]","[""QA-001"",""QA-002""]","Verified in the deterministic local reference profile by the exact linked automated test(s) and retained evidence; no external hardware, cloud, GPU, legal, or customer-pilot result is inferred."
APPFAIL-008,P0,VERIFIED,99-appendices/995_failure_mode_catalog.md,148,Version 1.1 hybrid-representation failure additions,"Hybrid failure shall preserve source, metric, visual, evidence, and prior accepted assets without partial publication.",Fault-injection test,SIP Engineering,FIRST_PRODUCTION_BLOCKING,NOT_REQUIRED,NONE,,"[""src/sip/failures.py"",""governance/failure-catalog.json"",""docs/adr/ADR-0007-versioned-failure-catalog-and-new-lineage-recovery.md""]","[""tests/unit/test_failure_catalog.py::test_hybrid_failure_preserves_prior_assets_and_has_independent_component_fallbacks""]","[""build/reports/governance-check.json"",""build/reports/test-matrix.json"",""build/reports/tests/unit.xml"",""governance/failure-catalog.json""]","[""CAP-005"",""CON-004"",""GOV-001"",""LIF-003"",""OPS-004"",""QA-001"",""REC-005""]","[""QA-001"",""QA-002""]","Verified in the deterministic local reference profile by the exact linked automated test(s) and retained evidence; no external hardware, cloud, GPU, legal, or customer-pilot result is inferred."
APPFAIL-009,P1,VERIFIED,99-appendices/995_failure_mode_catalog.md,149,Version 1.1 hybrid-representation failure additions,"Picking, collision, navigation, occlusion, audio, and visual rendering shall fail independently with explicit fallbacks.",Component failure test,SIP Engineering,CONTROLLED_POST_P0_MILESTONE,NOT_REQUIRED,NONE,,"[""src/sip/failures.py"",""governance/failure-catalog.json"",""docs/adr/ADR-0007-versioned-failure-catalog-and-new-lineage-recovery.md""]","[""tests/unit/test_failure_catalog.py::test_hybrid_failure_preserves_prior_assets_and_has_independent_component_fallbacks""]","[""build/reports/governance-check.json"",""build/reports/test-matrix.json"",""build/reports/tests/unit.xml"",""governance/failure-catalog.json""]","[""CAP-005"",""CON-004"",""GOV-001"",""LIF-003"",""OPS-004"",""QA-001"",""REC-005""]","[""QA-001"",""QA-002""]","Verified in the deterministic local reference profile by the exact linked automated test(s) and retained evidence; no external hardware, cloud, GPU, legal, or customer-pilot result is inferred."
APPFAIL-010,P1,VERIFIED,99-appendices/995_failure_mode_catalog.md,150,Version 1.1 hybrid-representation failure additions,Recovery shall create new operation/revision lineage and shall not erase failed provider evidence.,Recovery audit,SIP Engineering,CONTROLLED_POST_P0_MILESTONE,NOT_REQUIRED,NONE,,"[""src/sip/failures.py"",""governance/failure-catalog.json"",""docs/adr/ADR-0007-versioned-failure-catalog-and-new-lineage-recovery.md""]","[""tests/unit/test_failure_catalog.py::test_catalog_json_is_deterministic_and_has_no_duplicate_codes"",""tests/unit/test_failure_catalog.py::test_failure_catalog_covers_mandated_modes_with_complete_stable_fields""]","[""build/reports/governance-check.json"",""build/reports/test-matrix.json"",""build/reports/tests/unit.xml"",""governance/failure-catalog.json""]","[""CAP-005"",""CON-004"",""GOV-001"",""LIF-003"",""OPS-004"",""QA-001"",""REC-005""]","[""QA-001"",""QA-002""]","Verified in the deterministic local reference profile by the exact linked automated test(s) and retained evidence; no external hardware, cloud, GPU, legal, or customer-pilot result is inferred."
SIPMIG-001,P0,IMPLEMENTED_UNVERIFIED,MIGRATION_FROM_1.0.md,147,9. Normative requirements,Migration shall preserve every canonical v1.0 source asset and shall create additive v1.1 records rather than rewriting geometry bytes in place.,Hash and migration test,SIP Engineering,FIRST_PRODUCTION_BLOCKING,NOT_REQUIRED,NONE,,"[""migrations"",""src/sip/database.py"",""src/sip/scene.py"",""src/sip/assets.py""]","[""tests/migration/test_migrations.py::test_append_only_migration_manifest_matches_bytes"",""tests/migration/test_migrations.py::test_upgrade_from_foundation_preserves_immutable_identifiers_and_hashes""]","[""build/reports/test-matrix.json"",""build/reports/tests/migration.xml"",""migrations"",""src/sip/assets.py"",""src/sip/database.py"",""src/sip/scene.py""]","[""CON-004"",""DATA-001"",""DATA-002"",""FND-002"",""LIF-003"",""OPS-001"",""OPS-003"",""OPS-004"",""QA-001"",""SCN-001""]","[""DATA-002"",""DATA-003"",""QA-002"",""OPS-004""]","Implementation and automated checks exist, but production-environment or full-scope evidence is incomplete; this requirement is intentionally not marked verified."
SIPMIG-002,P0,NOT_STARTED,MIGRATION_FROM_1.0.md,148,9. Normative requirements,"Role and authority assignment shall be based on provenance and verification evidence, never file extension or visual appearance.",Migration policy test,UNASSIGNED,FIRST_PRODUCTION_BLOCKING,NOT_REQUIRED,NONE,,[],"[""REQ-SIPMIG-002""]",[],"[""CON-004"",""DATA-001"",""DATA-002"",""FND-002"",""LIF-003"",""OPS-001"",""OPS-003"",""OPS-004"",""QA-001"",""SCN-001""]","[""DATA-002"",""DATA-003"",""QA-002"",""OPS-004""]",
SIPMIG-003,P0,NOT_STARTED,MIGRATION_FROM_1.0.md,149,9. Normative requirements,"Ambiguous assets, frames, anchors, or measurements shall be quarantined or conservatively classified and shall not receive privileged intended uses.",Negative migration test,UNASSIGNED,FIRST_PRODUCTION_BLOCKING,NOT_REQUIRED,NONE,,[],"[""REQ-SIPMIG-003""]",[],"[""CON-004"",""DATA-001"",""DATA-002"",""FND-002"",""LIF-003"",""OPS-001"",""OPS-003"",""OPS-004"",""QA-001"",""SCN-001""]","[""DATA-002"",""DATA-003"",""QA-002"",""OPS-004""]",
SIPMIG-004,P0,NOT_STARTED,MIGRATION_FROM_1.0.md,150,9. Normative requirements,"Existing permissions, classification, consent, retention, legal hold, and deletion dependencies shall remain equivalent or more restrictive after migration.",Policy-diff test,UNASSIGNED,FIRST_PRODUCTION_BLOCKING,NOT_REQUIRED,NONE,,[],"[""REQ-SIPMIG-004""]",[],"[""CON-004"",""DATA-001"",""DATA-002"",""FND-002"",""LIF-003"",""OPS-001"",""OPS-003"",""OPS-004"",""QA-001"",""SCN-001""]","[""DATA-002"",""DATA-003"",""QA-002"",""OPS-004""]",
SIPMIG-005,P0,NOT_STARTED,MIGRATION_FROM_1.0.md,151,9. Normative requirements,Legacy proxy-like or visual measurements shall remain approximate unless eligible metric/field evidence supports a higher status.,Measurement migration test,UNASSIGNED,FIRST_PRODUCTION_BLOCKING,NOT_REQUIRED,NONE,,[],"[""REQ-SIPMIG-005""]",[],"[""CON-004"",""DATA-001"",""DATA-002"",""FND-002"",""LIF-003"",""OPS-001"",""OPS-003"",""OPS-004"",""QA-001"",""SCN-001""]","[""DATA-002"",""DATA-003"",""QA-002"",""OPS-004""]",
SIPMIG-006,P0,IMPLEMENTED_UNVERIFIED,MIGRATION_FROM_1.0.md,152,9. Normative requirements,Entity identity and source evidence shall survive migration independently of mesh primitive IDs and renderer objects.,Anchor/entity regression test,SIP Engineering,FIRST_PRODUCTION_BLOCKING,NOT_REQUIRED,NONE,,"[""migrations"",""src/sip/database.py"",""src/sip/scene.py"",""src/sip/assets.py""]","[""tests/migration/test_migrations.py::test_upgrade_from_foundation_preserves_immutable_identifiers_and_hashes""]","[""build/reports/test-matrix.json"",""build/reports/tests/migration.xml"",""migrations"",""src/sip/assets.py"",""src/sip/database.py"",""src/sip/scene.py""]","[""CON-004"",""DATA-001"",""DATA-002"",""FND-002"",""LIF-003"",""OPS-001"",""OPS-003"",""OPS-004"",""QA-001"",""SCN-001""]","[""DATA-002"",""DATA-003"",""QA-002"",""OPS-004""]","Implementation and automated checks exist, but production-environment or full-scope evidence is incomplete; this requirement is intentionally not marked verified."
SIPMIG-007,P0,NOT_STARTED,MIGRATION_FROM_1.0.md,153,9. Normative requirements,Rollback shall be demonstrated from a restorable v1.0 backup without loss or mutation of original assets.,Recovery exercise,UNASSIGNED,FIRST_PRODUCTION_BLOCKING,NOT_REQUIRED,NONE,,[],"[""REQ-SIPMIG-007""]",[],"[""CON-004"",""DATA-001"",""DATA-002"",""FND-002"",""LIF-003"",""OPS-001"",""OPS-003"",""OPS-004"",""QA-001"",""SCN-001""]","[""DATA-002"",""DATA-003"",""QA-002"",""OPS-004""]",
SIPMIG-008,P1,NOT_STARTED,MIGRATION_FROM_1.0.md,154,9. Normative requirements,Compatibility APIs shall translate read behavior conservatively and shall prevent v1.0 clients from bypassing v1.1 authority or publication rules.,API compatibility test,UNASSIGNED,CONTROLLED_POST_P0_MILESTONE,NOT_REQUIRED,NONE,,[],"[""REQ-SIPMIG-008""]",[],"[""CON-004"",""DATA-001"",""DATA-002"",""FND-002"",""LIF-003"",""OPS-001"",""OPS-003"",""OPS-004"",""QA-001"",""SCN-001""]","[""DATA-002"",""DATA-003"",""QA-002"",""OPS-004""]",
SIPMIG-009,P1,NOT_STARTED,MIGRATION_FROM_1.0.md,155,9. Normative requirements,Down-level exports shall report omitted or degraded v1.1 content and shall not relabel proxy/design/generated assets as metric or observed.,Export compatibility test,UNASSIGNED,CONTROLLED_POST_P0_MILESTONE,NOT_REQUIRED,NONE,,[],"[""REQ-SIPMIG-009""]",[],"[""CON-004"",""DATA-001"",""DATA-002"",""FND-002"",""LIF-003"",""OPS-001"",""OPS-003"",""OPS-004"",""QA-001"",""SCN-001""]","[""DATA-002"",""DATA-003"",""QA-002"",""OPS-004""]",
SIPMIG-010,P1,NOT_STARTED,MIGRATION_FROM_1.0.md,156,9. Normative requirements,"Migration shall produce a signed report of asset mappings, quarantines, unresolved anchors, policy diffs, validation results, and rollback evidence.",Audit report review,UNASSIGNED,CONTROLLED_POST_P0_MILESTONE,NOT_REQUIRED,NONE,,[],"[""REQ-SIPMIG-010""]",[],"[""CON-004"",""DATA-001"",""DATA-002"",""FND-002"",""LIF-003"",""OPS-001"",""OPS-003"",""OPS-004"",""QA-001"",""SCN-001""]","[""DATA-002"",""DATA-003"",""QA-002"",""OPS-004""]",
REPOHYB-001,P0,NOT_STARTED,REPOSITORY_BLUEPRINT.md,184,Version 1.1 hybrid-representation additions,"Provider registry, provider worker, quarantine/quality, publisher, and hybrid runtime shall be separate least-privilege boundaries.",Architecture test,UNASSIGNED,FIRST_PRODUCTION_BLOCKING,NOT_REQUIRED,NONE,,[],"[""REQ-REPOHYB-001""]",[],"[""GOV-001""]","[""FND-001"",""GOV-002""]",
REPOHYB-002,P0,NOT_STARTED,REPOSITORY_BLUEPRINT.md,185,Version 1.1 hybrid-representation additions,Provider-specific code and fields shall remain inside adapters/SDK extensions and shall not leak into domain schemas.,Dependency and contract test,UNASSIGNED,FIRST_PRODUCTION_BLOCKING,NOT_REQUIRED,NONE,,[],"[""REQ-REPOHYB-002""]",[],"[""GOV-001""]","[""FND-001"",""GOV-002""]",
REPOHYB-003,P0,NOT_STARTED,REPOSITORY_BLUEPRINT.md,186,Version 1.1 hybrid-representation additions,The representation publisher shall be the only component permitted to attach accepted derived assets to scene commits.,Authorization test,UNASSIGNED,FIRST_PRODUCTION_BLOCKING,NOT_REQUIRED,NONE,,[],"[""REQ-REPOHYB-003""]",[],"[""GOV-001""]","[""FND-001"",""GOV-002""]",
REPOHYB-004,P1,NOT_STARTED,REPOSITORY_BLUEPRINT.md,187,Version 1.1 hybrid-representation additions,"Local, research-shadow, private managed, and manual fixture providers shall conform to the same core contract suite.",Adapter conformance test,UNASSIGNED,CONTROLLED_POST_P0_MILESTONE,NOT_REQUIRED,NONE,,[],"[""REQ-REPOHYB-004""]",[],"[""GOV-001""]","[""FND-001"",""GOV-002""]",
REPOHYB-005,P1,NOT_STARTED,REPOSITORY_BLUEPRINT.md,188,Version 1.1 hybrid-representation additions,Benchmark fixtures and reports shall be versioned independently from production customer data.,Repository/CI test,UNASSIGNED,CONTROLLED_POST_P0_MILESTONE,NOT_REQUIRED,NONE,,[],"[""REQ-REPOHYB-005""]",[],"[""GOV-001""]","[""FND-001"",""GOV-002""]",
REPOHYB-006,P1,NOT_STARTED,REPOSITORY_BLUEPRINT.md,189,Version 1.1 hybrid-representation additions,"Third-party provider source, patches, licenses, models, build images, and approvals shall be locked in the third-party manifest.",Supply-chain test,UNASSIGNED,CONTROLLED_POST_P0_MILESTONE,NOT_REQUIRED,NONE,,[],"[""REQ-REPOHYB-006""]",[],"[""GOV-001""]","[""FND-001"",""GOV-002""]",
